Acorn,Date,nb_pts,nb_clients,Conso_kWh,temperatureMax,temperatureMin,temperatureHigh,temperatureLow,temperatureMean,temperatureRange,apparentTemperatureMax,apparentTemperatureMin,humidity,windSpeed,cloudCover,pressure,visibility,uvIndex,moonPhase,icon,precipType,is_holiday,weekday,is_weekend,month,dayofyear,weekofyear,lag_1,lag_7,lag_14,rolling_7_mean,rolling_28_mean
ACORN-E,2012-07-01,48,1341.02083333333,8.50171356600086,17.58,12.47,17.58,15.43,15.024999999999999,5.109999999999998,17.58,12.47,0.83,4.51,0.56,1015.49,11.97,6.0,0.45,partly-cloudy-day,rain,0,6,1,7,183,26,,,,,
ACORN-E,2012-07-02,48,1348.77083333333,8.72765027923651,18.81,15.43,18.81,15.95,17.119999999999997,3.379999999999999,18.81,15.52,0.9,3.64,0.78,1013.77,11.54,5.0,0.49,partly-cloudy-day,rain,0,0,0,7,184,27,8.50171356600086,,,,
ACORN-E,2012-07-03,48,1339.77083333333,8.48988934954563,21.44,15.95,21.44,15.2,18.695,5.490000000000002,21.44,16.12,0.85,3.35,0.66,1009.62,11.02,6.0,0.53,partly-cloudy-day,rain,0,1,0,7,185,27,8.72765027923651,,,8.614681922618685,
ACORN-E,2012-07-04,48,1339.10416666667,8.17353877763288,22.33,15.2,22.33,14.78,18.765,7.129999999999999,22.33,15.2,0.71,1.35,0.48,1009.33,12.73,6.0,0.56,partly-cloudy-day,rain,0,2,0,7,186,27,8.48988934954563,,,8.573084398261,
ACORN-E,2012-07-05,48,1375.54166666667,8.1592572700775,18.7,14.78,18.7,13.42,16.74,3.92,18.7,14.78,0.82,2.46,0.39,1007.45,11.89,5.0,0.6,partly-cloudy-day,rain,1,3,0,7,187,27,8.17353877763288,,,8.47319799310397,
ACORN-E,2012-07-06,48,1393.125,8.34319407169233,18.65,13.42,18.65,14.28,16.035,5.229999999999999,18.65,13.42,0.81,3.33,0.54,1007.26,11.28,6.0,0.63,partly-cloudy-day,rain,0,4,0,7,188,27,8.1592572700775,,,8.410409848498677,
ACORN-E,2012-07-07,48,1411.6875,8.36175406950066,18.77,14.28,18.77,14.38,16.525,4.49,18.77,14.28,0.89,1.08,0.55,1005.49,10.94,6.0,0.67,partly-cloudy-day,rain,0,5,1,7,189,27,8.34319407169233,,,8.39920721903095,
ACORN-E,2012-07-08,48,1418.27083333333,8.98856795578906,18.0,14.38,18.0,13.96,16.19,3.619999999999999,18.0,14.38,0.85,3.31,0.61,1010.95,11.28,5.0,0.7,partly-cloudy-day,rain,0,6,1,7,190,27,8.36175406950066,8.50171356600086,,8.393856769098052,8.393856769098052
ACORN-E,2012-07-09,48,1432.85416666667,8.62759025264418,17.46,13.28,17.46,12.07,15.370000000000001,4.1800000000000015,17.46,13.28,0.84,3.33,0.55,1010.77,12.18,6.0,0.73,partly-cloudy-day,rain,0,0,0,7,191,28,8.98856795578906,8.72765027923651,,8.463407396210654,8.46819566743443
ACORN-E,2012-07-10,48,1457.20833333333,8.42082828150929,18.75,12.07,18.75,10.04,15.41,6.68,18.75,12.07,0.79,4.03,0.48,1010.87,13.0,6.0,0.76,partly-cloudy-day,rain,0,1,0,7,192,28,8.62759025264418,8.48988934954563,,8.449113106697462,8.48590617690218
ACORN-E,2012-07-11,48,1476.375,8.31229351922195,18.67,10.04,18.67,13.15,14.355,8.630000000000003,18.67,10.04,0.8,3.27,0.5,1012.07,12.34,6.0,0.79,partly-cloudy-day,rain,0,2,0,7,193,28,8.42082828150929,8.17353877763288,,8.43924723983513,8.47939838736289
ACORN-E,2012-07-12,48,1490.25,8.23480078267337,19.26,14.21,19.26,13.66,16.735,5.050000000000001,19.26,14.21,0.83,4.59,0.58,1002.07,12.26,6.0,0.82,partly-cloudy-day,rain,0,3,0,7,194,28,8.31229351922195,8.1592572700775,,8.459069345776424,8.464207035713715
ACORN-E,2012-07-13,48,1503.04166666667,8.16999570134805,16.44,13.13,16.44,12.44,14.785,3.3100000000000005,16.44,13.13,0.88,1.68,0.63,1004.61,11.91,5.0,0.85,partly-cloudy-day,rain,0,4,0,7,195,28,8.23480078267337,8.34319407169233,,8.469861276147265,8.445089847960352
ACORN-E,2012-07-14,48,1514.27083333333,8.37154480601552,18.26,12.44,18.26,13.05,15.350000000000001,5.820000000000002,18.26,12.44,0.69,3.45,0.39,1015.16,11.97,6.0,0.88,partly-cloudy-day,rain,0,5,1,7,196,28,8.16999570134805,8.36175406950066,,8.445118651812365,8.423928759759406
ACORN-E,2012-07-15,48,1518.8125,8.38424893887832,17.06,13.05,16.94,13.92,15.055,4.009999999999998,17.15,13.05,0.85,5.27,0.68,1019.8,12.21,5.0,0.91,partly-cloudy-day,rain,0,6,1,7,197,28,8.37154480601552,8.98856795578906,8.50171356600086,8.446517328457345,8.4201870487777
ACORN-E,2012-07-16,48,1518.625,8.52240390492448,22.44,13.92,22.44,14.91,18.18,8.520000000000001,22.48,13.92,0.77,4.9,0.55,1022.06,12.81,5.0,0.94,partly-cloudy-day,rain,0,0,0,7,198,29,8.38424893887832,8.62759025264418,8.72765027923651,8.36018604032724,8.417791174784407
ACORN-E,2012-07-17,48,1518.47916666667,8.06810189135483,18.52,14.91,18.52,13.77,16.715,3.6099999999999994,18.52,14.91,0.85,5.3,0.72,1013.52,12.47,5.0,0.97,partly-cloudy-day,rain,0,1,0,7,199,29,8.52240390492448,8.42082828150929,8.48988934954563,8.345159419224427,8.424329470418161
ACORN-E,2012-07-18,48,1519.39583333333,8.24442489808782,20.18,13.77,20.18,13.12,16.975,6.41,20.18,13.77,0.73,4.41,0.48,1010.4,12.96,6.0,0.01,partly-cloudy-day,rain,0,2,0,7,200,29,8.06810189135483,8.31229351922195,8.17353877763288,8.294769934916646,8.40337490694385
ACORN-E,2012-07-19,48,1519.9375,8.0712780460735,17.77,13.12,17.77,11.83,15.445,4.65,17.77,13.12,0.79,1.52,0.54,1016.21,12.18,5.0,0.04,partly-cloudy-day,rain,0,3,0,7,201,29,8.24442489808782,8.23480078267337,8.1592572700775,8.28507441761177,8.39454435089629
ACORN-E,2012-07-20,48,1521.33333333333,8.09502295271336,19.89,11.83,19.89,12.24,15.86,8.06,19.89,11.83,0.7,0.9,0.36,1023.63,12.5,6.0,0.07,partly-cloudy-day,rain,0,4,0,7,202,29,8.0712780460735,8.16999570134805,8.34319407169233,8.261714026668932,8.377530334852986
ACORN-E,2012-07-21,48,1521.97916666667,7.97360211467229,22.86,12.24,22.86,12.47,17.55,10.62,22.86,12.24,0.66,3.0,0.22,1026.73,12.6,6.0,0.11,partly-cloudy-day,rain,0,5,1,7,203,29,8.09502295271336,8.37154480601552,8.36175406950066,8.251003634006832,8.363404965746005
ACORN-E,2012-07-22,48,1522.0,8.07427463758213,27.18,12.47,27.18,14.21,19.825,14.709999999999999,27.18,12.47,0.58,3.21,0.19,1023.04,12.71,6.0,0.14,partly-cloudy-day,rain,0,6,1,7,204,29,7.97360211467229,8.38424893887832,8.98856795578906,8.194154678100658,8.344842925218686
ACORN-E,2012-07-23,48,1520.02083333333,7.80939622971406,28.32,14.21,28.32,15.74,21.265,14.11,28.32,14.21,0.58,0.87,0.02,1018.25,12.31,7.0,0.18,clear-day,rain,0,0,0,7,205,30,8.07427463758213,8.52240390492448,8.62759025264418,8.149872635058344,8.332544366689751
ACORN-E,2012-07-24,48,1520.1875,7.73662661686905,29.37,15.74,29.37,15.93,22.555,13.63,29.37,15.74,0.57,0.81,0.2,1016.59,12.31,6.0,0.22,partly-cloudy-day,rain,0,1,0,7,206,30,7.80939622971406,8.06810189135483,8.42082828150929,8.04801439574257,8.309798795516894
ACORN-E,2012-07-25,48,1520.83333333333,7.88533699590507,26.44,15.93,26.44,15.93,21.185000000000002,10.510000000000002,26.44,15.93,0.61,2.8,0.12,1018.08,11.7,6.0,0.26,partly-cloudy-day,rain,0,2,0,7,207,30,7.73662661686905,8.24442489808782,8.31229351922195,8.000660785101745,8.28591662140657
ACORN-E,2012-07-26,48,1521.9375,7.7541863372174,23.79,15.93,23.79,15.02,19.86,7.859999999999999,23.79,16.01,0.75,1.48,0.36,1012.66,9.75,5.0,0.29,partly-cloudy-night,rain,0,3,0,7,208,30,7.88533699590507,8.0712780460735,8.23480078267337,7.9493625133613515,8.269893436386507
ACORN-E,2012-07-27,48,1521.875,7.99279630868773,21.09,14.93,21.09,10.97,18.009999999999998,6.16,21.09,14.93,0.55,2.52,0.44,1010.56,13.26,6.0,0.33,partly-cloudy-day,rain,0,4,0,7,209,30,7.7541863372174,8.09502295271336,8.16999570134805,7.9040636978104795,8.250058547956927
ACORN-E,2012-07-28,48,1521.02083333333,7.82572019141558,17.92,10.97,17.92,9.86,14.445,6.950000000000001,17.92,10.97,0.75,3.53,0.3,1011.76,12.97,5.0,0.37,partly-cloudy-day,rain,0,5,1,7,210,30,7.99279630868773,7.97360211467229,8.37154480601552,7.8894598915211045,8.240530316872883
ACORN-E,2012-07-29,48,1521.0,8.26708415601578,19.69,9.86,19.69,11.52,14.775,9.830000000000002,19.69,8.53,0.65,4.22,0.31,1015.19,12.92,5.0,0.41,partly-cloudy-day,rain,0,6,1,7,211,30,7.82572019141558,8.07427463758213,8.38424893887832,7.868333902484431,8.225715669535122
ACORN-E,2012-07-30,48,1521.8125,7.84197417662368,20.19,11.52,20.19,13.69,15.855,8.670000000000002,20.19,11.52,0.84,3.03,0.53,1014.62,11.57,5.0,0.44,partly-cloudy-day,rain,0,0,0,7,212,31,8.26708415601578,7.80939622971406,8.52240390492448,7.895878119403524,8.21733604774994
ACORN-E,2012-07-31,48,1520.91666666667,7.99475320955583,22.57,13.69,22.57,15.61,18.13,8.88,22.57,13.69,0.79,3.24,0.41,1009.58,11.3,5.0,0.48,partly-cloudy-day,rain,0,1,0,7,213,31,7.84197417662368,7.73662661686905,8.06810189135483,7.900532111819184,8.18570475837091
ACORN-E,2012-08-01,48,1520.91666666667,7.8848090891369,21.29,15.61,21.29,13.09,18.45,5.68,21.29,15.61,0.74,4.71,0.45,1010.31,12.63,4.0,0.52,partly-cloudy-day,rain,0,2,0,8,214,31,7.99475320955583,7.88533699590507,8.24442489808782,7.937407339345867,8.168021324799847
ACORN-E,2012-08-02,48,1521.72916666667,7.69172213329506,21.77,13.09,21.77,14.36,17.43,8.68,21.77,13.09,0.73,4.37,0.33,1012.49,12.63,5.0,0.55,partly-cloudy-day,rain,0,3,0,8,215,31,7.8848090891369,7.7541863372174,8.0712780460735,7.937331924093272,8.157709550210706
ACORN-E,2012-08-03,48,1522.91666666667,7.795282179157,21.04,14.36,21.04,12.98,17.7,6.68,21.04,14.36,0.77,3.97,0.41,1010.03,12.89,5.0,0.58,partly-cloudy-day,rain,0,4,0,8,216,31,7.69172213329506,7.99279630868773,8.09502295271336,7.9284084663900805,8.141011866754189
ACORN-E,2012-08-04,48,1522.58333333333,7.94268837389163,20.69,12.98,20.69,14.77,16.835,7.710000000000001,20.69,12.98,0.79,2.23,0.34,1007.24,11.99,5.0,0.62,partly-cloudy-day,rain,0,5,1,8,217,31,7.795282179157,7.82572019141558,7.97360211467229,7.900192162171405,8.121443584877927
ACORN-E,2012-08-05,48,1522.875,8.37991468243255,20.95,14.77,20.95,11.49,17.86,6.18,20.95,14.77,0.77,3.26,0.41,1009.08,12.78,5.0,0.65,partly-cloudy-day,rain,0,6,1,8,218,31,7.94268837389163,8.26708415601578,8.07427463758213,7.916901902525126,8.10647695289189
ACORN-E,2012-08-06,48,1523.97916666667,8.00973388305635,19.32,11.49,19.32,14.84,15.405000000000001,7.83,19.32,11.49,0.78,3.83,0.46,1019.52,12.89,5.0,0.68,partly-cloudy-day,rain,0,0,0,8,219,32,8.37991468243255,7.84197417662368,7.80939622971406,7.933020549156093,8.084739335986301
ACORN-E,2012-08-07,48,1521.77083333333,8.00964217991407,22.8,15.03,22.8,13.33,18.915,7.770000000000001,22.8,15.03,0.77,1.73,0.54,1022.61,11.43,4.0,0.71,partly-cloudy-day,rain,0,1,0,8,220,32,8.00973388305635,7.99475320955583,7.73662661686905,7.956986221503618,8.062673037072448
ACORN-E,2012-08-08,48,1521.85416666667,7.75897328452718,25.92,13.33,25.92,14.5,19.625,12.590000000000002,25.92,13.33,0.69,0.52,0.27,1025.62,11.47,5.0,0.74,partly-cloudy-day,rain,0,2,0,8,221,32,8.00964217991407,7.8848090891369,7.88533699590507,7.9591132172690795,8.047987819158335
ACORN-E,2012-08-09,48,1520.875,7.6371585716167,24.99,14.5,24.99,15.21,19.744999999999997,10.489999999999998,24.99,14.5,0.7,0.55,0.23,1026.05,11.7,5.0,0.77,partly-cloudy-day,rain,0,3,0,8,222,32,7.75897328452718,7.69172213329506,7.7541863372174,7.941136673753405,8.02822638220495
ACORN-E,2012-08-10,48,1522.66666666667,7.68725346354972,22.91,15.21,22.91,16.03,19.060000000000002,7.699999999999999,22.91,15.21,0.67,4.3,0.24,1020.96,11.97,5.0,0.8,partly-cloudy-day,rain,0,4,0,8,223,32,7.6371585716167,7.795282179157,7.99279630868773,7.9333418792279256,8.006882017524354
ACORN-E,2012-08-11,48,1522.72916666667,7.73363596649591,25.13,16.03,25.13,15.26,20.58,9.099999999999998,25.13,16.03,0.7,2.43,0.24,1012.34,11.18,5.0,0.83,partly-cloudy-day,rain,0,5,1,8,224,32,7.68725346354972,7.94268837389163,7.82572019141558,7.917909205569742,7.989641223317271
ACORN-E,2012-08-12,48,1523.95833333333,8.0929491666132,22.68,15.26,22.68,17.62,18.97,7.42,22.68,15.26,0.79,2.92,0.42,1011.16,12.04,4.0,0.86,partly-cloudy-day,rain,0,6,1,8,225,32,7.73363596649591,8.37991468243255,8.26708415601578,7.888044575941783,7.966858764762999
ACORN-E,2012-08-13,48,1523.85416666667,7.83135366092229,23.97,17.62,23.97,17.87,20.795,6.349999999999998,23.97,17.81,0.75,2.31,0.44,1011.08,11.8,5.0,0.89,partly-cloudy-day,rain,0,0,0,8,226,33,8.0929491666132,8.00973388305635,7.84197417662368,7.847049502253304,7.956455201467817
ACORN-E,2012-08-14,48,1522.41666666667,7.64852163368753,22.57,17.38,22.57,16.02,19.975,5.190000000000001,22.79,17.38,0.77,2.67,0.26,1006.5,11.96,5.0,0.92,partly-cloudy-day,rain,0,1,0,8,227,33,7.83135366092229,8.00964217991407,7.99475320955583,7.821566613377009,7.931774835610596
ACORN-E,2012-08-15,48,1521.91666666667,7.86948073338728,21.67,16.02,21.67,17.92,18.845,5.650000000000002,21.67,16.02,0.71,4.22,0.42,1014.08,12.84,4.0,0.95,partly-cloudy-day,rain,0,2,0,8,228,33,7.64852163368753,7.75897328452718,7.8848090891369,7.769977963916076,7.916789826408191
ACORN-E,2012-08-16,48,1522.95833333333,7.67701375506604,27.23,17.92,27.23,20.54,22.575000000000003,9.309999999999999,27.23,17.92,0.63,3.71,0.45,1013.84,13.08,4.0,0.98,partly-cloudy-day,rain,0,3,0,8,229,33,7.86948073338728,7.6371585716167,7.69172213329506,7.785764742324661,7.903398963383173
ACORN-E,2012-08-17,48,1521.45833333333,7.41106305577526,29.86,20.54,29.86,17.97,25.2,9.32,30.6,20.54,0.59,2.17,0.23,1013.75,12.87,5.0,0.03,partly-cloudy-day,rain,0,4,0,8,230,33,7.67701375506604,7.68725346354972,7.795282179157,7.791458339960281,7.889318095847193
ACORN-E,2012-08-18,48,1522.91666666667,7.62444782249128,28.88,17.97,28.88,16.96,23.424999999999997,10.91,29.5,18.33,0.72,0.76,0.21,1015.16,12.28,4.0,0.06,partly-cloudy-day,rain,0,5,1,8,231,33,7.41106305577526,7.73363596649591,7.94268837389163,7.752002567421073,7.864890956670831
ACORN-E,2012-08-19,48,1520.97916666667,7.87956474509692,24.54,16.96,24.54,16.27,20.75,7.579999999999998,24.54,17.05,0.75,2.78,0.34,1019.31,12.5,4.0,0.1,partly-cloudy-day,rain,0,6,1,8,232,33,7.62444782249128,8.0929491666132,8.37991468243255,7.736404261134697,7.8524211605215095
ACORN-E,2012-08-20,48,1519.91666666667,7.77197096745722,22.09,16.27,22.09,13.16,19.18,5.82,22.09,16.36,0.75,2.54,0.34,1017.69,12.52,4.0,0.13,partly-cloudy-day,rain,0,0,0,8,233,34,7.87956474509692,7.83135366092229,8.00973388305635,7.705920772346658,7.845467235789895
ACORN-E,2012-08-21,48,1521.45833333333,7.7285193349415,21.48,13.16,21.48,12.96,17.32,8.32,21.48,13.16,0.72,4.6,0.34,1017.28,12.87,4.0,0.17,partly-cloudy-day,rain,0,1,0,8,234,34,7.77197096745722,7.64852163368753,8.00964217991407,7.697437530423075,7.844130619280722
ACORN-E,2012-08-22,48,1521.95833333333,7.59440486641175,22.04,12.96,22.04,14.07,17.5,9.079999999999998,22.04,12.96,0.7,2.6,0.37,1014.56,12.83,4.0,0.21,partly-cloudy-day,rain,0,2,0,8,235,34,7.7285193349415,7.86948073338728,7.75897328452718,7.708865773459357,7.843841073497594
ACORN-E,2012-08-23,48,1523.91666666667,7.56183429561669,20.27,14.07,20.27,15.58,17.17,6.199999999999999,20.27,14.07,0.76,2.88,0.44,1005.28,12.34,4.0,0.25,partly-cloudy-day,rain,0,3,0,8,236,34,7.59440486641175,7.67701375506604,7.6371585716167,7.669569221034282,7.833450640301406
ACORN-E,2012-08-24,48,1521.89583333333,7.57671459001978,20.93,15.04,20.93,14.26,17.985,5.890000000000001,20.93,15.04,0.88,3.94,0.52,1001.05,12.3,4.0,0.28,partly-cloudy-day,rain,0,4,0,8,237,34,7.56183429561669,7.41106305577526,7.68725346354972,7.653115012541518,7.82658092452995
ACORN-E,2012-08-25,48,1520.04166666667,7.8198234837277,21.01,14.26,21.01,12.62,17.635,6.750000000000002,21.01,14.26,0.69,4.39,0.51,1014.38,13.2,4.0,0.32,partly-cloudy-day,rain,0,5,1,8,238,34,7.57671459001978,7.62444782249128,7.73363596649591,7.676779517433592,7.811720863148952
ACORN-E,2012-08-26,48,1522.91666666667,7.64153750364866,20.99,12.62,20.99,14.97,16.805,8.37,20.99,12.62,0.75,3.82,0.32,1014.33,12.46,4.0,0.36,partly-cloudy-day,rain,0,6,1,8,239,34,7.8198234837277,7.87956474509692,8.0929491666132,7.704690326181651,7.811510266445814
ACORN-E,2012-08-27,48,1523.72916666667,8.0578797164911,22.5,14.97,22.5,14.74,18.735,7.529999999999999,22.5,14.97,0.75,4.17,0.39,1012.79,12.63,4.0,0.39,partly-cloudy-day,rain,1,0,0,8,240,35,7.64153750364866,7.77197096745722,7.83135366092229,7.670686434546186,7.78916931457556
ACORN-E,2012-08-28,48,1522.0,7.83573753416743,19.69,13.66,19.69,14.09,16.675,6.030000000000001,19.69,13.66,0.85,4.15,0.36,1012.74,11.84,3.0,0.43,partly-cloudy-day,rain,0,1,0,8,241,35,8.0578797164911,7.7285193349415,7.64852163368753,7.711530541551026,7.796880226713682
ACORN-E,2012-08-29,48,1522.16666666667,8.14192341413161,16.92,11.25,16.92,7.78,14.085,5.670000000000002,16.92,11.25,0.8,2.65,0.4,1016.19,12.33,3.0,0.46,partly-cloudy-day,rain,0,2,0,8,242,35,7.83573753416743,7.59440486641175,7.86948073338728,7.7268474271547305,7.791201095449812
ACORN-E,2012-08-30,48,1524.1875,8.23381399806165,17.72,7.78,17.72,13.11,12.75,9.939999999999998,17.72,5.92,0.6,3.21,0.33,1028.62,13.02,4.0,0.49,partly-cloudy-day,rain,0,3,0,8,243,35,8.14192341413161,7.56183429561669,7.67701375506604,7.805064362543281,7.800383749913907
ACORN-E,2012-08-31,48,1522.02083333333,7.91796462501529,20.53,13.11,20.53,12.57,16.82,7.420000000000002,20.53,13.11,0.72,2.53,0.55,1026.14,13.15,3.0,0.54,partly-cloudy-day,rain,0,4,0,8,244,35,8.23381399806165,7.57671459001978,7.41106305577526,7.901061462892562,7.819744173655571
ACORN-E,2012-09-01,48,1523.54166666667,8.01117529705142,18.35,12.57,18.35,15.69,15.46,5.780000000000001,18.37,12.57,0.87,3.11,0.56,1024.58,12.07,3.0,0.57,partly-cloudy-day,rain,0,5,1,9,245,35,7.91796462501529,7.8198234837277,7.62444782249128,7.949811467891919,7.824125689579082
ACORN-E,2012-09-02,48,1523.375,8.77766274119923,24.34,15.69,24.34,13.71,20.015,8.65,24.34,15.69,0.72,1.15,0.5,1025.68,10.48,3.0,0.6,partly-cloudy-day,rain,0,6,1,9,246,35,8.01117529705142,7.64153750364866,7.87956474509692,7.977147441223879,7.826571651120503
ACORN-E,2012-09-03,48,1524.97916666667,8.17533891948741,24.79,13.71,24.79,12.07,19.25,11.079999999999998,24.79,13.71,0.77,1.9,0.42,1023.55,11.41,3.0,0.63,partly-cloudy-day,rain,0,0,0,9,247,36,8.77766274119923,8.0578797164911,7.77197096745722,8.139451046588247,7.840776938933599
ACORN-E,2012-09-04,48,1524.45833333333,8.16020262626859,19.97,12.07,19.97,8.67,16.02,7.899999999999999,19.97,12.07,0.6,3.26,0.27,1026.74,12.5,3.0,0.66,partly-cloudy-day,rain,1,1,0,9,248,36,8.17533891948741,7.83573753416743,7.7285193349415,8.156230932730576,7.8466914045204215
ACORN-E,2012-09-05,48,1524.97916666667,8.0343441008399,20.76,8.67,20.76,11.46,14.715,12.090000000000002,20.76,8.67,0.67,1.88,0.46,1028.3,12.41,3.0,0.69,partly-cloudy-day,rain,0,2,0,9,249,36,8.16020262626859,8.14192341413161,7.59440486641175,8.202583088745028,7.852068563318798
ACORN-E,2012-09-06,48,1524.5,7.92850128224785,25.76,11.46,25.76,10.41,18.61,14.3,25.76,11.46,0.63,2.97,0.18,1024.47,11.75,3.0,0.72,partly-cloudy-day,rain,0,3,0,9,250,36,8.0343441008399,8.23381399806165,7.56183429561669,8.187214615417641,7.861903235329967
ACORN-E,2012-09-07,48,1525.0,7.84642032839344,27.12,10.41,27.12,11.32,18.765,16.71,27.12,10.41,0.62,1.39,0.14,1020.6,12.36,4.0,0.75,partly-cloudy-day,rain,0,4,0,9,251,36,7.92850128224785,7.91796462501529,7.57671459001978,8.143598513158526,7.872308332138222
ACORN-E,2012-09-08,48,1524.9375,7.98876899444685,27.78,11.32,27.78,16.93,19.55,16.46,27.78,11.32,0.67,2.97,0.22,1011.85,12.2,3.0,0.78,partly-cloudy-day,rain,0,5,1,9,252,36,7.84642032839344,8.01117529705142,7.8198234837277,8.133377899355406,7.877992863025497
ACORN-E,2012-09-09,48,1523.79166666667,8.34107382679113,20.21,16.93,20.21,14.77,18.57,3.280000000000001,20.21,16.93,0.78,5.69,0.59,1010.15,12.65,3.0,0.81,partly-cloudy-day,rain,0,6,1,9,253,36,7.98876899444685,8.77766274119923,7.64153750364866,8.130176998983325,7.887104756880888
ACORN-E,2012-09-10,48,1525.0,8.4566006557377,17.82,11.73,17.82,8.24,14.775,6.09,17.82,11.73,0.62,4.84,0.37,1012.33,13.18,3.0,0.84,partly-cloudy-day,rain,0,0,0,9,254,37,8.34107382679113,8.17533891948741,8.0578797164911,8.067807154067882,7.895966351887242
ACORN-E,2012-09-11,48,1525.08333333333,8.15379090243284,17.92,8.24,17.92,8.62,13.080000000000002,9.680000000000001,17.92,6.77,0.72,3.93,0.34,1014.64,13.16,3.0,0.87,partly-cloudy-day,rain,0,1,0,9,255,37,8.4566006557377,8.16020262626859,7.83573753416743,8.107987402103637,7.918296601702079
ACORN-E,2012-09-12,48,1525.97916666667,8.3301211178588,17.64,8.62,17.64,13.61,13.129999999999999,9.020000000000001,17.64,7.17,0.68,2.92,0.37,1018.75,12.96,3.0,0.9,partly-cloudy-day,rain,0,2,0,9,256,37,8.15379090243284,8.0343441008399,8.14192341413161,8.107071441555673,7.9363419327286975
ACORN-E,2012-09-13,48,1525.875,8.3286883202445,20.69,13.61,20.69,9.69,17.15,7.080000000000002,20.69,13.61,0.68,5.42,0.56,1013.51,13.31,3.0,0.94,wind,rain,0,3,0,9,257,37,8.3301211178588,7.92850128224785,8.23381399806165,8.149325301129801,7.952793375031251
ACORN-E,2012-09-14,48,1525.95833333333,8.24396900280166,21.12,9.69,21.12,12.98,15.405000000000001,11.430000000000001,21.12,8.97,0.7,2.87,0.22,1017.25,12.92,3.0,0.97,partly-cloudy-day,rain,0,4,0,9,258,37,8.3286883202445,7.84642032839344,7.91796462501529,8.206494877986467,7.976067466644769
ACORN-E,2012-09-15,48,1526.0,8.22805111415465,18.31,12.98,18.31,13.29,15.645,5.329999999999998,18.31,12.98,0.76,3.88,0.66,1013.26,12.55,2.0,0.02,partly-cloudy-day,rain,0,5,1,9,259,37,8.24396900280166,7.98876899444685,8.01117529705142,8.263287545759068,8.005814107609996
ACORN-E,2012-09-16,48,1525.97916666667,8.86154918563058,18.72,13.29,18.72,11.43,16.005,5.43,18.72,13.29,0.71,4.04,0.55,1012.36,13.07,3.0,0.05,partly-cloudy-day,rain,0,6,1,9,260,37,8.22805111415465,8.34107382679113,8.77766274119923,8.297470705717325,8.027371368026545
ACORN-E,2012-09-17,48,1525.0,8.68758639515384,17.19,10.97,17.19,7.35,14.080000000000002,6.220000000000001,17.19,10.97,0.64,4.39,0.28,1013.39,13.02,3.0,0.08,partly-cloudy-day,rain,0,0,0,9,261,38,8.86154918563058,8.4566006557377,8.17533891948741,8.371824328408676,8.062442240902747
ACORN-E,2012-09-18,48,1526.83333333333,8.47381622568208,16.3,7.35,16.3,9.07,11.825,8.950000000000001,16.3,5.17,0.63,3.65,0.27,1021.81,12.99,3.0,0.12,partly-cloudy-day,rain,0,1,0,9,262,38,8.68758639515384,8.15379090243284,8.16020262626859,8.40482229118241,8.095142791891913
ACORN-E,2012-09-19,48,1526.0,8.65275224398452,17.38,9.07,17.38,10.34,13.225,8.309999999999999,17.38,8.07,0.7,3.17,0.45,1020.9,13.0,2.0,0.16,partly-cloudy-day,rain,0,2,0,9,263,38,8.47381622568208,8.3301211178588,8.0343441008399,8.450540194503729,8.12176053798979
ACORN-E,2012-09-20,48,1525.5625,8.73173747947996,16.32,10.34,16.32,6.59,13.33,5.98,16.32,10.34,0.76,1.47,0.43,1015.46,12.54,2.0,0.2,partly-cloudy-day,rain,0,3,0,9,264,38,8.65275224398452,8.3286883202445,7.92850128224785,8.496630355378832,8.159558658617389
ACORN-E,2012-09-21,48,1527.97916666667,8.92216311144752,15.62,6.59,15.62,8.85,11.105,9.03,15.62,5.43,0.69,1.98,0.28,1019.37,12.97,2.0,0.23,partly-cloudy-day,rain,0,4,0,9,265,38,8.73173747947996,8.24396900280166,7.84642032839344,8.554208806698185,8.201340915183936
ACORN-E,2012-09-22,48,1527.0,8.91642403065745,12.31,8.85,12.31,10.96,10.58,3.460000000000001,12.31,7.69,0.86,4.46,0.48,1009.6,10.62,2.0,0.27,fog,rain,0,5,1,9,266,38,8.92216311144752,8.22805111415465,7.98876899444685,8.651093679361878,8.24939264809207
ACORN-E,2012-09-23,48,1526.625,10.5689685485921,15.2,11.51,15.2,9.74,13.355,3.6899999999999995,15.2,11.51,0.88,2.53,0.66,989.47,8.1,2.0,0.31,wind,rain,0,6,1,9,267,38,8.91642403065745,8.86154918563058,8.34107382679113,8.749432667433707,8.28855695333956
ACORN-E,2012-09-24,48,1529.14583333333,9.80675196219801,15.47,9.74,15.47,10.07,12.605,5.73,15.47,7.49,0.78,4.92,0.28,988.79,13.13,2.0,0.34,partly-cloudy-day,rain,0,0,0,9,268,39,10.5689685485921,8.68758639515384,8.4566006557377,8.993349719285353,8.393108062087538
ACORN-E,2012-09-25,48,1529.77083333333,9.44463016845665,15.14,10.07,15.14,10.57,12.605,5.07,15.14,10.07,0.88,2.57,0.39,992.07,12.44,2.0,0.38,partly-cloudy-day,rain,0,1,0,9,269,39,9.80675196219801,8.47381622568208,8.15379090243284,9.153230514577377,8.455567785148501
ACORN-E,2012-09-26,48,1525.75,9.47987261528339,16.61,10.57,16.61,9.03,13.59,6.039999999999999,16.61,10.57,0.82,2.17,0.48,1006.39,11.41,2.0,0.41,partly-cloudy-day,rain,0,2,0,9,270,39,9.44463016845665,8.65275224398452,8.3301211178588,9.29191822068803,8.513028236373115
ACORN-E,2012-09-27,48,1530.0,9.40962374997569,17.07,9.03,17.07,8.74,13.05,8.040000000000001,17.07,7.44,0.85,4.08,0.39,1012.91,12.84,2.0,0.45,partly-cloudy-day,rain,0,3,0,9,271,39,9.47987261528339,8.73173747947996,8.3286883202445,9.410078273730724,8.56081213641425
ACORN-E,2012-09-28,48,1528.91666666667,9.28670152978685,15.83,8.71,15.83,6.42,12.27,7.119999999999999,15.83,6.9,0.75,3.36,0.17,1017.85,13.21,2.0,0.48,partly-cloudy-day,rain,0,4,0,9,272,39,9.40962374997569,8.92216311144752,8.24396900280166,9.506919169515829,8.602805341839753
ACORN-E,2012-09-29,48,1529.8125,9.32168574824404,16.46,6.42,16.46,13.66,11.440000000000001,10.040000000000001,16.46,4.87,0.81,4.6,0.48,1019.0,13.15,2.0,0.52,partly-cloudy-day,rain,0,5,1,9,273,39,9.28670152978685,8.91642403065745,8.22805111415465,9.558996086421448,8.651688802724449
ACORN-E,2012-09-30,48,1529.89583333333,10.2944903166716,16.24,12.37,16.24,10.87,14.305,3.869999999999999,16.24,12.37,0.89,4.57,0.61,1012.11,11.43,2.0,0.55,partly-cloudy-day,rain,0,6,1,9,274,39,9.32168574824404,10.5689685485921,8.86154918563058,9.616890617505247,8.698492747409901
ACORN-E,2012-10-01,48,1527.97916666667,9.69849088705951,16.44,10.87,16.44,11.06,13.655000000000001,5.570000000000002,16.44,10.87,0.85,5.09,0.39,1010.12,12.55,2.0,0.58,partly-cloudy-day,rain,0,0,0,10,275,40,10.2944903166716,9.80675196219801,8.68758639515384,9.577679441516604,8.752665160819628
ACORN-E,2012-10-02,48,1532.8125,9.55884087946461,14.34,9.35,14.34,7.19,11.844999999999999,4.99,14.34,7.78,0.8,4.65,0.36,1005.61,12.99,2.0,0.61,partly-cloudy-day,rain,0,1,0,10,276,40,9.69849088705951,9.44463016845665,8.47381622568208,9.562213573639676,8.807063445375777
ACORN-E,2012-10-03,48,1534.5625,9.47168158668271,14.99,7.19,14.99,10.98,11.09,7.8,14.99,5.02,0.79,3.65,0.28,1008.02,12.79,2.0,0.63,partly-cloudy-day,rain,0,2,0,10,277,40,9.55884087946461,9.47987261528339,8.65275224398452,9.578529389497955,8.857014811561347
ACORN-E,2012-10-04,48,1534.64583333333,9.50293957451972,15.6,9.16,15.49,7.61,12.379999999999999,6.4399999999999995,15.65,8.34,0.86,3.0,0.61,1006.96,10.11,2.0,0.66,wind,rain,0,3,0,10,278,40,9.47168158668271,9.40962374997569,8.73173747947996,9.577359242555001,8.908348293198591
ACORN-E,2012-10-05,48,1534.4375,9.53534979682508,14.89,7.61,14.89,5.27,11.25,7.28,14.89,5.86,0.83,1.75,0.4,1012.51,11.06,2.0,0.69,partly-cloudy-day,rain,0,4,0,10,279,40,9.50293957451972,9.28670152978685,8.92216311144752,9.59069007463272,8.9645782322083
ACORN-E,2012-10-06,48,1535.60416666667,9.50786514585861,13.64,5.27,13.64,9.49,9.455,8.370000000000001,13.64,5.17,0.87,0.4,0.25,1021.29,9.98,2.0,0.73,partly-cloudy-day,rain,0,5,1,10,280,40,9.53534979682508,9.32168574824404,8.91642403065745,9.62621125563818,9.024897141795146
ACORN-E,2012-10-07,48,1536.95833333333,10.2137187571197,12.22,9.51,12.22,9.07,10.865,2.710000000000001,12.22,8.84,0.92,2.49,0.61,1015.27,7.84,1.0,0.76,partly-cloudy-day,rain,0,6,1,10,281,40,9.50786514585861,10.2944903166716,10.5689685485921,9.652808312440262,9.079150575774136
ACORN-E,2012-10-08,48,1535.79166666667,10.4182588103338,14.23,9.07,14.23,7.04,11.65,5.16,14.23,7.73,0.82,2.66,0.58,1015.96,10.12,2.0,0.79,partly-cloudy-day,rain,0,0,0,10,282,41,10.2137187571197,9.69849088705951,9.80675196219801,9.641269518218564,9.1460307518573
ACORN-E,2012-10-09,48,1535.41666666667,9.9409568070846,14.13,7.04,14.13,9.15,10.585,7.090000000000001,14.13,6.21,0.74,2.16,0.56,1015.24,13.21,2.0,0.82,partly-cloudy-day,rain,0,1,0,10,283,41,10.4182588103338,9.55884087946461,9.44463016845665,9.744093507257746,9.216089971664303
ACORN-E,2012-10-10,48,1536.8125,9.82858206428657,14.88,9.15,14.88,10.37,12.015,5.73,14.99,7.37,0.89,3.2,0.71,1004.43,8.69,1.0,0.85,partly-cloudy-day,rain,0,2,0,10,284,41,9.9409568070846,9.47168158668271,9.47987261528339,9.798681496917746,9.279917325401865
ACORN-E,2012-10-11,48,1539.47916666667,10.2712599160703,14.72,8.51,13.99,6.47,11.615,6.210000000000001,14.73,7.12,0.75,5.42,0.48,1005.33,13.07,2.0,0.89,partly-cloudy-day,rain,0,3,0,10,285,41,9.82858206428657,9.50293957451972,9.40962374997569,9.849667279432582,9.333433787774284
ACORN-E,2012-10-12,48,1537.20833333333,9.84529990747694,11.53,6.41,11.53,2.81,8.969999999999999,5.119999999999999,11.53,4.01,0.84,2.18,0.29,1004.92,12.94,2.0,0.92,partly-cloudy-day,rain,0,4,0,10,286,41,10.2712599160703,9.53534979682508,9.28670152978685,9.959427328225521,9.402811344768065
ACORN-E,2012-10-13,48,1538.91666666667,10.2061475897938,12.32,2.81,12.32,4.09,7.565,9.51,12.32,1.64,0.8,2.36,0.2,1002.5,11.86,2.0,0.96,partly-cloudy-day,rain,0,5,1,10,287,41,9.84529990747694,9.50786514585861,9.32168574824404,10.003705915461504,9.460001734220754
ACORN-E,2012-10-14,48,1539.95833333333,10.8630162017317,13.03,4.09,13.03,9.81,8.559999999999999,8.94,13.03,2.83,0.84,2.97,0.31,1002.67,12.17,1.0,0.99,partly-cloudy-day,rain,0,6,1,10,288,41,10.2061475897938,10.2137187571197,10.2944903166716,10.103460550309388,9.53064803692215
ACORN-E,2012-10-15,48,1541.14583333333,10.4938348749275,14.74,9.06,14.74,8.8,11.9,5.68,14.74,7.15,0.74,5.37,0.39,1000.8,12.59,1.0,0.03,wind,rain,0,0,0,10,289,42,10.8630162017317,10.4182588103338,9.69849088705951,10.196217328111102,9.602129001782908
ACORN-E,2012-10-16,48,1540.4375,10.1435598291009,16.6,8.8,16.6,12.15,12.700000000000001,7.800000000000001,16.6,7.41,0.82,4.66,0.42,998.22,12.2,1.0,0.07,partly-cloudy-day,rain,0,1,0,10,290,42,10.4938348749275,9.9409568070846,9.55884087946461,10.207013908767346,9.666637876060536
ACORN-E,2012-10-17,48,1543.1875,10.0868702362863,16.04,12.15,16.04,11.98,14.094999999999999,3.889999999999999,16.04,12.15,0.85,4.18,0.44,1001.82,13.23,1.0,0.11,partly-cloudy-day,rain,0,2,0,10,291,42,10.1435598291009,9.82858206428657,9.47168158668271,10.235957197626815,9.726271576182638
ACORN-E,2012-10-18,48,1543.77083333333,9.75525370540638,13.21,11.98,13.01,9.57,12.595,1.2300000000000004,13.21,11.98,0.95,0.51,0.66,1007.63,8.42,1.0,0.15,partly-cloudy-day,rain,0,3,0,10,292,42,10.0868702362863,10.2712599160703,9.50293957451972,10.272855507912492,9.777490075907702
ACORN-E,2012-10-19,48,1547.33333333333,10.2467055343943,14.01,9.57,14.01,10.19,11.79,4.4399999999999995,14.01,8.9,0.91,0.86,0.61,1015.85,8.01,1.0,0.18,fog,rain,0,4,0,10,293,42,9.75525370540638,9.84529990747694,9.53534979682508,10.199140334960504,9.814044226833644
ACORN-E,2012-10-20,48,1548.95833333333,9.9830448169714,12.41,10.19,12.41,11.6,11.3,2.2200000000000006,12.41,10.19,0.94,3.37,0.69,1018.09,9.22,1.0,0.22,fog,rain,0,5,1,10,294,42,10.2467055343943,10.2061475897938,9.50786514585861,10.256483995948697,9.861349313367457
ACORN-E,2012-10-21,48,1548.02083333333,10.840407477744,14.73,12.02,14.73,12.51,13.375,2.710000000000001,14.79,12.02,0.98,2.57,0.9,1019.88,1.48,1.0,0.26,fog,rain,0,6,1,10,295,42,9.9830448169714,10.8630162017317,10.2137187571197,10.224612171259782,9.899442912878671
ACORN-E,2012-10-22,48,1551.0625,10.3450675737846,14.05,12.46,13.51,13.08,13.255,1.5899999999999999,14.05,12.46,0.96,2.3,0.88,1023.66,1.82,1.0,0.29,fog,rain,0,0,0,10,296,43,10.840407477744,10.4938348749275,10.4182588103338,10.221382353547254,9.90913716034838
ACORN-E,2012-10-23,48,1552.3125,10.1758472876812,16.18,13.08,16.18,12.94,14.629999999999999,3.0999999999999996,16.18,13.08,0.92,3.45,0.74,1019.7,2.45,1.0,0.33,fog,rain,0,1,0,10,297,43,10.3450675737846,10.1435598291009,9.9409568070846,10.20012988195541,9.928362717905044
ACORN-E,2012-10-24,48,1554.14583333333,9.70876101627052,13.61,10.09,13.28,8.5,11.85,3.5199999999999996,13.61,10.09,0.91,5.16,0.81,1016.51,7.9,1.0,0.36,partly-cloudy-day,rain,0,2,0,10,298,43,10.1758472876812,10.0868702362863,9.82858206428657,10.204742376038313,9.954477615020208
ACORN-E,2012-10-25,48,1554.89583333333,9.95281184217005,10.11,4.19,8.96,2.49,7.15,5.919999999999999,10.11,-0.37,0.79,5.19,0.7,1012.84,12.33,1.0,0.4,partly-cloudy-day,rain,0,3,0,10,299,43,9.70876101627052,9.75525370540638,10.2712599160703,10.150726773178915,9.962652200769748
ACORN-E,2012-10-26,48,1557.02083333333,10.6709478401949,7.68,2.49,7.68,1.43,5.085,5.1899999999999995,3.78,-2.56,0.79,5.79,0.39,1015.91,13.07,1.0,0.43,partly-cloudy-day,rain,0,4,0,10,300,43,9.95281184217005,10.2467055343943,9.84529990747694,10.178949364145153,9.982051775490975
ACORN-E,2012-10-27,48,1558.91666666667,11.4488496631383,9.17,1.43,9.17,7.66,5.3,7.74,6.89,-0.94,0.88,3.13,0.42,1015.62,12.68,1.0,0.46,partly-cloudy-day,rain,0,5,1,10,301,43,10.6709478401949,9.9830448169714,10.2061475897938,10.239555407830952,10.031489143719833
ACORN-E,2012-10-28,48,1557.5,12.3908506882924,10.785,4.545000000000001,10.785,6.615,7.665000000000001,6.24,9.645,2.265,0.885,3.04,0.435,1012.165,12.585,1.0,0.475,partly-cloudy-day,rain,0,6,1,10,302,43,11.4488496631383,10.840407477744,10.8630162017317,10.44895610014051,10.107459283537485
ACORN-E,2012-10-29,48,1557.0,11.3928789394176,12.4,7.66,12.4,5.57,10.030000000000001,4.74,12.4,5.47,0.89,2.95,0.45,1008.71,12.49,1.0,0.49,partly-cloudy-day,rain,0,0,0,10,303,44,12.3908506882924,10.3450675737846,10.4938348749275,10.670447987361712,10.182329296809657
ACORN-E,2012-10-30,48,1557.375,11.1665514102928,10.92,5.57,10.92,6.45,8.245000000000001,5.35,10.92,3.44,0.84,2.37,0.45,1004.48,11.25,1.0,0.52,partly-cloudy-day,rain,0,1,0,10,304,44,11.3928789394176,10.1758472876812,10.1435598291009,10.82013532530928,10.242843155822445
ACORN-E,2012-10-31,48,1558.45833333333,11.1959592391731,12.36,6.45,12.36,6.85,9.405,5.909999999999999,12.36,4.43,0.79,5.32,0.49,989.93,12.99,1.0,0.55,partly-cloudy-day,rain,0,2,0,10,305,44,11.1665514102928,9.70876101627052,10.0868702362863,10.961664485682368,10.30026138906631
ACORN-E,2012-11-01,48,1556.08333333333,11.2868905118732,11.46,4.2,9.42,4.2,7.83,7.260000000000001,11.46,0.85,0.85,4.07,0.44,979.63,12.54,1.0,0.58,partly-cloudy-day,rain,0,3,0,11,306,44,11.1959592391731,9.95281184217005,9.75525370540638,11.174121374668449,10.36184273379811
ACORN-E,2012-11-02,48,1555.9375,11.3800960291083,9.78,4.61,9.78,3.22,7.195,5.169999999999999,6.88,1.81,0.77,4.31,0.23,991.25,12.96,1.0,0.61,partly-cloudy-day,rain,0,4,0,11,307,44,11.2868905118732,10.6709478401949,10.2467055343943,11.3647040417689,10.42555526727502
ACORN-E,2012-11-03,48,1558.64583333333,11.6848046408958,9.45,3.22,9.45,2.96,6.335,6.229999999999999,6.47,1.56,0.79,3.16,0.25,996.52,12.71,1.0,0.64,partly-cloudy-day,rain,0,5,1,11,308,44,11.3800960291083,11.4488496631383,9.9830448169714,11.466010925899385,10.491439061285135
ACORN-E,2012-11-04,48,1557.52083333333,13.0046517592003,8.67,2.96,8.67,2.94,5.8149999999999995,5.71,7.03,1.18,0.92,0.59,0.59,994.21,9.99,1.0,0.67,partly-cloudy-day,rain,0,6,1,11,309,44,11.6848046408958,12.3908506882924,10.840407477744,11.499718779864741,10.569186900393607
ACORN-E,2012-11-05,48,1557.0,11.8490949449002,9.19,2.94,9.19,0.92,6.0649999999999995,6.25,7.08,2.62,0.83,2.09,0.41,1006.26,9.08,1.0,0.7,partly-cloudy-day,rain,0,0,0,11,310,45,13.0046517592003,11.3928789394176,10.3450675737846,11.587404647137301,10.66886307903934
ACORN-E,2012-11-06,48,1557.6875,12.1819464056884,9.67,0.92,9.67,4.97,5.295,8.75,7.17,-1.72,0.87,3.58,0.33,1020.29,10.41,1.0,0.74,partly-cloudy-night,rain,0,1,0,11,311,45,11.8490949449002,11.1665514102928,10.1758472876812,11.652578362206242,10.719964369559571
ACORN-E,2012-11-07,48,1557.89583333333,11.8504062345655,9.93,4.97,9.93,7.81,7.449999999999999,4.96,7.64,2.35,0.86,4.2,0.47,1024.32,12.67,1.0,0.77,partly-cloudy-night,rain,0,2,0,11,312,45,12.1819464056884,11.1959592391731,9.70876101627052,11.797634790119899,10.79999971236685
ACORN-E,2012-11-08,48,1551.54166666667,11.4372556377143,12.34,7.81,12.34,8.13,10.075,4.53,12.34,5.13,0.78,3.72,0.64,1019.18,13.36,1.0,0.8,partly-cloudy-day,rain,0,3,0,11,313,45,11.8504062345655,11.2868905118732,9.95281184217005,11.891127218033102,10.872207718448239
ACORN-E,2012-11-09,48,1556.66666666667,11.3539556599605,11.27,8.13,11.27,8.8,9.7,3.139999999999999,11.27,6.7,0.8,3.17,0.7,1010.05,13.37,1.0,0.84,partly-cloudy-day,rain,0,4,0,11,314,45,11.4372556377143,11.3800960291083,10.6709478401949,11.912607950296112,10.913850422792667
ACORN-E,2012-11-10,48,1557.6875,11.687926188073,10.31,5.2,9.78,2.1,7.755000000000001,5.11,10.31,3.38,0.91,2.38,0.49,997.84,11.78,1.0,0.87,partly-cloudy-day,rain,0,5,1,11,315,45,11.3539556599605,11.6848046408958,11.4488496631383,11.90887361184643,10.967730985381365
ACORN-E,2012-11-11,48,1558.8125,12.2103859898435,9.87,2.1,9.87,4.52,5.984999999999999,7.77,8.39,0.46,0.88,1.98,0.22,1011.6,10.32,1.0,0.91,partly-cloudy-night,rain,0,6,1,11,316,45,11.687926188073,13.0046517592003,12.3908506882924,11.909319547157457,11.020651649605623
ACORN-E,2012-11-12,48,1558.9375,11.8313791990953,12.18,4.52,12.06,10.06,8.35,7.66,12.18,3.72,0.92,3.06,0.5,1020.98,10.04,1.0,0.95,partly-cloudy-day,rain,0,0,0,11,317,46,12.2103859898435,11.8490949449002,11.3928789394176,11.795853008677913,11.068771999181044
ACORN-E,2012-11-13,48,1558.75,11.1306926580039,14.66,10.06,14.66,10.47,12.36,4.6,14.66,10.06,0.88,3.23,0.54,1026.29,11.49,1.0,0.98,partly-cloudy-night,rain,0,1,0,11,318,46,11.8313791990953,12.1819464056884,11.1665514102928,11.793322187848643,11.116541439329895
ACORN-E,2012-11-14,48,1557.97916666667,10.9857086543709,12.62,7.33,12.62,6.64,9.975,5.289999999999999,12.62,7.08,0.86,1.86,0.55,1026.48,9.21,1.0,0.02,fog,rain,0,2,0,11,319,46,11.1306926580039,11.8504062345655,11.1959592391731,11.643143081036571,11.151796183219288
ACORN-E,2012-11-15,48,1558.60416666667,11.2059730567414,9.07,6.45,9.07,5.91,7.76,2.62,9.07,5.43,0.92,0.62,0.71,1022.69,4.06,1.0,0.06,fog,rain,0,3,0,11,320,46,10.9857086543709,11.4372556377143,11.2868905118732,11.519614855294483,11.183897555293738
ACORN-E,2012-11-16,48,1558.27083333333,11.6231602503719,9.19,5.91,9.11,8.94,7.55,3.2799999999999994,7.75,4.89,0.92,2.0,0.9,1014.76,3.48,1.0,0.1,fog,rain,0,4,0,11,321,46,11.2059730567414,11.3539556599605,11.3800960291083,11.486574486584074,11.23570896069856
ACORN-E,2012-11-17,48,1559.0,11.8445381793449,12.44,8.18,12.44,2.07,10.309999999999999,4.26,12.44,7.04,0.88,1.69,0.65,1007.72,9.32,1.0,0.13,partly-cloudy-day,rain,0,5,1,11,322,46,11.6231602503719,11.687926188073,11.6848046408958,11.525032285214271,11.28486805769776
ACORN-E,2012-11-18,48,1559.91666666667,12.3704750294552,9.42,2.07,9.42,3.42,5.745,7.35,9.42,2.07,0.82,0.72,0.3,1014.66,12.57,1.0,0.17,partly-cloudy-night,rain,0,6,1,11,323,46,11.8445381793449,12.2103859898435,13.0046517592003,11.547405426824541,11.351349963496812
ACORN-E,2012-11-19,48,1558.70833333333,11.9024602992275,11.23,3.49,11.23,10.79,7.36,7.74,11.23,1.42,0.82,4.13,0.5,1011.21,12.38,1.0,0.21,partly-cloudy-day,rain,0,0,0,11,324,47,12.3704750294552,11.8313791990953,11.8490949449002,11.570275289626213,11.405995233200786
ACORN-E,2012-11-20,48,1558.72916666667,11.6395174224226,13.46,10.88,13.46,9.73,12.170000000000002,2.58,13.46,10.88,0.9,5.74,0.76,1008.74,10.81,1.0,0.24,partly-cloudy-day,rain,0,1,0,11,325,47,11.9024602992275,11.1306926580039,12.1819464056884,11.580429732502243,11.461616401966603
ACORN-E,2012-11-21,48,1559.95833333333,11.7726125261207,11.87,6.06,10.8,6.06,8.965,5.81,11.87,3.42,0.91,2.82,0.45,1007.68,10.65,1.0,0.28,wind,rain,0,2,0,11,326,47,11.6395174224226,10.9857086543709,11.8504062345655,11.653118984562058,11.513890335350224
ACORN-E,2012-11-22,48,1556.83333333333,11.4448877592623,13.09,6.56,13.09,6.02,9.825,6.53,13.09,4.09,0.81,7.58,0.54,1011.36,12.73,1.0,0.31,wind,rain,0,3,0,11,327,47,11.7726125261207,11.2059730567414,11.4372556377143,11.765533823383455,11.587599317844875
ACORN-E,2012-11-23,48,1555.04166666667,11.2748765921023,10.7,5.12,10.7,3.64,7.91,5.579999999999999,10.7,3.97,0.89,2.71,0.38,1011.69,11.46,1.0,0.34,partly-cloudy-day,rain,0,4,0,11,328,47,11.4448877592623,11.6231602503719,11.3539556599605,11.799664495172157,11.640887743455309
ACORN-E,2012-11-24,48,1555.89583333333,12.4155595332429,9.91,3.64,9.36,7.46,6.775,6.27,7.11,2.99,0.97,3.43,0.58,1010.19,5.7,1.0,0.38,wind,rain,0,5,1,11,329,47,11.2748765921023,11.8445381793449,11.687926188073,11.749909686847928,11.662456627452004
ACORN-E,2012-11-25,48,1557.5,12.4913727882321,12.54,7.46,10.92,7.68,10.0,5.079999999999999,12.54,2.87,0.81,6.54,0.54,1001.79,12.36,1.0,0.41,wind,rain,0,6,1,11,330,47,12.4155595332429,12.3704750294552,12.2103859898435,11.831484165976216,11.696981979955739
ACORN-E,2012-11-26,48,1555.52083333333,12.0561068443259,10.69,7.17,9.52,7.17,8.93,3.5199999999999996,10.69,5.0,0.91,1.29,0.64,998.27,11.31,1.0,0.44,partly-cloudy-day,rain,0,0,0,11,331,48,12.4913727882321,11.9024602992275,11.8313791990953,11.848755274372914,11.700572054953584
ACORN-E,2012-11-27,48,1554.66666666667,12.4917411960237,8.47,6.42,8.47,5.84,7.445,2.0500000000000007,6.07,3.08,0.9,3.98,0.72,1003.65,9.69,1.0,0.47,partly-cloudy-day,rain,0,1,0,11,332,48,12.0561068443259,11.6395174224226,11.1306926580039,11.870704780815542,11.72425876584317
ACORN-E,2012-11-28,48,1558.66666666667,12.7180720255389,6.89,3.45,6.89,2.23,5.17,3.4399999999999995,3.34,-0.33,0.83,5.17,0.65,1012.91,13.2,1.0,0.5,partly-cloudy-day,rain,0,2,0,11,333,48,12.4917411960237,11.7726125261207,10.9857086543709,11.992451034187127,11.771586972476413
ACORN-E,2012-11-29,48,1558.5625,12.7921204443332,5.84,1.63,5.84,-0.89,3.735,4.21,3.18,-1.39,0.83,3.2,0.36,1012.58,12.92,1.0,0.53,partly-cloudy-day,rain,0,3,0,11,334,48,12.7180720255389,11.4448877592623,11.2059730567414,12.127516676961156,11.82594814341805
ACORN-E,2012-11-30,48,1557.72916666667,13.0054258380061,4.37,-0.89,4.37,-1.35,1.74,5.26,2.52,-2.57,0.88,1.55,0.25,1011.91,10.01,1.0,0.56,partly-cloudy-night,rain,0,4,0,11,335,48,12.7921204443332,11.2748765921023,11.6231602503719,12.319978489114144,11.87970635529162
ACORN-E,2012-12-01,48,1557.97916666667,13.8283908058217,5.73,-1.35,5.73,-1.55,2.1900000000000004,7.08,2.61,-4.31,0.88,2.68,0.31,1014.56,8.92,1.0,0.59,fog,rain,0,5,1,12,336,48,13.0054258380061,12.4155595332429,11.8445381793449,12.567199809957543,11.937753848466544
ACORN-E,2012-12-02,48,1557.95833333333,14.4302297242811,4.76,-1.55,4.76,1.77,1.605,6.31,2.71,-4.97,0.84,2.1,0.31,1016.35,12.81,1.0,0.62,partly-cloudy-night,rain,0,6,1,12,337,48,13.8283908058217,12.4913727882321,12.3704750294552,12.769032848897371,12.014310497213897
ACORN-E,2012-12-03,48,1556.39583333333,13.0552316252724,10.22,2.94,10.22,2.33,6.58,7.280000000000001,10.22,0.57,0.87,3.55,0.58,1007.42,10.67,1.0,0.65,partly-cloudy-day,rain,0,0,0,12,338,49,14.4302297242811,12.0561068443259,11.9024602992275,13.046012411190086,12.06522399596678
ACORN-E,2012-12-04,48,1556.77083333333,13.1499866142245,7.73,1.21,7.73,-0.77,4.470000000000001,6.5200000000000005,4.36,-2.14,0.82,4.36,0.21,1003.4,12.89,1.0,0.68,partly-cloudy-day,rain,0,1,0,12,339,49,13.0552316252724,12.4917411960237,11.6395174224226,13.188744522753874,12.108300305980075
ACORN-E,2012-12-05,48,1558.33333333333,13.5833811859539,3.89,-0.77,3.89,-2.82,1.56,4.66,-0.07,-2.82,0.84,3.05,0.39,1008.05,11.14,1.0,0.71,partly-cloudy-day,rain,0,2,0,12,340,49,13.1499866142245,12.7180720255389,11.7726125261207,13.282779582496843,12.142873170570649
ACORN-E,2012-12-06,48,1558.02083333333,13.8995778472499,4.84,-2.82,4.13,2.99,1.01,7.66,0.37,-5.79,0.84,3.07,0.43,1013.58,12.55,1.0,0.75,partly-cloudy-night,rain,0,3,0,12,341,49,13.5833811859539,12.7921204443332,11.4448877592623,13.406395176841844,12.204765133120237
ACORN-E,2012-12-07,48,1558.97916666667,13.7399119219173,6.33,2.97,6.33,3.9,4.65,3.36,2.12,-2.07,0.8,5.63,0.56,1001.72,12.84,1.0,0.78,partly-cloudy-night,rain,0,4,0,12,342,49,13.8995778472499,13.0054258380061,11.2748765921023,13.564603377258512,12.29270521203222
ACORN-E,2012-12-08,48,1559.75,13.4577921471028,6.46,3.17,6.46,3.17,4.8149999999999995,3.29,4.69,0.01,0.83,2.14,0.52,1023.19,12.39,1.0,0.82,partly-cloudy-day,rain,0,5,1,12,343,49,13.7399119219173,13.8283908058217,12.4155595332429,13.6695299606744,12.377917935673537
ACORN-E,2012-12-09,48,1560.0,13.9221275644231,8.66,3.86,8.66,3.21,6.26,4.800000000000001,5.37,0.49,0.8,5.44,0.53,1018.89,13.33,1.0,0.86,partly-cloudy-day,rain,0,6,1,12,344,49,13.4577921471028,14.4302297242811,12.4913727882321,13.616587295143129,12.441127434210316
ACORN-E,2012-12-10,48,1559.89583333333,13.2902946150699,5.59,1.55,5.59,-0.23,3.57,4.04,2.23,-1.04,0.79,3.93,0.27,1022.18,13.18,1.0,0.89,partly-cloudy-day,rain,0,0,0,12,345,50,13.9221275644231,13.0552316252724,12.0561068443259,13.544001272306273,12.50226106187387
ACORN-E,2012-12-11,48,1455.85416666667,13.7999624499934,2.7,-2.49,2.7,-3.83,0.10499999999999998,5.19,1.26,-2.49,0.89,1.67,0.29,1029.42,6.18,1.0,0.93,fog,snow,0,1,0,12,346,50,13.2902946150699,13.1499866142245,12.4917411960237,13.577581699420199,12.554365183872964
ACORN-E,2012-12-12,48,1556.20833333333,14.2090581954356,1.8,-3.83,1.8,-1.35,-1.0150000000000001,5.63,1.8,-3.83,0.91,0.73,0.45,1020.51,6.49,1.0,0.97,partly-cloudy-day,snow,0,2,0,12,347,50,13.7999624499934,13.5833811859539,12.7180720255389,13.67043539024433,12.649696247872589
ACORN-E,2012-12-13,48,1558.83333333333,14.4667698568157,1.58,-1.35,1.58,0.82,0.11499999999999999,2.93,-1.1,-3.72,0.87,2.09,0.6,1005.66,6.78,1.0,0.01,fog,snow,0,3,0,12,348,50,14.2090581954356,13.8995778472499,12.7921204443332,13.759817820170285,12.764815874339188
ACORN-E,2012-12-14,48,1557.77083333333,13.9741540804092,10.34,1.93,10.34,7.54,6.135,8.41,10.34,-0.92,0.92,4.22,0.71,985.82,7.45,0.0,0.05,wind,rain,0,4,0,12,349,50,14.4667698568157,13.7399119219173,13.0054258380061,13.840845250108256,12.881272902913269
ACORN-E,2012-12-15,48,1557.83333333333,13.0650984201789,11.17,6.91,11.17,5.32,9.04,4.26,11.17,4.32,0.86,4.93,0.39,991.49,13.15,1.0,0.08,partly-cloudy-day,rain,0,5,1,12,350,50,13.9741540804092,13.4577921471028,13.8283908058217,13.8743084156071,12.965236968271741
ACORN-E,2012-12-16,48,1558.625,13.2093206563573,9.82,5.32,9.82,5.62,7.57,4.5,7.78,3.01,0.89,3.07,0.39,999.72,12.86,1.0,0.12,partly-cloudy-day,rain,0,6,1,12,351,50,13.0650984201789,13.9221275644231,14.4302297242811,13.818209311760828,13.008828405444387
ACORN-E,2012-12-17,48,1557.72916666667,12.4007588963121,9.1,5.62,9.1,5.04,7.359999999999999,3.4799999999999995,6.39,3.08,0.86,3.79,0.32,1001.69,12.71,1.0,0.15,partly-cloudy-night,rain,0,0,0,12,352,51,13.2093206563573,13.2902946150699,13.0552316252724,13.716379753465715,13.038787177833745
ACORN-E,2012-12-18,48,1557.95833333333,12.392699508248,7.96,4.66,7.96,3.07,6.3100000000000005,3.3,7.12,2.47,0.86,2.17,0.62,1014.41,11.65,0.0,0.19,partly-cloudy-day,rain,0,1,0,12,353,51,12.4007588963121,13.7999624499934,13.1499866142245,13.5893032222146,13.056583556301053
ACORN-E,2012-12-19,48,1558.0,12.9774935761232,7.44,3.07,7.44,6.44,5.255,4.370000000000001,4.49,0.96,0.92,4.02,0.52,1016.68,7.87,1.0,0.22,partly-cloudy-day,rain,0,2,0,12,354,51,12.392699508248,14.2090581954356,13.5833811859539,13.388265659108114,13.083482916509103
ACORN-E,2012-12-20,48,1555.9375,12.7887703066913,9.57,6.53,9.57,6.75,8.05,3.04,7.93,2.82,0.96,3.54,0.76,1002.52,8.96,0.0,0.26,partly-cloudy-day,rain,0,3,0,12,355,51,12.9774935761232,14.4667698568157,13.8995778472499,13.2123278563492,13.126514382580622
ACORN-E,2012-12-21,48,1554.4375,12.0627705539718,9.69,6.3,9.69,6.04,7.994999999999999,3.3899999999999997,7.58,4.44,0.91,3.21,0.44,1009.54,12.15,1.0,0.29,partly-cloudy-day,rain,0,4,0,12,356,51,12.7887703066913,13.9741540804092,13.7399119219173,12.972613634902858,13.174510187845943
ACORN-E,2012-12-22,48,1554.54166666667,12.2432708721152,13.07,6.04,13.07,12.34,9.555,7.03,13.07,4.44,0.96,3.91,0.67,1005.25,10.15,0.0,0.32,partly-cloudy-day,rain,0,5,1,12,357,51,12.0627705539718,13.0650984201789,13.4577921471028,12.6995588454118,13.20264925791271
ACORN-E,2012-12-23,48,1553.79166666667,11.4334131128331,13.08,9.34,12.56,7.57,11.21,3.74,13.08,7.75,0.86,5.51,0.53,1003.59,12.73,1.0,0.35,partly-cloudy-day,rain,0,6,1,12,358,51,12.2432708721152,13.2093206563573,13.9221275644231,12.582154909974127,13.196496091443864
ACORN-E,2012-12-24,48,1553.89583333333,11.444323249707,12.3,7.57,12.3,7.25,9.935,4.73,12.3,5.49,0.91,4.28,0.61,999.12,10.85,1.0,0.38,wind,rain,0,0,0,12,359,52,11.4334131128331,12.4007588963121,13.2902946150699,12.328453832327813,13.158711817322471
ACORN-E,2012-12-25,48,1554.77083333333,11.598292347182,9.14,6.46,9.14,4.83,7.800000000000001,2.6800000000000006,6.49,3.86,0.89,4.39,0.56,995.66,13.07,1.0,0.41,partly-cloudy-day,rain,1,1,0,12,360,52,11.444323249707,12.392699508248,13.7999624499934,12.191820168527085,13.136862403228937
ACORN-E,2012-12-26,48,1553.91666666667,11.001233516072,10.18,4.83,10.18,6.42,7.505,5.35,10.18,1.34,0.88,5.05,0.39,1004.15,12.94,1.0,0.44,partly-cloudy-day,rain,1,2,0,12,361,52,11.598292347182,12.9774935761232,14.2090581954356,12.078333431231941,13.104953515770307
ACORN-E,2012-12-27,48,1553.875,11.5001483711006,7.97,6.42,7.97,5.45,7.195,1.5499999999999998,5.36,3.64,0.84,4.09,0.51,1005.46,12.46,1.0,0.47,partly-cloudy-night,rain,0,3,0,12,362,52,11.001233516072,12.7887703066913,14.4667698568157,11.796010565510343,13.043637854717918
ACORN-E,2012-12-28,48,1554.625,11.5776969493029,12.34,5.45,12.28,11.46,8.895,6.89,12.34,3.99,0.89,4.78,0.7,1016.76,11.46,0.0,0.51,wind,rain,0,4,0,12,363,52,11.5001483711006,12.0627705539718,13.9741540804092,11.611921717568814,12.99749599495961
ACORN-E,2012-12-29,48,1553.83333333333,11.4250843404045,11.97,7.28,11.48,5.44,9.625,4.69,11.97,3.69,0.83,7.6,0.59,1004.18,12.5,0.0,0.53,wind,rain,0,5,1,12,364,52,11.5776969493029,12.2432708721152,13.0650984201789,11.5426254883304,12.946505677505924
ACORN-E,2012-12-30,48,1554.875,11.636408198353,10.9,5.44,9.51,4.22,8.17,5.46,10.9,1.25,0.77,6.82,0.37,1009.95,13.2,1.0,0.56,wind,rain,0,6,1,12,365,52,11.4250843404045,11.4334131128331,13.2093206563573,11.425741698086014,12.860673303741024
ACORN-E,2012-12-31,48,1554.0,11.8593602517878,9.24,4.22,7.49,3.31,6.73,5.0200000000000005,6.97,0.88,0.81,4.55,0.38,1007.65,13.15,1.0,0.6,partly-cloudy-night,rain,0,0,0,12,366,1,11.636408198353,11.444323249707,12.4007588963121,11.45474099601743,12.760893963529309
ACORN-E,2013-01-01,48,1553.95833333333,11.8107301894964,7.49,3.31,5.76,4.42,5.4,4.18,4.38,0.23,0.82,4.0,0.43,1016.89,13.15,1.0,0.63,partly-cloudy-day,rain,1,1,0,1,1,1,11.8593602517878,11.598292347182,12.392699508248,11.514031996314685,12.718184271619142
ACORN-E,2013-01-02,48,1554.97916666667,12.3194731275427,10.82,3.31,9.86,9.65,7.065,7.51,10.82,0.23,0.91,3.72,0.61,1023.12,11.35,1.0,0.66,partly-cloudy-night,rain,0,2,0,1,2,1,11.8107301894964,11.001233516072,12.9774935761232,11.544380259502459,12.67035368502171
ACORN-E,2013-01-03,48,1554.97916666667,11.699973423569,11.41,9.65,11.41,9.55,10.530000000000001,1.7599999999999998,11.41,7.07,0.91,4.36,0.66,1032.61,11.89,1.0,0.7,partly-cloudy-day,rain,0,3,0,1,3,1,12.3194731275427,11.5001483711006,12.7887703066913,11.732700203998272,12.625214111507024
ACORN-E,2013-01-04,48,1553.89583333333,11.6105285231163,10.79,8.17,10.17,8.07,9.48,2.619999999999999,10.79,5.7,0.85,4.28,0.83,1037.15,12.34,1.0,0.73,partly-cloudy-day,rain,1,4,0,1,4,1,11.699973423569,11.5776969493029,12.0627705539718,11.761246640065186,12.546656810661279
ACORN-E,2013-01-05,48,1554.97916666667,11.8968319183759,10.66,7.84,10.66,6.91,9.25,2.8200000000000003,10.66,5.76,0.92,3.15,0.72,1035.16,9.58,1.0,0.77,partly-cloudy-day,rain,0,5,1,1,5,1,11.6105285231163,11.4250843404045,12.2432708721152,11.76593686489567,12.470607403561242
ACORN-E,2013-01-06,48,1552.875,12.6502549946793,8.61,6.91,7.97,7.1,7.76,1.6999999999999993,6.98,5.08,0.96,2.23,0.67,1032.19,5.5,1.0,0.8,fog,rain,0,6,1,1,6,1,11.8968319183759,11.636408198353,11.4334131128331,11.833329376034444,12.414858823963852
ACORN-E,2013-01-07,48,1555.58333333333,12.0020803120994,9.08,7.1,8.56,8.19,8.09,1.9800000000000004,7.31,5.24,0.92,3.27,0.84,1026.88,9.7,1.0,0.84,partly-cloudy-day,rain,0,0,0,1,7,2,12.6502549946793,11.8593602517878,11.444323249707,11.978164632652485,12.36943480361586
ACORN-E,2013-01-08,48,1555.6875,11.6374169105435,11.23,9.02,11.23,8.46,10.125,2.210000000000001,11.23,6.9,0.87,3.71,0.76,1024.17,11.73,1.0,0.88,partly-cloudy-day,rain,0,1,0,1,8,2,12.0020803120994,11.8107301894964,11.598292347182,11.998553212697,12.323427149938341
ACORN-E,2013-01-09,48,1554.25,11.7875394534555,9.21,1.77,8.93,1.16,5.49,7.440000000000001,9.13,1.77,0.9,0.93,0.52,1021.19,8.64,1.0,0.92,partly-cloudy-day,rain,0,2,0,1,9,2,11.6374169105435,12.3194731275427,11.001233516072,11.973794172846585,12.246193380672276
ACORN-E,2013-01-10,48,1555.83333333333,12.8062314614712,3.43,1.16,3.43,0.89,2.295,2.2700000000000005,2.36,-0.48,0.94,1.55,0.7,1015.8,5.21,1.0,0.95,partly-cloudy-day,rain,0,3,0,1,10,2,11.7875394534555,11.699973423569,11.5001483711006,11.897803647976986,12.159710568458697
ACORN-E,2013-01-11,48,1554.64583333333,12.7966287244245,5.7,0.89,5.7,1.37,3.295,4.8100000000000005,5.7,-1.42,0.93,0.4,0.52,1017.62,5.7,1.0,0.99,partly-cloudy-day,rain,0,4,0,1,11,2,12.8062314614712,11.6105285231163,11.5776969493029,12.055840510534441,12.100405625767824
ACORN-E,2013-01-12,48,1555.375,13.6617205422087,4.53,1.75,4.53,2.12,3.14,2.7800000000000002,0.07,-1.06,0.83,4.76,0.57,1012.97,10.03,1.0,0.03,partly-cloudy-day,rain,0,5,1,1,12,2,12.7966287244245,11.8968319183759,11.4250843404045,12.225283396435612,12.058351148768372
ACORN-E,2013-01-13,48,1555.97916666667,14.4648030026893,3.48,1.04,2.88,-0.41,2.26,2.44,-0.09,-2.16,0.74,3.13,0.6,1018.81,12.46,1.0,0.07,partly-cloudy-day,rain,0,6,1,1,13,2,13.6617205422087,12.6502549946793,11.636408198353,12.477410342697441,12.079659081698008
ACORN-E,2013-01-14,48,1554.52083333333,14.2641491549597,2.94,-0.41,2.62,1.23,1.265,3.35,0.94,-3.4,0.88,2.08,0.59,1011.47,9.66,1.0,0.1,partly-cloudy-day,rain,0,0,0,1,14,3,14.4648030026893,12.0020803120994,11.8593602517878,12.73663148669887,12.12449773692415
ACORN-E,2013-01-15,48,1553.625,14.1629743239031,2.38,-0.83,2.29,-2.18,0.7749999999999999,3.21,0.89,-3.16,0.85,3.28,0.58,1008.99,11.41,1.0,0.14,partly-cloudy-day,rain,0,1,0,1,15,3,14.2641491549597,11.6374169105435,11.8107301894964,13.059784178536058,12.191047389018708
ACORN-E,2013-01-16,48,1553.47916666667,14.2422778748919,-0.06,-2.32,-0.06,-3.86,-1.19,2.26,-0.15,-4.7,0.91,0.93,0.48,1013.33,4.12,1.0,0.17,fog,snow,0,2,0,1,16,3,14.1629743239031,11.7875394534555,12.3194731275427,13.420578094730285,12.254271489577818
ACORN-E,2013-01-17,48,1553.85416666667,14.52445466407,2.88,-3.86,2.88,-1.44,-0.49,6.74,2.88,-3.86,0.83,1.01,0.31,1017.44,9.64,1.0,0.2,partly-cloudy-day,rain,0,3,0,1,17,3,14.2422778748919,12.8062314614712,11.699973423569,13.771255012078342,12.299442357390985
ACORN-E,2013-01-18,48,1553.64583333333,15.272497146127,1.33,-1.93,-0.81,-0.81,-0.29999999999999993,3.26,-2.04,-7.8,0.85,5.2,0.67,1004.05,6.41,1.0,0.23,fog,snow,0,4,0,1,18,3,14.52445466407,12.7966287244245,11.6105285231163,14.016715469592457,12.361431084440225
ACORN-E,2013-01-19,48,1554.97916666667,15.8125350551185,0.85,-0.65,0.85,-0.93,0.09999999999999998,1.5,-2.56,-5.37,0.86,4.16,0.84,997.28,7.53,1.0,0.26,partly-cloudy-day,snow,0,5,1,1,19,3,15.272497146127,13.6617205422087,11.8968319183759,14.370410958407101,12.476064177017196
ACORN-E,2013-01-20,48,1554.6875,16.0504673995131,0.08,-1.45,-0.21,-0.86,-0.6849999999999999,1.53,-0.46,-5.88,0.91,3.18,0.85,994.89,5.1,1.0,0.3,fog,snow,0,6,1,1,20,3,15.8125350551185,14.4648030026893,12.6502549946793,14.67767017453707,12.603537897838743
ACORN-E,2013-01-21,48,1554.9375,14.8605994068637,1.17,-1.98,1.17,-3.73,-0.405,3.15,1.08,-4.23,0.9,1.22,0.68,994.61,8.14,1.0,0.33,partly-cloudy-day,snow,0,0,0,1,21,4,16.0504673995131,14.2641491549597,12.0020803120994,14.904193659797613,12.768432693791599
ACORN-E,2013-01-22,48,1554.25,14.7620698358422,2.82,-3.73,2.82,1.38,-0.45500000000000007,6.55,-1.43,-5.09,0.88,3.44,0.53,1001.55,6.31,1.0,0.36,fog,rain,0,1,0,1,22,4,14.8605994068637,14.1629743239031,11.6374169105435,14.989400838641044,12.890442556547198
ACORN-E,2013-01-23,48,1552.33333333333,14.7215553180554,2.82,1.38,2.29,1.22,2.0999999999999996,1.44,-1.4,-2.47,0.82,4.23,0.75,1007.72,7.69,1.0,0.39,partly-cloudy-day,rain,0,2,0,1,23,4,14.7620698358422,14.2422778748919,11.7875394534555,15.074985911775201,13.003434609713633
ACORN-E,2013-01-24,48,1551.9375,14.7015003205034,2.23,-0.11,2.23,-1.19,1.06,2.34,2.08,-2.49,0.79,2.07,0.8,1016.41,10.32,1.0,0.41,partly-cloudy-day,rain,0,3,0,1,24,4,14.7215553180554,14.52445466407,12.8062314614712,15.143454117941415,13.136303245498754
ACORN-E,2013-01-25,48,1551.64583333333,14.5894632812566,2.98,-1.19,1.85,0.96,0.895,4.17,0.81,-4.07,0.8,3.2,0.74,1014.52,10.8,1.0,0.44,partly-cloudy-day,snow,0,4,0,1,25,4,14.7015003205034,15.272497146127,12.7966287244245,15.168746354574756,13.250637243691711
ACORN-E,2013-01-26,48,1551.66666666667,13.6193754521337,7.56,2.37,7.41,6.47,4.965,5.1899999999999995,4.69,-2.16,0.86,3.61,0.51,1006.45,10.27,1.0,0.47,wind,rain,0,5,1,1,26,4,14.5894632812566,15.8125350551185,13.6617205422087,15.0711700881647,13.358200326975773
ACORN-E,2013-01-27,48,1552.91666666667,13.5728485577659,10.26,4.72,10.26,3.02,7.49,5.54,10.26,1.49,0.77,6.6,0.43,997.84,12.01,1.0,0.52,wind,rain,0,6,1,1,27,4,13.6193754521337,16.0504673995131,14.4648030026893,14.757861573452585,13.436567866680386
ACORN-E,2013-01-28,48,1551.66666666667,13.1180047409953,10.54,3.02,9.34,9.34,6.779999999999999,7.52,10.54,-0.68,0.84,5.95,0.47,1005.47,11.91,1.0,0.54,wind,rain,0,0,0,1,28,5,13.5728485577659,14.8605994068637,14.2641491549597,14.403916024631556,13.505726450945131
ACORN-E,2013-01-29,48,1548.58333333333,12.223540533418,13.09,9.76,13.09,8.41,11.425,3.33,13.09,7.09,0.89,7.22,0.69,1003.25,10.88,1.0,0.57,wind,rain,0,1,0,1,29,5,13.1180047409953,14.7620698358422,14.1629743239031,14.1549739295075,13.5506780398454
ACORN-E,2013-01-30,48,1546.0,11.6314934206906,12.56,7.51,11.28,7.12,10.035,5.050000000000001,12.56,3.86,0.77,7.85,0.44,1006.93,11.88,1.0,0.61,wind,rain,0,2,0,1,30,5,12.223540533418,14.7215553180554,14.2422778748919,13.792326886304041,13.56542126641403
ACORN-E,2013-01-31,48,1547.83333333333,11.874226072793,9.94,7.12,9.94,5.24,8.53,2.8199999999999994,6.38,3.29,0.74,7.3,0.35,1012.39,12.89,1.0,0.64,wind,rain,0,3,0,1,31,5,11.6314934206906,14.7015003205034,14.52445466407,13.350889472394785,13.540850562597882
ACORN-E,2013-02-01,48,1547.375,12.0848754900959,8.03,4.16,7.33,2.9,6.095,3.869999999999999,5.33,2.49,0.85,2.83,0.49,1002.38,12.5,1.0,0.68,partly-cloudy-day,rain,0,4,0,2,32,5,11.874226072793,14.5894632812566,15.272497146127,12.9469931512933,13.547073871498739
ACORN-E,2013-02-02,48,1547.9375,13.1404778955759,5.56,1.48,5.14,0.11,3.5199999999999996,4.08,1.9,-1.71,0.71,4.97,0.43,1015.47,13.42,1.0,0.71,partly-cloudy-day,rain,0,5,1,2,33,5,12.0848754900959,13.6193754521337,15.8125350551185,12.5891948954132,13.564014834605155
ACORN-E,2013-02-03,48,1547.52083333333,14.1551114127682,9.12,0.11,8.78,8.43,4.614999999999999,9.01,6.66,-2.93,0.82,4.32,0.55,1018.69,13.12,1.0,0.75,partly-cloudy-day,rain,0,6,1,2,34,5,13.1404778955759,13.5728485577659,16.0504673995131,12.520780958762087,13.608430762362298
ACORN-E,2013-02-04,48,1547.5625,12.2429796525117,10.2,6.48,10.16,2.16,8.34,3.719999999999999,10.2,2.41,0.71,6.82,0.5,1012.2,13.0,1.0,0.79,wind,rain,0,0,0,2,35,6,14.1551114127682,13.1180047409953,14.8605994068637,12.603961366619558,13.6621756344369
ACORN-E,2013-02-05,48,1547.72916666667,12.8239270374473,6.44,2.16,5.36,3.48,4.300000000000001,4.28,2.38,-2.91,0.73,7.3,0.48,1000.03,12.84,1.0,0.83,partly-cloudy-day,rain,0,1,0,2,36,6,12.2429796525117,12.223540533418,14.7620698358422,12.47895778255047,13.670779182308769
ACORN-E,2013-02-06,48,1546.97916666667,13.1360013109234,6.16,2.86,5.67,1.24,4.51,3.3000000000000003,2.56,-1.46,0.75,6.04,0.61,1006.64,13.23,1.0,0.86,partly-cloudy-day,rain,0,2,0,2,37,6,12.8239270374473,11.6314934206906,14.7215553180554,12.564727283126087,13.713154543983903
ACORN-E,2013-02-07,48,1546.54166666667,13.0078744927861,5.53,1.24,5.53,0.81,3.3850000000000002,4.29,2.42,-2.68,0.71,3.57,0.39,1017.82,12.49,1.0,0.9,partly-cloudy-day,rain,0,3,0,2,38,6,13.1360013109234,11.874226072793,14.7015003205034,12.77965698173077,13.761313896036329
ACORN-E,2013-02-08,48,1546.95833333333,12.9799318713813,5.59,0.81,5.59,1.58,3.2,4.779999999999999,2.73,-2.13,0.78,3.08,0.41,1019.29,10.54,1.0,0.94,partly-cloudy-day,rain,0,4,0,2,39,6,13.0078744927861,12.0848754900959,14.5894632812566,12.9416067560155,13.768515432869004
ACORN-E,2013-02-09,48,1546.4375,13.6409762662103,3.68,1.58,3.68,3.01,2.63,2.1,2.1,-0.57,0.86,0.68,0.7,1018.79,10.38,1.0,0.97,partly-cloudy-day,rain,0,5,1,2,40,6,12.9799318713813,13.1404778955759,13.6193754521337,13.069471953341985,13.775061973831745
ACORN-E,2013-02-10,48,1545.8125,14.4116260783011,4.73,1.06,4.73,0.55,2.8950000000000005,3.6700000000000004,1.58,-4.17,0.93,4.86,0.84,999.65,7.07,1.0,0.02,partly-cloudy-day,rain,0,6,1,2,41,6,13.6409762662103,14.1551114127682,13.5728485577659,13.14097172057547,13.774321106831804
ACORN-E,2013-02-11,48,1545.08333333333,14.129816930473,1.88,0.55,1.88,1.22,1.2149999999999999,1.3299999999999998,-1.66,-3.92,0.93,3.36,0.87,999.17,4.36,1.0,0.05,partly-cloudy-day,rain,0,0,0,2,42,7,14.4116260783011,12.2429796525117,13.1180047409953,13.177616672794459,13.772421930960798
ACORN-E,2013-02-12,48,1545.95833333333,14.1717320073742,2.24,1.14,2.24,0.6,1.69,1.1000000000000003,-0.19,-2.29,0.76,2.87,0.86,1015.13,7.32,1.0,0.08,partly-cloudy-day,rain,0,1,0,2,43,7,14.129816930473,12.8239270374473,12.223540533418,13.447164855360358,13.767624351514842
ACORN-E,2013-02-13,48,1544.97916666667,13.8215114797944,3.09,0.6,2.35,1.39,1.845,2.4899999999999998,1.23,-3.18,0.73,3.48,0.68,1021.27,6.92,1.0,0.11,partly-cloudy-day,rain,0,2,0,2,44,7,14.1717320073742,13.1360013109234,11.6314934206906,13.63970842249277,13.767937125924524
ACORN-E,2013-02-14,48,1542.33333333333,13.0214328924732,10.59,4.07,10.59,2.27,7.33,6.52,10.59,-0.11,0.81,2.96,0.55,1011.45,10.56,1.0,0.15,partly-cloudy-day,rain,0,3,0,2,45,7,13.8215114797944,13.0078744927861,11.874226072793,13.7376384466172,13.752909754671043
ACORN-E,2013-02-15,48,1542.54166666667,12.2613490612185,9.76,2.27,9.76,4.7,6.015,7.49,7.75,-0.06,0.77,2.49,0.41,1019.7,13.04,1.0,0.18,partly-cloudy-day,rain,0,4,0,2,46,7,13.0214328924732,12.9799318713813,12.0848754900959,13.739575360858215,13.699230405685443
ACORN-E,2013-02-16,48,1542.91666666667,11.9828478083046,10.13,3.7,10.13,2.16,6.915000000000001,6.430000000000001,10.13,3.7,0.7,1.11,0.48,1023.52,12.97,1.0,0.21,partly-cloudy-day,rain,0,5,1,2,47,7,12.2613490612185,13.6409762662103,13.1404778955759,13.636920673692101,13.591689402652994
ACORN-E,2013-02-17,48,1542.89583333333,12.41887532922,9.49,2.16,9.49,2.02,5.825,7.33,7.33,0.27,0.84,2.79,0.33,1021.74,7.26,1.0,0.24,partly-cloudy-night,rain,0,6,1,2,48,7,11.9828478083046,14.4116260783011,14.1551114127682,13.400045179705572,13.454914858123928
ACORN-E,2013-02-18,48,1540.75,12.1058320099669,7.65,1.16,7.65,-1.43,4.405,6.49,5.22,-0.63,0.83,2.86,0.33,1020.42,7.23,1.0,0.27,fog,rain,0,0,0,2,49,8,12.41887532922,14.129816930473,12.2429796525117,13.115366501265415,13.325215141327746
ACORN-E,2013-02-19,48,1540.64583333333,11.9810868238971,10.12,-1.43,10.12,1.93,4.345,11.549999999999999,10.12,-1.43,0.79,0.4,0.11,1019.55,6.95,2.0,0.3,fog,rain,0,1,0,2,50,8,12.1058320099669,14.1717320073742,12.8239270374473,12.82622579833597,13.226830591438574
ACORN-E,2013-02-20,48,1540.3125,12.3737110688862,4.88,1.83,4.88,1.28,3.355,3.05,3.78,-3.42,0.78,4.86,0.68,1023.08,8.93,1.0,0.33,fog,rain,0,2,0,2,51,8,11.9810868238971,13.8215114797944,13.1360013109234,12.513276486410673,13.127509769583394
ACORN-E,2013-02-21,48,1537.04166666667,13.2176170837471,2.28,0.86,2.28,0.2,1.5699999999999998,1.42,-2.51,-3.9,0.59,5.58,0.8,1023.97,13.24,1.0,0.36,partly-cloudy-day,rain,0,3,0,2,52,8,12.3737110688862,13.0214328924732,13.0078744927861,12.306447856280927,13.04365818925592
ACORN-E,2013-02-22,48,1538.625,13.8518511686969,1.36,0.2,1.36,0.19,0.78,1.1600000000000001,-3.32,-4.29,0.63,4.79,0.81,1020.5,13.04,1.0,0.39,partly-cloudy-day,snow,0,4,0,2,53,8,13.2176170837471,12.2613490612185,12.9799318713813,12.334474169320057,12.990662359371768
ACORN-E,2013-02-23,48,1538.95833333333,14.0971214228451,1.74,0.19,1.74,0.85,0.965,1.55,-1.89,-4.2,0.68,3.92,0.83,1020.81,11.64,1.0,0.42,partly-cloudy-day,rain,0,5,1,2,54,8,13.8518511686969,11.9828478083046,13.6409762662103,12.561688756102685,12.964319069637494
ACORN-E,2013-02-24,48,1538.95833333333,14.8928820096978,2.35,0.85,2.35,1.74,1.6,1.5,-2.08,-3.26,0.71,4.47,0.86,1023.88,13.0,1.0,0.45,partly-cloudy-day,rain,0,6,1,2,55,8,14.0971214228451,12.41887532922,14.4116260783011,12.863727843894186,12.981381425734329
ACORN-E,2013-02-25,48,1537.91666666667,14.1657487652348,4.39,1.74,4.39,2.98,3.065,2.6499999999999995,0.59,-2.46,0.83,4.8,0.84,1026.97,9.78,1.0,0.48,partly-cloudy-day,rain,0,0,0,2,56,9,14.8928820096978,12.1058320099669,14.129816930473,13.217157369676729,13.02852547758904
ACORN-E,2013-02-26,48,1537.875,13.7567261056504,4.93,2.98,4.93,2.33,3.955,1.9499999999999997,1.8,-1.18,0.91,4.34,0.86,1032.15,3.48,1.0,0.52,fog,rain,0,1,0,2,57,9,14.1657487652348,11.9810868238971,14.1717320073742,13.511431191857856,13.065944907026164
ACORN-E,2013-02-27,48,1526.125,13.3161862765226,6.11,2.33,6.11,2.41,4.220000000000001,3.7800000000000002,2.67,-1.82,0.83,4.4,0.69,1034.17,8.92,1.0,0.55,partly-cloudy-day,rain,0,2,0,2,58,9,13.7567261056504,12.3737110688862,13.8215114797944,13.765093946394042,13.120701534605894
ACORN-E,2013-02-28,48,1524.1875,12.9426576512858,7.26,2.41,7.26,2.58,4.835,4.85,4.09,-1.18,0.8,4.25,0.64,1029.69,12.67,1.0,0.59,partly-cloudy-day,rain,0,3,0,2,59,9,13.3161862765226,13.2176170837471,13.0214328924732,13.899733261770672,13.180869136599894
ACORN-E,2013-03-01,48,1524.79166666667,12.9451946858526,6.62,2.58,6.62,2.58,4.6,4.04,3.28,-1.08,0.78,3.77,0.83,1029.18,10.27,1.0,0.62,partly-cloudy-day,rain,0,4,0,3,60,9,12.9426576512858,13.8518511686969,12.2613490612185,13.860453342847629,13.21902740726035
ACORN-E,2013-03-02,48,1523.79166666667,13.0630348689395,4.69,0.63,4.69,-1.14,2.66,4.0600000000000005,3.13,-0.01,0.72,2.02,0.66,1027.67,13.05,1.0,0.66,partly-cloudy-day,rain,0,5,1,3,61,9,12.9451946858526,14.0971214228451,11.9828478083046,13.730930988155588,13.249753092823088
ACORN-E,2013-03-03,48,1524.89583333333,13.3815688233246,7.83,-1.14,7.83,2.14,3.345,8.97,5.04,-1.14,0.8,2.2,0.58,1023.52,10.12,1.0,0.7,partly-cloudy-day,rain,0,6,1,3,62,9,13.0630348689395,14.8928820096978,12.41887532922,13.583204337597644,13.246987270443217
ACORN-E,2013-03-04,48,1519.875,12.499777132647,8.99,2.14,8.99,1.87,5.565,6.85,6.17,-1.41,0.78,3.66,0.27,1013.74,7.02,2.0,0.74,partly-cloudy-day,rain,0,0,0,3,63,10,13.3815688233246,14.1657487652348,12.1058320099669,13.367302453830044,13.21936074939166
ACORN-E,2013-03-05,48,1522.9375,11.5510600559439,16.06,1.87,16.06,7.65,8.965,14.189999999999998,16.06,1.49,0.74,1.6,0.12,1004.57,8.11,2.0,0.77,fog,rain,0,1,0,3,64,10,12.499777132647,13.7567261056504,11.9810868238971,13.129306506317501,13.22853208796792
ACORN-E,2013-03-06,48,1521.70833333333,11.2178752244238,13.14,7.65,13.14,7.43,10.395,5.49,13.14,6.51,0.72,2.41,0.17,1000.69,8.37,2.0,0.81,fog,rain,0,2,0,3,65,10,11.5510600559439,13.3161862765226,12.3737110688862,12.814211356359428,13.183072552914227
ACORN-E,2013-03-07,48,1519.77083333333,11.3630449830748,9.63,7.43,9.63,8.19,8.530000000000001,2.200000000000001,7.99,6.67,0.93,2.2,0.68,996.96,2.78,2.0,0.85,fog,rain,0,3,0,3,66,10,11.2178752244238,12.9426576512858,13.2176170837471,12.514452634631029,13.114568049824957
ACORN-E,2013-03-08,48,1520.375,11.1147683521966,9.61,8.02,9.61,5.86,8.815,1.5899999999999999,9.04,6.61,0.96,1.75,0.83,997.56,1.93,2.0,0.89,fog,rain,0,4,0,3,67,10,11.3630449830748,12.9451946858526,13.8518511686969,12.288793682029459,13.05582413876384
ACORN-E,2013-03-09,48,1521.66666666667,11.7192082247091,8.01,3.88,6.84,2.38,5.945,4.13,7.53,0.97,0.9,2.52,0.84,1002.41,5.68,2.0,0.92,fog,rain,0,5,1,3,68,10,11.1147683521966,13.0630348689395,14.0971214228451,12.027304205792886,12.989211155935815
ACORN-E,2013-03-10,48,1521.83333333333,13.3634044707332,3.45,1.23,3.37,-0.4,2.34,2.22,0.33,-4.03,0.82,5.05,0.81,1005.94,12.26,2.0,0.96,partly-cloudy-day,rain,0,6,1,3,69,10,11.7192082247091,13.3815688233246,14.8928820096978,11.835328970902827,12.920576583025056
ACORN-E,2013-03-11,48,1521.29166666667,14.2005679359751,1.22,-1.57,0.04,-1.89,-0.17500000000000004,2.79,-4.11,-8.57,0.73,8.17,0.6,1007.26,10.83,2.0,0.99,wind,snow,0,0,0,3,70,11,13.3634044707332,12.499777132647,14.1657487652348,11.83273406338977,12.88314009704049
ACORN-E,2013-03-12,48,1519.79166666667,14.0535659158744,3.86,-1.89,3.86,1.14,0.985,5.75,-0.56,-8.88,0.63,6.81,0.54,1008.83,12.34,2.0,0.03,wind,rain,0,1,0,3,71,11,14.2005679359751,11.5510600559439,13.7567261056504,12.075704178150929,12.885666918665564
ACORN-E,2013-03-13,48,1518.9375,13.0886802661069,6.42,1.14,6.42,-0.91,3.78,5.28,3.01,-2.39,0.73,3.65,0.37,1010.59,13.04,2.0,0.06,partly-cloudy-day,rain,0,2,0,3,72,11,14.0535659158744,11.2178752244238,13.3161862765226,12.433205015283859,12.881446701111999
ACORN-E,2013-03-14,48,1518.9375,12.7651004779593,6.56,-0.91,6.56,2.99,2.8249999999999997,7.47,5.17,-3.72,0.67,1.81,0.27,1015.57,10.54,2.0,0.09,partly-cloudy-night,rain,0,3,0,3,73,11,13.0886802661069,11.3630449830748,12.9426576512858,12.700462878381442,12.855274157766017
ACORN-E,2013-03-15,48,1519.70833333333,12.3318594128532,8.27,2.99,8.27,6.36,5.63,5.279999999999999,4.56,-0.32,0.81,5.82,0.65,1007.6,12.36,2.0,0.12,wind,rain,0,4,0,3,74,11,12.7651004779593,11.1147683521966,12.9451946858526,12.9007565205078,12.846119428676236
ACORN-E,2013-03-16,48,1518.95833333333,12.7975274978929,7.51,5.79,7.33,3.17,6.65,1.7199999999999998,3.91,1.78,0.85,6.75,0.69,996.08,12.13,2.0,0.15,wind,rain,0,5,1,3,75,11,12.3318594128532,11.7192082247091,13.0630348689395,13.074626672030169,12.848637655520333
ACORN-E,2013-03-17,48,1517.77083333333,13.1011354226523,7.3,2.36,7.3,-0.22,4.83,4.9399999999999995,5.13,-0.32,0.88,2.1,0.64,990.34,11.52,2.0,0.19,partly-cloudy-day,rain,0,6,1,3,76,11,12.7975274978929,13.3634044707332,13.3815688233246,13.228672282484998,12.877733358719913
ACORN-E,2013-03-18,48,1518.64583333333,12.7870790009698,7.35,-0.22,7.35,3.33,3.565,7.569999999999999,7.06,-1.32,0.91,0.73,0.5,991.02,7.97,2.0,0.22,partly-cloudy-day,rain,0,0,0,3,77,12,13.1011354226523,14.2005679359751,12.499777132647,13.1912052756163,12.90209979062821
ACORN-E,2013-03-19,48,1518.0625,12.2766512586736,7.72,2.81,7.72,2.37,5.265,4.91,5.81,0.65,0.83,1.56,0.59,997.51,8.32,2.0,0.25,partly-cloudy-day,rain,0,1,0,3,78,12,12.7870790009698,14.0535659158744,11.5510600559439,12.989278284901257,12.926430040306885
ACORN-E,2013-03-20,48,1518.9375,12.6082015146963,5.87,2.37,5.87,1.18,4.12,3.5,3.49,0.18,0.86,2.37,0.78,1006.74,5.73,2.0,0.27,partly-cloudy-day,rain,0,2,0,3,79,12,12.2766512586736,13.0886802661069,11.2178752244238,12.73543333387257,12.936985912977475
ACORN-E,2013-03-21,48,1518.6875,12.2905181487928,6.27,1.18,6.27,2.59,3.7249999999999996,5.09,2.57,-1.24,0.75,4.73,0.61,1015.96,10.8,2.0,0.31,partly-cloudy-day,rain,0,3,0,3,80,12,12.6082015146963,12.7651004779593,11.3630449830748,12.666793512242487,12.945360571756408
ACORN-E,2013-03-22,48,1518.85416666667,13.0343660600478,5.01,2.59,5.01,0.95,3.8,2.42,0.07,-2.8,0.79,7.92,0.69,1009.8,6.1,3.0,0.34,wind,rain,0,4,0,3,81,12,12.2905181487928,12.3318594128532,11.1147683521966,12.59899603664727,12.912249895508038
ACORN-E,2013-03-23,48,1517.8125,14.4674132200073,3.06,0.92,1.45,0.14,1.99,2.14,-2.27,-4.48,0.92,6.42,0.85,1009.85,3.73,2.0,0.37,fog,rain,0,5,1,3,82,12,13.0343660600478,12.7975274978929,11.7192082247091,12.699354129103643,12.883053998770572
ACORN-E,2013-03-24,48,1518.70833333333,15.4350093851371,1.53,-0.32,1.23,0.71,0.605,1.85,-2.86,-6.34,0.78,6.06,0.83,1012.85,9.37,2.0,0.4,partly-cloudy-day,snow,0,6,1,3,83,12,14.4674132200073,13.1011354226523,13.3634044707332,12.937909232262843,12.89627870581208
ACORN-E,2013-03-25,48,1518.75,14.2956490210339,1.81,0.71,1.81,0.77,1.26,1.1,-2.89,-4.96,0.65,5.95,0.68,1014.28,12.76,2.0,0.43,partly-cloudy-day,rain,0,0,0,3,84,13,15.4350093851371,12.7870790009698,14.2005679359751,13.2713197983321,12.915640397792052
ACORN-E,2013-03-26,48,1518.8125,14.2987223505345,1.75,0.77,1.75,-0.29,1.26,0.98,-2.29,-4.31,0.65,4.99,0.69,1013.39,12.81,2.0,0.46,partly-cloudy-day,rain,0,1,0,3,85,13,14.2956490210339,12.2766512586736,14.0535659158744,13.4868298011984,12.920279692642021
ACORN-E,2013-03-27,48,1517.85416666667,13.7351043582809,3.82,-0.29,3.82,-0.89,1.765,4.109999999999999,-0.19,-4.06,0.64,3.95,0.48,1011.63,12.86,3.0,0.49,partly-cloudy-day,rain,0,2,0,3,86,13,14.2987223505345,12.6082015146963,13.0886802661069,13.775697100035671,12.939636701387883
ACORN-E,2013-03-28,48,1518.75,12.998063613105,4.08,-0.89,4.08,-0.52,1.595,4.97,0.31,-3.85,0.66,3.57,0.5,1012.3,11.64,2.0,0.54,partly-cloudy-day,rain,0,3,0,3,87,13,13.7351043582809,12.2905181487928,12.7651004779593,13.936683220547758,12.954598061450678
ACORN-E,2013-03-29,48,1518.02083333333,12.7565286845325,5.31,-0.52,5.31,0.94,2.3949999999999996,5.83,1.71,-2.99,0.63,3.52,0.59,1010.88,13.45,3.0,0.57,partly-cloudy-day,rain,1,4,0,3,88,13,12.998063613105,13.0343660600478,12.3318594128532,14.03776114402093,12.956576845801363
ACORN-E,2013-03-30,48,1518.6875,12.0826602141864,4.87,0.94,4.87,-1.54,2.9050000000000002,3.93,1.53,-2.65,0.69,3.61,0.66,1011.38,13.1,3.0,0.61,partly-cloudy-day,rain,0,5,1,3,89,13,12.7565286845325,14.4674132200073,12.7975274978929,13.998070090375887,12.949838774325645
ACORN-E,2013-03-31,48,1517.04166666667,12.096634166056,4.96,-1.54,4.96,1.1,1.71,6.5,1.64,-2.33,0.68,2.8,0.4,1014.56,12.67,3.0,0.65,partly-cloudy-day,rain,0,6,1,3,90,13,12.0826602141864,15.4350093851371,13.1011354226523,13.65739108954433,12.91482539379875
ACORN-E,2013-04-01,48,1516.79166666667,12.560746460632,7.71,0.04,7.71,0.48,3.875,7.67,3.74,-4.26,0.57,5.5,0.2,1014.63,13.02,3.0,0.72,partly-cloudy-day,rain,0,0,0,4,91,14,12.096634166056,14.2956490210339,12.7870790009698,13.180480343961316,12.868934870324873
ACORN-E,2013-04-02,48,1516.83333333333,12.1800498277973,4.09,0.48,4.09,0.98,2.285,3.61,-0.57,-3.72,0.64,5.84,0.45,1017.4,13.1,3.0,0.76,partly-cloudy-day,rain,0,1,0,4,92,14,12.560746460632,14.2987223505345,12.2766512586736,12.932637121046756,12.871112346324336
ACORN-E,2013-04-03,48,1516.97916666667,12.8449863091435,2.91,0.98,2.91,1.88,1.945,1.9300000000000002,-1.57,-3.52,0.74,5.76,0.55,1014.22,10.8,3.0,0.8,partly-cloudy-day,rain,0,2,0,4,93,14,12.1800498277973,13.7351043582809,12.6082015146963,12.629969617798588,12.893576266747672
ACORN-E,2013-04-04,48,1514.16666666667,13.1439744201616,7.34,1.88,7.34,0.64,4.609999999999999,5.46,3.68,-2.8,0.61,5.89,0.63,1015.19,13.08,3.0,0.83,partly-cloudy-day,rain,0,3,0,4,94,14,12.8449863091435,12.998063613105,12.2905181487928,12.502809896493243,12.951687376916231
ACORN-E,2013-04-05,48,1513.35416666667,12.7072927044492,9.87,0.64,9.87,-1.21,5.255,9.229999999999999,8.53,-2.67,0.63,2.75,0.23,1023.34,13.02,3.0,0.87,partly-cloudy-day,rain,0,4,0,4,95,14,13.1439744201616,12.7565286845325,13.0343660600478,12.523654297501327,13.015291999669332
ACORN-E,2013-04-06,48,1513.9375,11.6864360904028,10.37,-1.21,10.37,3.47,4.58,11.579999999999998,10.37,-1.21,0.62,2.04,0.4,1020.37,11.84,3.0,0.9,partly-cloudy-day,rain,0,5,1,4,96,14,12.7072927044492,12.0826602141864,14.4674132200073,12.516620586060856,13.07216786939264
ACORN-E,2013-04-07,48,1513.97916666667,11.6033508493922,9.99,3.47,9.99,3.45,6.73,6.52,7.18,-0.38,0.65,4.97,0.36,1005.84,10.81,3.0,0.94,partly-cloudy-day,rain,0,6,1,4,97,14,11.6864360904028,12.096634166056,15.4350093851371,12.460017139806057,13.070997436024557
ACORN-E,2013-04-08,48,1513.0,11.1064882912261,8.81,3.45,8.81,2.98,6.130000000000001,5.36,6.01,0.39,0.83,3.87,0.7,997.5,6.66,3.0,0.97,partly-cloudy-day,rain,0,0,0,4,98,15,11.6033508493922,12.560746460632,14.2956490210339,12.389548094568372,13.008138378119522
ACORN-E,2013-04-09,48,1511.95833333333,11.478215608742,10.59,2.98,10.59,5.93,6.785,7.609999999999999,10.59,0.4,0.79,1.07,0.61,1003.54,4.44,4.0,0.01,fog,rain,0,1,0,4,99,15,11.1064882912261,12.1800498277973,14.2987223505345,12.181796927510387,12.8976355336642
ACORN-E,2013-04-10,48,1512.97916666667,10.7452496718334,11.3,5.93,11.3,7.09,8.615,5.370000000000001,11.3,2.98,0.9,2.28,0.69,997.1,6.07,3.0,0.04,fog,rain,0,2,0,4,100,15,11.478215608742,12.8449863091435,13.7351043582809,12.08153489621677,12.8056587369809
ACORN-E,2013-04-11,48,1512.75,10.9525544994317,11.51,7.09,11.51,4.92,9.3,4.42,11.51,4.87,0.87,3.04,0.54,997.53,11.62,3.0,0.07,partly-cloudy-day,rain,0,3,0,4,101,15,10.7452496718334,13.1439744201616,12.998063613105,11.781572519458186,12.721964787185417
ACORN-E,2013-04-12,48,1511.14583333333,10.6761253626054,11.42,4.92,11.29,10.92,8.17,6.5,11.42,3.3,0.87,4.42,0.57,1011.09,11.06,3.0,0.1,wind,rain,0,4,0,4,102,15,10.9525544994317,12.7072927044492,12.7565286845325,11.468512530782487,12.657231002238003
ACORN-E,2013-04-13,48,1511.625,10.7512593774446,19.88,11.49,19.88,10.88,15.684999999999999,8.389999999999999,19.88,11.49,0.7,6.56,0.45,1013.12,12.36,4.0,0.13,wind,rain,0,5,1,4,103,15,10.6761253626054,11.6864360904028,12.0826602141864,11.178345767661943,12.598097643300582
ACORN-E,2013-04-14,48,1511.375,9.97140056909634,15.43,10.08,15.43,9.63,12.754999999999999,5.35,15.43,10.08,0.72,5.4,0.42,1016.86,12.96,4.0,0.16,partly-cloudy-day,rain,0,6,1,4,104,15,10.7512593774446,11.6033508493922,12.096634166056,11.0447490943822,12.525016638998858
ACORN-E,2013-04-15,48,1512.64583333333,9.45060758580056,16.55,9.63,16.55,9.66,13.09,6.92,16.55,7.26,0.7,5.75,0.4,1015.5,12.52,4.0,0.19,partly-cloudy-day,rain,0,0,0,4,105,16,9.97140056909634,11.1064882912261,12.560746460632,10.81161334005422,12.413240394229003
ACORN-E,2013-04-16,48,1511.875,9.30869867220159,17.95,9.66,17.95,9.13,13.805,8.29,17.95,8.26,0.77,5.53,0.54,1014.48,10.8,4.0,0.22,wind,rain,0,1,0,4,106,16,9.45060758580056,11.478215608742,12.1800498277973,10.575058953564858,12.294080700830099
ACORN-E,2013-04-17,48,1508.22916666667,9.33922998847911,14.11,8.48,14.11,7.08,11.295,5.629999999999999,14.11,5.27,0.64,8.12,0.35,1013.1,12.81,4.0,0.25,wind,rain,0,2,0,4,107,16,9.30869867220159,10.7452496718334,12.8449863091435,10.265127962630514,12.188082394170385
ACORN-E,2013-04-18,48,1509.08333333333,9.4670115743514,11.95,6.17,11.95,2.88,9.059999999999999,5.779999999999999,11.95,3.88,0.69,2.33,0.47,1025.56,13.12,4.0,0.28,partly-cloudy-day,rain,0,3,0,4,108,16,9.33922998847911,10.9525544994317,13.1439744201616,10.064268007865612,12.071333411091201
ACORN-E,2013-04-19,48,1510.97916666667,9.50071436238424,13.14,2.88,13.14,1.46,8.01,10.260000000000002,13.14,2.88,0.66,2.21,0.16,1032.63,12.07,5.0,0.31,partly-cloudy-day,rain,0,4,0,4,109,16,9.4670115743514,10.6761253626054,12.7072927044492,9.852047589997,11.970493890575437
ACORN-E,2013-04-20,48,1510.4375,9.30153400494376,14.12,1.46,14.12,6.91,7.789999999999999,12.66,14.12,1.46,0.64,2.14,0.28,1021.92,12.79,4.0,0.35,partly-cloudy-day,rain,0,5,1,4,110,16,9.50071436238424,10.7512593774446,11.6864360904028,9.684131732822548,11.84429204423031
ACORN-E,2013-04-21,48,1511.89583333333,9.92296966608932,14.32,6.91,14.32,10.02,10.615,7.41,14.32,5.12,0.74,4.12,0.66,1016.11,12.04,4.0,0.38,partly-cloudy-day,rain,0,6,1,4,111,16,9.30153400494376,9.97140056909634,11.6033508493922,9.47702810817957,11.659796357978038
ACORN-E,2013-04-22,48,1511.77083333333,9.55164822218786,20.25,10.02,20.25,9.45,15.135,10.23,20.25,10.02,0.68,3.48,0.46,1019.23,12.5,5.0,0.41,partly-cloudy-day,rain,0,0,0,4,112,17,9.92296966608932,9.45060758580056,11.1064882912261,9.470109407749998,11.462937796583475
ACORN-E,2013-04-23,48,1512.0,8.68495039887566,19.35,9.45,19.35,11.38,14.4,9.900000000000002,19.35,8.49,0.74,3.03,0.33,1023.67,11.96,4.0,0.45,partly-cloudy-day,rain,0,1,0,4,113,17,9.55164822218786,9.30869867220159,11.478215608742,9.484543784376754,11.293509196624688
ACORN-E,2013-04-24,48,1511.66666666667,8.47392943121172,22.08,11.38,22.08,7.05,16.73,10.699999999999998,22.08,11.38,0.72,3.2,0.27,1020.93,10.17,5.0,0.48,partly-cloudy-day,rain,0,2,0,4,114,17,8.68495039887566,9.33922998847911,10.7452496718334,9.395436888187335,11.0930173412083
ACORN-E,2013-04-25,48,1510.04166666667,8.1969011144972,13.28,7.05,12.06,4.02,10.165,6.2299999999999995,13.28,5.04,0.65,3.42,0.51,1015.24,12.12,5.0,0.52,partly-cloudy-day,rain,0,3,0,4,115,17,8.47392943121172,9.4670115743514,10.9525544994317,9.271822522863422,10.905118236670116
ACORN-E,2013-04-26,48,1509.72916666667,8.66608496267383,10.36,4.02,10.36,1.61,7.1899999999999995,6.34,10.36,1.82,0.71,2.7,0.39,1015.1,13.16,5.0,0.56,partly-cloudy-day,rain,0,4,0,4,116,17,8.1969011144972,9.50071436238424,10.6761253626054,9.09037817145568,10.733648147434124
ACORN-E,2013-04-27,48,1508.22916666667,9.42857301690164,11.59,1.61,11.59,7.98,6.6,9.98,11.59,1.61,0.64,3.27,0.27,1017.0,12.49,5.0,0.6,partly-cloudy-day,rain,0,5,1,4,117,17,8.66608496267383,9.30153400494376,10.7512593774446,8.971145400068478,10.587560871653457
ACORN-E,2013-04-28,48,1509.25,9.78692971256058,13.41,7.98,13.41,5.94,10.695,5.43,13.41,4.92,0.59,4.51,0.45,1016.36,13.18,4.0,0.63,partly-cloudy-day,rain,0,6,1,4,118,17,9.42857301690164,9.92296966608932,9.97140056909634,8.989293830348176,10.492772043179
ACORN-E,2013-04-29,48,1508.47916666667,9.11775548751278,13.71,5.94,13.71,4.42,9.825000000000001,7.7700000000000005,13.71,4.3,0.62,2.84,0.22,1024.5,13.15,5.0,0.67,partly-cloudy-day,rain,0,0,0,4,119,18,9.78692971256058,9.55164822218786,9.45060758580056,8.96985955127264,10.410282598411309
ACORN-E,2013-04-30,48,1510.6875,9.02584303048144,16.32,4.42,16.32,5.43,10.370000000000001,11.9,16.32,2.32,0.62,2.95,0.26,1024.26,12.7,5.0,0.71,partly-cloudy-day,rain,0,1,0,4,120,18,9.11775548751278,8.68495039887566,9.30869867220159,8.907874874890487,10.287318635085622
ACORN-E,2013-05-01,48,1509.0,8.89956471106951,16.96,5.43,16.96,4.48,11.195,11.530000000000001,16.96,3.39,0.43,2.9,0.2,1022.7,15.34,5.0,0.75,partly-cloudy-day,rain,0,2,0,5,121,18,9.02584303048144,8.47392943121172,9.33922998847911,8.956573822262742,10.17466839232434
ACORN-E,2013-05-02,48,1506.41666666667,8.5953678201668,19.71,4.48,19.71,8.05,12.095,15.23,19.71,4.48,0.56,2.71,0.34,1019.76,14.76,5.0,0.78,partly-cloudy-day,rain,0,3,0,5,122,18,8.89956471106951,8.1969011144972,9.4670115743514,9.017378862242426,10.033760478107412
ACORN-E,2013-05-03,48,1506.70833333333,8.16601452036002,16.31,8.05,16.31,6.87,12.18,8.259999999999998,16.31,5.78,0.64,5.16,0.34,1017.3,13.24,4.0,0.82,partly-cloudy-day,rain,0,4,0,5,123,18,8.5953678201668,8.66608496267383,9.50071436238424,9.074302677338082,9.87131024239331
ACORN-E,2013-05-04,48,1506.75,8.58748287791204,17.79,6.87,17.79,10.48,12.33,10.919999999999998,17.79,5.5,0.68,2.26,0.36,1021.76,12.91,4.0,0.85,partly-cloudy-day,rain,0,5,1,5,124,18,8.16601452036002,9.42857301690164,9.30153400494376,9.002864042721823,9.709121735818698
ACORN-E,2013-05-05,48,1505.64583333333,8.46293921121008,20.99,10.48,20.99,8.63,15.735,10.509999999999998,20.99,10.48,0.63,1.13,0.22,1020.13,13.5,5.0,0.89,partly-cloudy-day,rain,0,6,1,5,125,18,8.58748287791204,9.78692971256058,9.92296966608932,8.882708308580453,9.5984448353726
ACORN-E,2013-05-06,48,1506.97916666667,8.38489385058298,19.82,8.63,19.82,11.72,14.225000000000001,11.19,19.82,8.63,0.6,2.07,0.16,1016.51,14.19,5.0,0.92,partly-cloudy-day,rain,0,0,0,5,126,19,8.46293921121008,9.11775548751278,9.55164822218786,8.693566808387525,9.486287276866095
ACORN-E,2013-05-07,48,1505.89583333333,8.1738702019261,16.81,11.33,16.81,7.28,14.07,5.479999999999999,16.81,11.33,0.77,3.21,0.52,1007.4,9.8,4.0,0.95,partly-cloudy-day,rain,0,1,0,5,127,19,8.38489385058298,9.02584303048144,8.68495039887566,8.588872288826124,9.389087475414556
ACORN-E,2013-05-08,48,1505.83333333333,8.43168012579819,14.28,7.28,14.28,10.18,10.78,6.999999999999999,14.28,5.0,0.71,7.13,0.47,1008.69,11.97,4.0,0.99,wind,rain,0,2,0,5,128,19,8.1738702019261,8.89956471106951,8.47392943121172,8.46716188474679,9.271075139456844
ACORN-E,2013-05-09,48,1503.3125,8.70642124054509,17.17,10.2,17.17,7.06,13.685,6.970000000000002,17.17,10.2,0.72,6.74,0.63,1010.14,12.39,5.0,0.02,wind,rain,0,3,0,5,129,19,8.43168012579819,8.5953678201668,8.1969011144972,8.40032122970803,9.188447655669874
ACORN-E,2013-05-10,48,1504.95833333333,8.63150314885828,13.18,7.06,13.18,6.04,10.12,6.12,13.18,4.29,0.78,4.83,0.56,1010.93,12.2,4.0,0.05,wind,rain,0,4,0,5,130,19,8.70642124054509,8.16601452036002,8.66608496267383,8.416186004047786,9.108228610709636
ACORN-E,2013-05-11,48,1504.02083333333,9.25306429817899,14.81,6.04,14.81,10.87,10.425,8.77,14.81,2.44,0.76,5.33,0.44,1014.56,12.05,6.0,0.08,partly-cloudy-day,rain,0,5,1,5,131,19,8.63150314885828,8.58748287791204,9.42857301690164,8.482684379547537,9.035206388790098
ACORN-E,2013-05-12,48,1503.97916666667,9.89562039066751,14.06,7.45,14.06,7.36,10.755,6.61,14.06,4.53,0.68,6.61,0.61,1011.68,11.93,5.0,0.11,wind,rain,0,6,1,5,132,19,9.25306429817899,8.46293921121008,9.78692971256058,8.577767439585672,8.981699421673467
ACORN-E,2013-05-13,48,1502.75,9.01868786238403,10.94,7.36,10.94,7.0,9.15,3.579999999999999,10.94,4.75,0.8,3.97,0.67,1003.62,11.38,4.0,0.14,wind,rain,0,0,0,5,133,20,9.89562039066751,8.38489385058298,9.11775548751278,8.782436179508164,8.978992986729581
ACORN-E,2013-05-14,48,1505.66666666667,9.60366056987169,13.64,7.0,13.64,4.17,10.32,6.640000000000001,13.64,2.67,0.71,5.86,0.71,994.19,11.97,4.0,0.17,wind,rain,0,1,0,5,134,20,9.01868786238403,8.1738702019261,9.02584303048144,8.872978181194027,8.963567282321849
ACORN-E,2013-05-15,48,1504.0,9.65888583184731,15.13,4.17,15.13,7.2,9.65,10.96,15.13,4.17,0.74,1.64,0.36,999.92,10.93,5.0,0.2,partly-cloudy-day,rain,0,2,0,5,135,20,9.60366056987169,8.43168012579819,8.89956471106951,9.077233948043398,8.974101635810067
ACORN-E,2013-05-16,48,1501.47916666667,9.0839382072313,11.3,7.2,11.3,9.12,9.25,4.1000000000000005,11.3,6.9,0.76,2.35,0.6,1005.87,11.54,4.0,0.23,partly-cloudy-day,rain,0,3,0,5,136,20,9.65888583184731,8.70642124054509,8.5953678201668,9.252549048907557,8.985517915930359
ACORN-E,2013-05-17,48,1501.95833333333,9.42078825268281,14.56,9.12,14.56,8.91,11.84,5.440000000000001,14.56,7.62,0.67,1.94,0.59,1008.08,11.93,4.0,0.26,partly-cloudy-day,rain,0,4,0,5,137,20,9.0839382072313,8.63150314885828,8.16601452036002,9.306480044148445,8.971836724247499
ACORN-E,2013-05-18,48,1501.4375,9.15990007310767,17.85,8.91,17.85,11.38,13.38,8.940000000000001,17.85,8.56,0.7,2.12,0.32,1011.12,11.1,5.0,0.3,partly-cloudy-day,rain,0,5,1,5,138,20,9.42078825268281,9.25306429817899,8.58748287791204,9.41923505898052,8.96898222032959
ACORN-E,2013-05-19,48,1502.0,9.12674966737683,16.87,11.38,16.77,12.44,14.125,5.49,16.87,11.38,0.84,3.7,0.81,1011.37,7.31,4.0,0.33,cloudy,rain,0,6,1,5,139,20,9.15990007310767,9.89562039066751,8.46293921121008,9.405925883970331,8.963923865621158
ACORN-E,2013-05-20,48,1501.79166666667,9.08320661105876,16.22,12.01,13.49,10.1,14.114999999999998,4.209999999999999,16.22,12.01,0.78,4.21,0.79,1015.56,10.78,4.0,0.36,partly-cloudy-day,rain,0,0,0,5,140,21,9.12674966737683,9.01868786238403,8.38489385058298,9.29608720921452,8.935487437095713
ACORN-E,2013-05-21,48,1499.52083333333,8.79603213824091,14.02,9.58,14.02,6.27,11.8,4.4399999999999995,14.02,7.13,0.7,3.25,0.74,1018.45,11.68,4.0,0.4,partly-cloudy-day,rain,0,1,0,5,141,21,9.08320661105876,9.60366056987169,8.1738702019261,9.30530417331091,8.918757379555387
ACORN-E,2013-05-22,48,1499.95833333333,9.00379709586618,10.26,6.27,10.26,5.43,8.265,3.99,10.26,3.51,0.65,4.18,0.49,1013.55,12.54,6.0,0.44,partly-cloudy-day,rain,0,2,0,5,142,21,8.79603213824091,9.65888583184731,8.43168012579819,9.189928683077941,8.922724584532718
ACORN-E,2013-05-23,48,1499.5,9.17269580432696,8.21,5.43,8.21,5.64,6.82,2.780000000000001,6.24,1.79,0.84,2.24,0.65,1009.4,11.89,4.0,0.47,partly-cloudy-day,rain,0,3,0,5,143,21,9.00379709586618,9.0839382072313,8.70642124054509,9.09634457793778,8.941648429698947
ACORN-E,2013-05-24,48,1500.85416666667,9.95184640228719,14.87,5.64,14.87,6.24,10.254999999999999,9.23,14.87,3.19,0.67,3.46,0.32,1020.26,12.21,5.0,0.51,partly-cloudy-day,rain,0,4,0,5,144,21,9.17269580432696,9.42078825268281,8.63150314885828,9.10902423466573,8.976498240050011
ACORN-E,2013-05-25,48,1499.02083333333,8.93120024491696,18.82,6.24,18.82,6.32,12.530000000000001,12.58,18.82,4.49,0.55,2.79,0.34,1018.43,14.76,6.0,0.55,partly-cloudy-day,rain,0,5,1,5,145,21,9.95184640228719,9.15990007310767,9.25306429817899,9.184889684609216,9.022418291464774
ACORN-E,2013-05-26,48,1498.54166666667,8.32056600934003,17.28,6.32,17.28,9.97,11.8,10.96,17.28,4.68,0.58,4.34,0.29,1009.15,13.63,6.0,0.59,wind,rain,0,6,1,5,146,21,8.93120024491696,9.12674966737683,9.89562039066751,9.152218280581971,9.004654978179607
ACORN-E,2013-05-27,48,1499.79166666667,8.49796473193311,12.13,9.78,11.88,8.38,10.955,2.3500000000000014,12.13,9.12,0.86,1.48,0.67,1000.65,9.37,4.0,0.62,partly-cloudy-day,rain,1,0,0,5,147,22,8.32056600934003,9.08320661105876,9.01868786238403,9.037049186576713,8.95228484592173
ACORN-E,2013-05-28,48,1499.83333333333,9.23012812103854,12.79,8.38,12.79,10.79,10.585,4.409999999999998,12.79,7.59,0.87,2.14,0.76,1004.27,9.24,4.0,0.66,partly-cloudy-day,rain,0,1,0,5,148,22,8.49796473193311,8.79603213824091,9.60366056987169,8.953443203844477,8.930149461793885
ACORN-E,2013-05-29,48,1497.8125,9.23205101468994,14.69,10.79,14.69,11.27,12.739999999999998,3.9000000000000004,14.69,10.79,0.86,3.44,0.94,1010.33,8.71,4.0,0.7,partly-cloudy-day,rain,0,2,0,5,149,22,9.23012812103854,9.00379709586618,9.65888583184731,9.01545691567271,8.93744535788521
ACORN-E,2013-05-30,48,1498.6875,9.20928698903466,21.68,11.27,21.68,10.77,16.475,10.41,21.68,11.27,0.72,3.45,0.54,1017.87,10.59,6.0,0.73,partly-cloudy-day,rain,0,3,0,5,150,22,9.23205101468994,9.17269580432696,9.0839382072313,9.048064618361819,8.949319868728796
ACORN-E,2013-05-31,48,1496.0625,8.44696028379508,17.34,10.77,17.34,9.72,14.055,6.57,17.34,10.77,0.65,3.35,0.38,1022.85,12.7,5.0,0.77,partly-cloudy-day,rain,0,4,0,5,151,22,9.20928698903466,9.95184640228719,9.42078825268281,9.053291930462917,8.97124555333122
ACORN-E,2013-06-01,48,1498.04166666667,8.36917209284768,18.83,9.72,18.83,7.24,14.274999999999999,9.109999999999998,18.83,8.97,0.59,2.4,0.27,1028.53,13.42,5.0,0.8,partly-cloudy-day,rain,0,5,1,6,152,22,8.44696028379508,8.93120024491696,9.15990007310767,8.838308199249761,8.981279330596758
ACORN-E,2013-06-02,48,1496.77083333333,8.54114021019586,18.66,7.24,18.66,7.64,12.95,11.42,18.66,7.24,0.66,2.84,0.26,1031.47,13.28,6.0,0.84,partly-cloudy-day,rain,0,6,1,6,153,22,8.36917209284768,8.32056600934003,9.12674966737683,8.758018463239862,8.97348251684446
ACORN-E,2013-06-03,48,1495.02083333333,8.09542114409748,20.07,7.64,20.07,8.96,13.855,12.43,20.07,6.1,0.6,4.16,0.27,1027.0,14.65,7.0,0.87,partly-cloudy-day,rain,0,0,0,6,154,23,8.54114021019586,8.49796473193311,9.08320661105876,8.789529063362124,8.97627540966538
ACORN-E,2013-06-04,48,1495.79166666667,8.09538031738401,19.64,8.96,19.64,8.73,14.3,10.68,19.64,6.8,0.71,3.59,0.56,1021.53,13.31,5.0,0.9,partly-cloudy-day,rain,0,1,0,6,155,23,8.09542114409748,9.23012812103854,8.79603213824091,8.732022836528463,8.965937098719468
ACORN-E,2013-06-05,48,1495.77083333333,8.05472692087553,20.88,8.73,20.88,10.02,14.805,12.149999999999999,20.88,6.66,0.68,4.28,0.23,1021.53,13.34,3.0,0.93,partly-cloudy-day,rain,1,2,0,6,156,23,8.09538031738401,9.23205101468994,9.00379709586618,8.569916007434959,8.963133888557252
ACORN-E,2013-06-06,48,1494.20833333333,7.94696153212616,19.64,10.02,19.64,9.16,14.83,9.620000000000001,19.64,10.02,0.66,4.3,0.38,1023.0,14.39,6.0,0.97,partly-cloudy-day,rain,0,3,0,6,157,23,8.05472692087553,9.20928698903466,9.17269580432696,8.401726851175757,8.94967127409573
ACORN-E,2013-06-07,48,1494.97916666667,8.06378404960883,17.06,9.16,17.06,10.29,13.11,7.899999999999999,17.06,6.88,0.69,5.44,0.36,1021.44,12.44,6.0,0.99,partly-cloudy-day,rain,0,4,0,6,158,23,7.94696153212616,8.44696028379508,9.95184640228719,8.221394643045972,8.922547713080766
ACORN-E,2013-06-08,48,1492.70833333333,8.14648479307627,14.17,10.29,14.17,10.61,12.23,3.880000000000001,14.17,10.29,0.72,4.59,0.89,1016.69,12.38,4.0,0.03,partly-cloudy-day,rain,0,5,1,6,159,23,8.06378404960883,8.36917209284768,8.93120024491696,8.166655181019363,8.902272030964713
ACORN-E,2013-06-09,48,1493.97916666667,9.08036353186356,14.56,10.61,14.56,8.16,12.585,3.950000000000001,14.56,10.61,0.68,1.67,0.95,1015.7,12.55,4.0,0.06,cloudy,rain,0,6,1,6,160,23,8.14648479307627,8.54114021019586,8.32056600934003,8.134842709623449,8.862751334353904
ACORN-E,2013-06-10,48,1493.83333333333,8.81014707028507,16.96,8.16,16.96,14.16,12.56,8.8,16.96,6.87,0.83,3.0,0.61,1013.81,10.46,4.0,0.09,partly-cloudy-day,rain,0,0,0,6,161,24,9.08036353186356,8.09542114409748,8.49796473193311,8.211874612718834,8.833635017968048
ACORN-E,2013-06-11,48,1490.33333333333,8.58497219697114,16.96,14.16,16.96,13.03,15.56,2.8000000000000007,17.01,14.16,0.86,5.94,0.93,1011.39,10.86,5.0,0.12,wind,rain,0,1,0,6,162,24,8.81014707028507,8.09538031738401,9.23012812103854,8.313978316459918,8.826187132535942
ACORN-E,2013-06-12,48,1489.52083333333,8.7693284567801,17.59,12.96,17.59,9.13,15.275,4.629999999999999,17.59,12.96,0.75,6.8,0.78,1011.04,11.94,5.0,0.15,wind,rain,0,2,0,6,163,24,8.58497219697114,8.05472692087553,9.23205101468994,8.383920013543795,8.78980540493235
ACORN-E,2013-06-13,48,1492.79166666667,8.58125378636684,18.81,9.13,18.81,11.01,13.969999999999999,9.679999999999998,18.81,7.72,0.69,4.12,0.45,1016.14,13.05,5.0,0.18,partly-cloudy-day,rain,0,3,0,6,164,24,8.7693284567801,7.94696153212616,9.20928698903466,8.486005947244447,8.75803549867995
ACORN-E,2013-06-14,48,1490.91666666667,8.14827442264565,16.27,11.01,16.27,11.46,13.64,5.26,16.27,11.01,0.74,6.04,0.42,1008.6,12.18,5.0,0.21,wind,rain,0,4,0,6,165,24,8.58125378636684,8.06378404960883,8.44696028379508,8.576619126421688,8.740082483649077
ACORN-E,2013-06-15,48,1491.97916666667,8.34232166016317,17.34,11.46,17.34,12.87,14.4,5.879999999999999,17.34,11.46,0.71,3.05,0.42,1013.64,12.62,5.0,0.25,partly-cloudy-day,rain,0,5,1,6,166,24,8.14827442264565,8.14648479307627,8.36917209284768,8.588689179712663,8.69463556114775
ACORN-E,2013-06-16,48,1491.97916666667,8.47103999569265,20.4,12.87,20.4,13.33,16.634999999999998,7.529999999999999,20.4,12.87,0.66,4.6,0.5,1014.05,15.08,5.0,0.28,partly-cloudy-day,rain,0,6,1,6,167,24,8.34232166016317,9.08036353186356,8.54114021019586,8.61666587501079,8.665436332114018
ACORN-E,2013-06-17,48,1491.02083333333,8.1419437089508,20.33,13.33,20.33,15.81,16.83,6.999999999999998,20.37,13.33,0.78,0.97,0.4,1014.27,10.81,6.0,0.31,partly-cloudy-day,rain,0,0,0,6,168,25,8.47103999569265,8.81014707028507,8.09542114409748,8.529619655557804,8.642018129553868
ACORN-E,2013-06-18,48,1489.52083333333,8.10254903395783,25.56,15.81,25.56,16.22,20.685,9.749999999999998,25.56,15.83,0.76,0.95,0.31,1014.65,9.82,6.0,0.35,partly-cloudy-day,rain,0,1,0,6,169,25,8.1419437089508,8.58497219697114,8.09538031738401,8.43416203251005,8.608401597335726
ACORN-E,2013-06-19,48,1490.02083333333,7.93150771239117,20.19,16.22,20.19,14.11,18.205,3.9700000000000024,20.2,16.22,0.81,1.34,0.47,1012.05,6.71,4.0,0.39,partly-cloudy-day,rain,0,2,0,6,170,25,8.10254903395783,8.7693284567801,8.05472692087553,8.365244437793864,8.583634343611331
ACORN-E,2013-06-20,48,1487.9375,8.00592148144507,20.38,14.11,20.38,12.01,17.244999999999997,6.27,20.38,14.11,0.81,3.59,0.55,1010.05,10.03,5.0,0.42,partly-cloudy-day,rain,0,3,0,6,171,25,7.93150771239117,8.58125378636684,7.94696153212616,8.245555760024017,8.54533829420151
ACORN-E,2013-06-21,48,1488.83333333333,7.86817974959646,17.54,12.01,17.54,13.07,14.774999999999999,5.529999999999999,17.54,12.01,0.81,6.78,0.67,1007.11,11.33,5.0,0.46,wind,rain,0,4,0,6,172,25,8.00592148144507,8.14827442264565,8.06378404960883,8.163365430749476,8.503667782670014
ACORN-E,2013-06-22,48,1490.9375,8.13548586599615,16.51,12.62,16.51,10.62,14.565000000000001,3.8900000000000023,16.51,12.62,0.76,6.28,0.7,1009.25,12.38,5.0,0.51,wind,rain,0,5,1,6,173,25,7.86817974959646,8.34232166016317,8.14648479307627,8.123351906028164,8.429251116502487
ACORN-E,2013-06-23,48,1488.85416666667,8.64228696372425,16.1,10.62,16.1,11.26,13.36,5.480000000000002,16.1,10.62,0.66,4.16,0.52,1021.79,12.89,5.0,0.54,partly-cloudy-day,rain,0,6,1,6,174,25,8.13548586599615,8.47103999569265,9.08036353186356,8.093803935432875,8.400832745826744
ACORN-E,2013-06-24,48,1489.95833333333,8.43556313659868,18.76,11.26,18.76,10.14,15.010000000000002,7.500000000000002,18.76,11.26,0.57,1.95,0.42,1028.61,14.24,6.0,0.58,partly-cloudy-day,rain,0,0,0,6,175,26,8.64228696372425,8.1419437089508,8.81014707028507,8.118267788008819,8.412322779911895
ACORN-E,2013-06-25,48,1490.95833333333,8.0152104965648,20.61,10.14,20.61,12.2,15.375,10.469999999999999,20.61,10.14,0.64,1.98,0.42,1029.89,13.53,6.0,0.61,partly-cloudy-day,rain,0,1,0,6,176,26,8.43556313659868,8.10254903395783,8.58497219697114,8.160213420529944,8.410094151507094
ACORN-E,2013-06-26,48,1490.97916666667,8.02445185010826,19.23,12.2,19.23,12.56,15.715,7.030000000000001,19.23,12.2,0.69,2.69,0.54,1026.49,12.13,5.0,0.65,partly-cloudy-day,rain,0,2,0,6,177,26,8.0152104965648,7.93150771239117,8.7693284567801,8.147736486616655,8.366704236347317
ACORN-E,2013-06-27,48,1490.875,8.06098843577456,20.16,12.56,20.16,13.42,16.36,7.6,20.25,12.56,0.87,3.46,0.93,1019.73,10.35,4.0,0.69,partly-cloudy-day,rain,0,3,0,6,178,26,8.02445185010826,8.00592148144507,8.58125378636684,8.161014220576238,8.323575694755116
ACORN-E,2013-06-28,48,1490.91666666667,8.20641487839885,21.19,13.42,21.19,14.92,17.305,7.770000000000001,21.19,13.42,0.61,3.36,0.35,1022.39,13.23,5.0,0.72,partly-cloudy-day,rain,0,4,0,6,179,26,8.06098843577456,7.86817974959646,8.14827442264565,8.168880928337595,8.282565032138683
ACORN-E,2013-06-29,48,1490.02083333333,7.85571525955415,25.17,14.92,25.17,13.89,20.045,10.250000000000002,25.17,14.92,0.67,4.28,0.32,1021.6,12.7,5.0,0.75,partly-cloudy-day,rain,0,5,1,6,180,26,8.20641487839885,8.13548586599615,8.34232166016317,8.217200232452221,8.273974124803102
ACORN-E,2013-06-30,48,1490.45833333333,8.2282940030743,19.78,13.89,19.78,11.84,16.835,5.890000000000001,19.78,13.89,0.63,3.94,0.44,1017.04,12.73,5.0,0.79,partly-cloudy-day,rain,0,6,1,6,181,26,7.85571525955415,8.64228696372425,8.47103999569265,8.177233002960506,8.255636380756906
ACORN-E,2013-07-01,48,1489.91666666667,8.03714971325262,17.5,11.84,17.5,14.31,14.67,5.66,17.5,11.84,0.72,3.08,0.6,1011.64,13.13,5.0,0.82,partly-cloudy-day,rain,0,0,0,7,182,27,8.2282940030743,8.43556313659868,8.1419437089508,8.118091151439085,8.244463301931136
ACORN-E,2013-07-02,48,1488.91666666667,8.18311478983878,19.69,14.31,19.69,12.48,17.0,5.380000000000001,19.69,14.31,0.79,3.67,0.83,1008.35,11.86,5.0,0.85,partly-cloudy-day,rain,0,1,0,7,183,27,8.03714971325262,8.0152104965648,8.10254903395783,8.061174948103934,8.24238217940096
ACORN-E,2013-07-03,48,1486.85416666667,8.19120509338079,22.89,12.48,22.89,12.63,17.685000000000002,10.41,22.89,12.48,0.76,3.97,0.44,1019.37,11.93,5.0,0.88,partly-cloudy-day,rain,0,2,0,7,184,27,8.18311478983878,8.02445185010826,7.93150771239117,8.085161275714503,8.245515553417203
ACORN-E,2013-07-04,48,1483.04166666667,7.94161673199748,24.62,12.63,24.62,13.48,18.625,11.99,24.62,12.63,0.65,0.63,0.29,1028.43,13.18,6.0,0.91,partly-cloudy-day,rain,0,3,0,7,185,27,8.19120509338079,8.06098843577456,8.00592148144507,8.108983167610578,8.25038977386382
ACORN-E,2013-07-05,48,1482.64583333333,7.77334311546919,26.47,13.48,26.47,14.99,19.975,12.989999999999998,26.47,13.48,0.63,1.34,0.12,1029.5,12.89,7.0,0.94,partly-cloudy-day,rain,0,4,0,7,186,27,7.94161673199748,8.20641487839885,7.86817974959646,8.091930067070995,8.250198888144938
ACORN-E,2013-07-06,48,1483.0,7.61954012339852,27.28,14.99,27.28,14.99,21.135,12.290000000000001,27.28,14.99,0.66,2.5,0.12,1031.56,10.98,6.0,0.97,partly-cloudy-day,rain,0,5,1,7,187,27,7.77334311546919,7.85571525955415,8.13548586599615,8.030062672366759,8.239825997639953
ACORN-E,2013-07-07,48,1483.0,7.87862036210384,25.18,14.99,25.18,12.01,20.085,10.19,25.18,14.99,0.65,3.92,0.14,1032.66,13.5,6.0,0.01,partly-cloudy-day,rain,0,6,1,7,188,27,7.61954012339852,8.2282940030743,8.64228696372425,7.996323367201669,8.221006545151461
ACORN-E,2013-07-08,48,1481.70833333333,7.74465402867311,25.61,12.01,25.61,13.54,18.81,13.6,25.61,12.01,0.57,3.27,0.13,1028.39,14.68,6.0,0.04,partly-cloudy-day,rain,0,0,0,7,189,28,7.87862036210384,8.03714971325262,8.43556313659868,7.946369989920174,8.178087146231471
ACORN-E,2013-07-09,48,1480.04166666667,7.67513185081181,23.19,13.36,23.19,11.99,18.275,9.830000000000002,23.19,13.36,0.64,3.88,0.22,1025.5,13.39,6.0,0.07,partly-cloudy-day,rain,0,1,0,7,190,28,7.74465402867311,8.18311478983878,8.0152104965648,7.9045848921231014,8.140033823316758
ACORN-E,2013-07-10,48,1480.1875,7.66250925951192,21.69,11.99,21.69,12.01,16.84,9.700000000000001,21.69,11.99,0.64,3.65,0.37,1025.45,13.94,6.0,0.1,partly-cloudy-day,rain,0,2,0,7,191,28,7.67513185081181,8.19120509338079,8.02445185010826,7.832015900833534,8.10753952523964
ACORN-E,2013-07-11,48,1480.89583333333,7.62241110759709,23.92,12.01,23.92,15.01,17.965,11.910000000000002,23.92,12.01,0.7,1.84,0.39,1025.08,13.73,6.0,0.13,partly-cloudy-day,rain,0,3,0,7,192,28,7.66250925951192,7.94161673199748,8.06098843577456,7.756487924566552,8.068010268194346
ACORN-E,2013-07-12,48,1480.75,7.65029490222827,29.16,15.01,29.16,17.28,22.085,14.15,29.24,15.01,0.67,0.86,0.11,1023.97,12.65,7.0,0.16,partly-cloudy-day,rain,0,4,0,7,193,28,7.62241110759709,7.77334311546919,8.20641487839885,7.710887121080782,8.033765886809713
ACORN-E,2013-07-13,48,1476.0625,7.51619327865368,27.83,17.28,27.83,17.96,22.555,10.549999999999997,27.83,17.28,0.61,0.86,0.27,1023.66,12.5,5.0,0.2,partly-cloudy-day,rain,0,5,1,7,194,28,7.65029490222827,7.61954012339852,7.85571525955415,7.693308804903508,8.015980903937663
ACORN-E,2013-07-14,48,1476.60416666667,7.90793148060907,29.3,17.96,29.3,17.03,23.630000000000003,11.34,29.3,17.96,0.45,0.84,0.4,1023.14,14.66,5.0,0.23,partly-cloudy-day,rain,0,6,1,7,195,28,7.51619327865368,7.87862036210384,8.2282940030743,7.678544969939959,7.986476318883753
ACORN-E,2013-07-15,48,1478.0625,7.81012523023661,29.2,17.03,29.2,17.14,23.115000000000002,12.169999999999998,29.2,17.03,0.56,0.48,0.46,1022.88,14.87,5.0,0.27,partly-cloudy-day,rain,0,0,0,7,196,29,7.90793148060907,7.74465402867311,8.03714971325262,7.682732272583564,7.966365300487911
ACORN-E,2013-07-16,48,1476.04166666667,7.72789895094023,30.28,17.14,30.28,17.5,23.71,13.14,30.28,17.14,0.54,1.24,0.23,1023.84,14.52,6.0,0.3,partly-cloudy-day,rain,0,1,0,7,197,29,7.81012523023661,7.67513185081181,8.18311478983878,7.6920853013783494,7.954514640533832
ACORN-E,2013-07-17,48,1476.70833333333,7.77630273150274,27.56,17.5,27.56,15.62,22.53,10.059999999999999,27.56,17.5,0.6,3.24,0.18,1026.15,14.02,6.0,0.34,partly-cloudy-day,rain,0,2,0,7,198,29,7.72789895094023,7.66250925951192,8.19120509338079,7.699623458539553,7.941134280426062
ACORN-E,2013-07-18,48,1476.5,7.62938560832804,27.27,15.62,27.27,16.34,21.445,11.65,27.27,15.62,0.57,4.26,0.18,1025.17,15.16,6.0,0.38,partly-cloudy-day,rain,0,3,0,7,199,29,7.77630273150274,7.62241110759709,7.94161673199748,7.715879668823956,7.935591245394332
ACORN-E,2013-07-19,48,1477.95833333333,7.48300968291858,22.49,16.34,22.49,16.84,19.415,6.149999999999999,22.49,16.34,0.74,4.37,0.51,1023.47,12.42,5.0,0.41,partly-cloudy-day,rain,0,4,0,7,200,29,7.62938560832804,7.65029490222827,7.77334311546919,7.716876026071234,7.922143535640152
ACORN-E,2013-07-20,48,1474.5625,7.53072523234503,26.03,16.84,26.03,17.21,21.435000000000002,9.190000000000001,26.07,16.84,0.71,3.44,0.51,1019.71,11.64,5.0,0.45,partly-cloudy-day,rain,0,5,1,7,201,29,7.48300968291858,7.51619327865368,7.61954012339852,7.6929781375984225,7.908387461830229
ACORN-E,2013-07-21,48,1473.9375,7.59871294476236,32.16,17.21,32.16,19.29,24.685,14.949999999999996,32.16,17.29,0.63,1.62,0.28,1016.02,11.3,4.0,0.48,partly-cloudy-day,rain,0,6,1,7,202,29,7.53072523234503,7.90793148060907,7.87862036210384,7.695054130982901,7.8867888677712585
ACORN-E,2013-07-22,48,1472.97916666667,7.8170192416409,27.13,19.29,27.13,15.59,23.21,7.84,28.0,19.64,0.74,1.84,0.37,1013.38,12.1,5.0,0.53,partly-cloudy-day,rain,0,0,0,7,203,30,7.59871294476236,7.81012523023661,7.74465402867311,7.650880054433371,7.849518367094048
ACORN-E,2013-07-23,48,1472.5,7.82233430882427,26.24,15.59,26.24,16.63,20.915,10.649999999999999,26.24,15.59,0.67,3.59,0.34,1014.24,12.89,6.0,0.57,partly-cloudy-day,rain,0,1,0,7,204,30,7.8170192416409,7.72789895094023,7.67513185081181,7.651864913205412,7.8274275137027
ACORN-E,2013-07-24,48,1473.0625,7.43533483875446,25.13,16.63,25.13,15.26,20.88,8.5,25.13,16.86,0.74,3.05,0.45,1012.93,12.1,4.0,0.6,partly-cloudy-day,rain,0,2,0,7,205,30,7.82233430882427,7.77630273150274,7.66250925951192,7.665355678617416,7.820539078426252
ACORN-E,2013-07-25,48,1470.70833333333,7.58788851106241,26.19,15.26,26.19,14.82,20.725,10.930000000000001,26.19,15.26,0.62,1.6,0.37,1012.42,13.2,4.0,0.64,partly-cloudy-day,rain,0,3,0,7,206,30,7.43533483875446,7.62938560832804,7.62241110759709,7.616645979653377,7.799499185163616
ACORN-E,2013-07-26,48,1470.91666666667,7.35842948872214,27.28,14.82,27.28,15.34,21.05,12.46,27.37,14.82,0.68,0.63,0.26,1006.91,11.96,6.0,0.67,partly-cloudy-day,rain,0,4,0,7,207,30,7.58788851106241,7.48300968291858,7.65029490222827,7.610717822901145,7.782602759281039
ACORN-E,2013-07-27,48,1472.29166666667,7.53030946725996,23.14,15.34,23.14,16.48,19.240000000000002,7.800000000000001,23.14,15.34,0.73,5.02,0.44,1006.68,11.72,6.0,0.71,partly-cloudy-day,rain,0,5,1,7,208,30,7.35842948872214,7.53072523234503,7.51619327865368,7.592920652301652,7.752317566792585
ACORN-E,2013-07-28,48,1472.89583333333,7.65432023659551,22.36,16.48,22.36,15.77,19.42,5.879999999999999,22.36,16.48,0.75,5.42,0.55,1011.33,12.3,5.0,0.74,partly-cloudy-day,rain,0,6,1,7,209,30,7.53030946725996,7.59871294476236,7.90793148060907,7.5928612572895,7.740695931353508
ACORN-E,2013-07-29,48,1472.85416666667,7.52713526447062,20.91,15.64,20.91,16.49,18.275,5.27,21.02,15.7,0.86,3.99,0.49,1013.58,11.12,4.0,0.77,partly-cloudy-day,rain,0,0,0,7,210,31,7.65432023659551,7.8170192416409,7.81012523023661,7.600805156122807,7.720196868264979
ACORN-E,2013-07-30,48,1472.41666666667,7.61095629295147,23.56,16.49,23.56,16.98,20.025,7.07,23.77,16.49,0.8,4.47,0.55,1015.34,11.97,4.0,0.8,partly-cloudy-day,rain,0,1,0,7,211,31,7.52713526447062,7.82233430882427,7.72789895094023,7.559393159384196,7.701982066522765
ACORN-E,2013-07-31,48,1472.77083333333,7.57383204194731,32.4,16.98,32.4,17.41,24.689999999999998,15.419999999999998,32.42,17.18,0.65,3.68,0.2,1009.49,14.08,5.0,0.83,partly-cloudy-day,rain,0,2,0,7,212,31,7.61095629295147,7.43533483875446,7.77630273150274,7.529196299973796,7.6815478344910755
ACORN-E,2013-08-01,48,1473.70833333333,7.51944254889665,24.64,17.41,24.64,15.36,21.025,7.23,24.68,17.44,0.71,3.89,0.42,1008.75,12.67,4.0,0.86,partly-cloudy-day,rain,0,3,0,8,213,31,7.57383204194731,7.58788851106241,7.62938560832804,7.548981614715631,7.659498796939879
ACORN-E,2013-08-02,48,1469.35416666667,7.54731954853674,23.17,15.36,23.17,14.79,19.265,7.810000000000002,23.17,15.36,0.71,4.85,0.34,1014.89,12.71,4.0,0.89,partly-cloudy-day,rain,0,4,0,8,214,31,7.51944254889665,7.35842948872214,7.48300968291858,7.539203620120523,7.6444211475434205
ACORN-E,2013-08-03,48,1469.97916666667,7.25753684119045,22.98,14.79,22.98,17.05,18.884999999999998,8.190000000000001,22.98,14.79,0.7,4.52,0.43,1019.02,12.67,4.0,0.92,partly-cloudy-day,rain,0,5,1,8,215,31,7.54731954853674,7.53030946725996,7.53072523234503,7.566187914379752,7.636348877295832
ACORN-E,2013-08-04,48,1468.04166666667,7.48713494644423,22.72,16.23,22.72,12.23,19.475,6.489999999999998,22.72,16.37,0.76,3.13,0.54,1012.36,12.59,4.0,0.95,partly-cloudy-day,rain,0,6,1,8,216,31,7.25753684119045,7.65432023659551,7.59871294476236,7.527220396369821,7.623420188645546
ACORN-E,2013-08-05,48,1469.875,7.60473494264417,22.11,12.23,22.11,14.97,17.17,9.879999999999999,22.11,12.23,0.68,1.35,0.41,1015.69,13.53,4.0,0.98,partly-cloudy-day,rain,0,0,0,8,217,32,7.48713494644423,7.52713526447062,7.8170192416409,7.503336783491067,7.609438566657702
ACORN-E,2013-08-06,48,1467.70833333333,7.33302436497499,21.49,14.97,21.49,11.83,18.23,6.519999999999998,21.49,14.97,0.64,2.95,0.37,1014.33,13.49,4.0,0.02,partly-cloudy-day,rain,0,1,0,8,218,32,7.60473494264417,7.61095629295147,7.82233430882427,7.5144224518015745,7.604441456442383
ACORN-E,2013-08-07,48,1468.95833333333,7.26659832270131,23.81,11.83,23.81,15.68,17.82,11.979999999999999,23.81,11.83,0.63,1.47,0.3,1019.26,13.52,6.0,0.05,partly-cloudy-day,rain,0,2,0,8,219,32,7.33302436497499,7.57383204194731,7.43533483875446,7.4747178906620775,7.592223331948211
ACORN-E,2013-08-08,48,1467.0,7.22308588991138,23.85,15.68,23.85,14.1,19.765,8.170000000000002,23.85,15.72,0.67,3.0,0.48,1018.82,12.42,5.0,0.08,partly-cloudy-day,rain,0,3,0,8,220,32,7.26659832270131,7.51944254889665,7.58788851106241,7.430827359341221,7.578083655633546
ACORN-E,2013-08-09,48,1464.77083333333,7.2247913468627,21.73,14.1,21.73,15.42,17.915,7.630000000000001,21.73,14.1,0.57,2.82,0.49,1021.99,14.42,5.0,0.11,partly-cloudy-day,rain,0,4,0,8,221,32,7.22308588991138,7.54731954853674,7.35842948872214,7.388490693771895,7.5638220407161985
ACORN-E,2013-08-10,48,1466.9375,7.08723734420189,22.76,15.42,22.76,13.57,19.09,7.340000000000002,22.76,15.42,0.62,3.8,0.45,1018.13,13.97,5.0,0.15,partly-cloudy-day,rain,0,5,1,8,222,32,7.2247913468627,7.25753684119045,7.53030946725996,7.34241523638989,7.548625485167428
ACORN-E,2013-08-11,48,1467.9375,7.50195411101165,20.39,13.57,20.39,11.46,16.98,6.82,20.39,13.57,0.61,3.6,0.41,1016.89,14.11,4.0,0.18,partly-cloudy-day,rain,0,6,1,8,223,32,7.08723734420189,7.48713494644423,7.65432023659551,7.318086736820097,7.53330563036558
ACORN-E,2013-08-12,48,1466.97916666667,7.36519400743221,19.8,11.46,19.8,11.04,15.63,8.34,19.8,11.46,0.69,3.63,0.43,1021.59,13.5,4.0,0.22,partly-cloudy-day,rain,0,0,0,8,224,33,7.50195411101165,7.60473494264417,7.52713526447062,7.320203760329727,7.518806438594242
ACORN-E,2013-08-13,48,1466.83333333333,7.34527626948162,22.04,11.04,22.04,16.16,16.54,11.0,22.04,11.04,0.78,2.79,0.39,1022.81,12.23,4.0,0.25,partly-cloudy-day,rain,0,1,0,8,225,33,7.36519400743221,7.33302436497499,7.61095629295147,7.285983626728019,7.5029160377798
ACORN-E,2013-08-14,48,1465.89583333333,7.2334333830659,23.46,16.64,23.46,16.98,20.05,6.82,23.46,16.78,0.79,4.44,0.55,1018.77,10.88,4.0,0.29,partly-cloudy-day,rain,0,2,0,8,226,33,7.34527626948162,7.26659832270131,7.57383204194731,7.287733898800395,7.489250942013421
ACORN-E,2013-08-15,48,1465.97916666667,7.38041730329838,21.66,16.98,21.66,14.12,19.32,4.68,21.73,16.98,0.84,3.86,0.51,1015.02,11.81,3.0,0.33,partly-cloudy-day,rain,0,3,0,8,227,33,7.2334333830659,7.22308588991138,7.51944254889665,7.282996050281049,7.4698627509978195
ACORN-E,2013-08-16,48,1464.0,7.45321881558998,20.22,14.12,20.22,15.92,17.169999999999998,6.1,20.22,14.12,0.82,5.13,0.57,1012.65,11.1,3.0,0.37,wind,rain,0,4,0,8,228,33,7.38041730329838,7.2247913468627,7.54731954853674,7.305471966479192,7.460971025818188
ACORN-E,2013-08-17,48,1461.875,7.529408545095,22.42,15.92,22.42,12.68,19.17,6.500000000000002,22.42,15.92,0.73,4.45,0.57,1009.48,12.76,3.0,0.4,partly-cloudy-day,rain,0,5,1,8,229,33,7.45321881558998,7.08723734420189,7.25753684119045,7.338104462011662,7.4599070662707385
ACORN-E,2013-08-18,48,1461.75,7.69766793812501,22.02,12.68,22.02,12.16,17.35,9.34,22.02,12.68,0.59,3.25,0.27,1019.36,14.13,3.0,0.44,partly-cloudy-day,rain,0,6,1,8,230,33,7.529408545095,7.50195411101165,7.48713494644423,7.401271776424963,7.459860041726095
ACORN-E,2013-08-19,48,1461.0,7.41143189486653,23.53,12.16,23.53,12.78,17.845,11.370000000000001,23.53,12.16,0.6,1.6,0.37,1027.38,15.13,4.0,0.48,partly-cloudy-day,rain,0,0,0,8,231,34,7.69766793812501,7.36519400743221,7.60473494264417,7.429230894584014,7.463394148631904
ACORN-E,2013-08-20,48,1462.9375,7.31589561932804,25.57,12.72,25.57,16.54,19.145,12.85,25.57,12.72,0.64,2.36,0.38,1023.87,14.9,4.0,0.52,partly-cloudy-day,rain,0,1,0,8,232,34,7.41143189486653,7.34527626948162,7.33302436497499,7.435836307074632,7.4489088862471045
ACORN-E,2013-08-21,48,1463.85416666667,7.31998597732732,21.13,16.54,21.13,16.34,18.835,4.59,21.34,16.81,0.9,1.09,0.36,1019.89,11.3,3.0,0.55,partly-cloudy-day,rain,0,2,0,8,233,34,7.31589561932804,7.2334333830659,7.26659832270131,7.431639071338407,7.430821790193668
ACORN-E,2013-08-22,48,1456.29166666667,7.7400284013659,26.03,16.34,26.03,17.13,21.185000000000002,9.690000000000001,26.03,16.49,0.75,3.34,0.11,1014.88,9.96,4.0,0.59,partly-cloudy-day,rain,0,3,0,8,234,34,7.31998597732732,7.38041730329838,7.22308588991138,7.444003727661467,7.426702187999842
ACORN-E,2013-08-23,48,1457.89583333333,7.43721867919833,19.51,14.94,18.51,13.18,17.225,4.570000000000002,19.59,14.94,0.9,2.57,0.56,1010.79,5.58,3.0,0.62,fog,rain,0,4,0,8,235,34,7.7400284013659,7.45321881558998,7.2247913468627,7.4953767416711115,7.432135755510681
ACORN-E,2013-08-24,48,1456.9375,7.71285511074021,22.74,13.18,22.74,16.37,17.96,9.559999999999999,22.74,13.18,0.83,2.66,0.5,1012.96,10.07,4.0,0.66,partly-cloudy-day,rain,0,5,1,8,236,34,7.43721867919833,7.529408545095,7.08723734420189,7.493091007900875,7.434949655170544
ACORN-E,2013-08-25,48,1457.91666666667,7.53285390412844,24.32,16.37,24.32,12.82,20.345,7.949999999999999,24.32,16.37,0.69,2.65,0.38,1018.33,11.27,4.0,0.69,partly-cloudy-day,rain,0,6,1,8,237,34,7.71285511074021,7.69766793812501,7.50195411101165,7.519297660135905,7.441469142437696
ACORN-E,2013-08-26,48,1454.91666666667,7.55252089909964,22.78,12.82,22.78,12.45,17.8,9.96,22.78,12.82,0.69,1.89,0.23,1018.6,11.3,4.0,0.72,partly-cloudy-day,rain,1,0,0,8,238,35,7.53285390412844,7.41143189486653,7.36519400743221,7.495752798136396,7.437131059135301
ACORN-E,2013-08-27,48,1457.08333333333,7.629405066493,23.38,12.45,23.38,14.16,17.915,10.93,23.38,12.45,0.69,0.85,0.37,1022.24,11.52,4.0,0.75,partly-cloudy-day,rain,0,1,0,8,239,35,7.55252089909964,7.31589561932804,7.34527626948162,7.515908370169698,7.4380376889434805
ACORN-E,2013-08-28,48,1457.20833333333,7.4674911690832,23.19,14.16,23.19,15.34,18.675,9.030000000000001,23.19,14.16,0.56,2.75,0.31,1021.8,11.65,4.0,0.78,partly-cloudy-day,rain,0,2,0,8,240,35,7.629405066493,7.31998597732732,7.2334333830659,7.560695434050406,7.438696573712821
ACORN-E,2013-08-29,48,1457.875,7.42980298787463,24.03,15.34,24.03,14.22,19.685000000000002,8.690000000000001,24.03,15.34,0.64,3.91,0.31,1019.63,12.78,3.0,0.81,partly-cloudy-day,rain,0,3,0,8,241,35,7.4674911690832,7.7400284013659,7.38041730329838,7.581767604301246,7.434898685396246
ACORN-E,2013-08-30,48,1456.625,7.47066386287653,19.87,14.22,19.87,10.17,17.045,5.65,19.87,14.22,0.6,3.37,0.12,1025.01,13.86,4.0,0.84,partly-cloudy-day,rain,0,4,0,8,242,35,7.42980298787463,7.43721867919833,7.45321881558998,7.537449688088207,7.4316972725026025
ACORN-E,2013-08-31,48,1456.3125,7.50111687933932,21.07,10.17,21.07,11.88,15.620000000000001,10.9,21.07,10.17,0.63,3.36,0.33,1029.46,14.79,3.0,0.87,partly-cloudy-day,rain,0,5,1,8,243,35,7.47066386287653,7.71285511074021,7.529408545095,7.542227571470806,7.428959569443308
ACORN-E,2013-09-01,48,1457.9375,8.09720904997151,24.94,11.88,24.94,14.04,18.41,13.06,24.94,11.88,0.7,3.28,0.33,1027.0,14.03,3.0,0.9,partly-cloudy-day,rain,0,6,1,9,244,35,7.50111687933932,7.53285390412844,7.69766793812501,7.511979252699251,7.437658856520054
ACORN-E,2013-09-02,48,1455.72916666667,7.68052142066257,23.92,14.04,23.92,14.09,18.98,9.880000000000003,23.92,14.04,0.76,0.5,0.33,1027.04,12.67,3.0,0.93,partly-cloudy-day,rain,0,0,0,9,245,36,8.09720904997151,7.55252089909964,7.41143189486653,7.592601416391118,7.459447217360314
ACORN-E,2013-09-03,48,1456.97916666667,7.65837377174016,27.04,14.09,27.04,15.46,20.564999999999998,12.95,27.31,14.09,0.75,1.86,0.1,1021.14,11.2,4.0,0.96,clear-day,rain,0,1,0,9,246,36,7.68052142066257,7.629405066493,7.31589561932804,7.610887205185823,7.462153877289542
ACORN-E,2013-09-04,48,1456.54166666667,7.75089078205369,28.49,15.46,28.49,15.05,21.975,13.029999999999998,28.59,15.54,0.71,0.78,0.12,1011.32,9.08,4.0,0.99,fog,rain,0,2,0,9,247,36,7.65837377174016,7.4674911690832,7.31998597732732,7.615025591649703,7.473773498959727
ACORN-E,2013-09-05,48,1455.125,7.75291083588298,18.32,13.26,17.04,11.39,15.79,5.0600000000000005,18.32,13.26,0.81,1.92,0.39,1008.5,11.17,2.0,0.03,partly-cloudy-day,rain,0,3,0,9,248,36,7.75089078205369,7.42980298787463,7.7400284013659,7.655511250645487,7.491069658222313
ACORN-E,2013-09-06,48,1453.02083333333,8.05272817686839,17.7,11.39,17.7,9.13,14.545,6.309999999999999,17.7,11.39,0.75,3.43,0.26,1013.82,12.6,4.0,0.06,partly-cloudy-day,rain,0,4,0,9,249,36,7.75291083588298,7.47066386287653,7.43721867919833,7.701669514646681,7.509991977721298
ACORN-E,2013-09-07,48,1456.91666666667,7.882321315592,16.86,9.13,16.86,9.2,12.995000000000001,7.729999999999999,16.86,9.13,0.8,2.74,0.37,1017.99,12.57,2.0,0.1,partly-cloudy-day,rain,0,5,1,9,250,36,8.05272817686839,7.50111687933932,7.71285511074021,7.78482155950266,7.539561150221502
ACORN-E,2013-09-08,48,1455.97916666667,8.49424942734563,10.63,9.2,10.29,9.38,9.915,1.4300000000000015,10.63,8.03,0.88,1.61,0.03,1018.08,10.3,4.0,0.13,clear-day,rain,0,6,1,9,251,36,7.882321315592,8.09720904997151,7.53285390412844,7.839279336110186,7.567957006342576
ACORN-E,2013-09-09,48,1455.02083333333,8.72101958001666,16.65,9.38,16.65,12.47,13.015,7.269999999999998,16.65,7.53,0.77,4.22,0.64,1020.2,11.54,2.0,0.17,partly-cloudy-day,rain,0,0,0,9,252,37,8.49424942734563,7.68052142066257,7.55252089909964,7.8959993900207746,7.6033961247830755
ACORN-E,2013-09-10,48,1454.95833333333,8.84287008559974,16.49,12.47,16.49,12.58,14.48,4.019999999999998,16.49,12.47,0.77,4.01,0.75,1020.96,11.72,2.0,0.21,partly-cloudy-day,rain,0,1,0,9,253,37,8.72101958001666,7.65837377174016,7.629405066493,8.044641984214216,7.651818466661092
ACORN-E,2013-09-11,48,1451.08333333333,8.83019658876485,18.02,12.58,18.02,15.33,15.3,5.4399999999999995,18.02,12.58,0.87,1.24,0.72,1019.29,9.24,2.0,0.24,partly-cloudy-day,rain,0,2,0,9,254,37,8.84287008559974,7.75089078205369,7.4674911690832,8.213855743337012,7.7053039600938815
ACORN-E,2013-09-12,48,1451.22916666667,8.59686001178745,18.09,14.78,18.09,9.3,16.435,3.3100000000000005,18.3,14.82,0.95,0.97,1.0,1017.09,5.91,2.0,0.28,cloudy,rain,0,3,0,9,255,37,8.83019658876485,7.75291083588298,7.42980298787463,8.368042287152893,7.7623312174402725
ACORN-E,2013-09-13,48,1452.33333333333,8.87598914526454,13.85,9.3,13.85,6.72,11.575,4.549999999999999,13.85,7.1,0.89,2.95,0.69,1015.54,9.64,2.0,0.32,partly-cloudy-day,rain,0,4,0,9,256,37,8.59686001178745,8.05272817686839,7.47066386287653,8.488606455139246,7.805775599886311
ACORN-E,2013-09-14,48,1450.14583333333,9.19175896841777,15.36,6.72,14.82,8.24,11.04,8.64,15.36,5.13,0.86,4.65,0.41,1010.26,9.93,2.0,0.36,wind,rain,0,5,1,9,257,37,8.87598914526454,7.882321315592,7.50111687933932,8.606215164910125,7.856588825946117
ACORN-E,2013-09-15,48,1447.6875,9.70570218177592,14.08,8.24,14.08,8.19,11.16,5.84,14.08,5.59,0.67,5.55,0.31,1002.85,13.55,2.0,0.39,wind,rain,0,6,1,9,258,37,9.19175896841777,8.49424942734563,8.09720904997151,8.793277686742377,7.915958483921929
ACORN-E,2013-09-16,48,1447.625,9.20956510841494,13.7,8.19,13.08,10.77,10.945,5.51,13.7,5.6,0.84,3.33,0.61,1000.28,11.44,2.0,0.43,partly-cloudy-day,rain,0,0,0,9,259,38,9.70570218177592,8.72101958001666,7.68052142066257,8.966342365946703,7.9876739926237486
ACORN-E,2013-09-17,48,1448.875,9.50600386585219,15.18,10.77,15.18,8.33,12.975,4.41,15.18,10.77,0.78,3.44,0.61,1003.41,11.18,2.0,0.46,partly-cloudy-day,rain,0,1,0,9,260,38,9.20956510841494,8.84287008559974,7.65837377174016,9.036134584289316,8.051893035964763
ACORN-E,2013-09-18,48,1448.91666666667,9.13145490103967,15.84,8.33,15.84,9.84,12.085,7.51,15.86,6.46,0.84,3.76,0.49,1010.33,11.99,2.0,0.49,partly-cloudy-day,rain,0,2,0,9,261,38,9.50600386585219,8.83019658876485,7.75089078205369,9.130867981468239,8.130111187626339
ACORN-E,2013-09-19,48,1447.66666666667,9.36030737869128,18.41,9.84,18.41,10.33,14.125,8.57,18.41,8.16,0.75,2.45,0.51,1017.72,12.5,2.0,0.54,partly-cloudy-day,rain,0,3,0,9,262,38,9.13145490103967,8.59686001178745,7.75291083588298,9.173904883221782,8.194806506330353
ACORN-E,2013-09-20,48,1446.79166666667,8.82776161840763,18.18,10.33,18.18,16.43,14.254999999999999,7.85,18.24,10.33,0.87,2.8,0.56,1024.26,10.83,2.0,0.57,partly-cloudy-day,rain,0,4,0,9,263,38,9.36030737869128,8.87598914526454,8.05272817686839,9.282968792779473,8.252673612663402
ACORN-E,2013-09-21,48,1444.9375,8.90304160878105,18.84,14.25,18.84,13.03,16.545,4.59,18.89,14.25,0.9,1.96,0.69,1027.75,10.57,2.0,0.6,partly-cloudy-day,rain,0,5,1,9,264,38,8.82776161840763,9.19175896841777,7.882321315592,9.276079146085626,8.302335860492304
ACORN-E,2013-09-22,48,1444.75,9.28713892886319,19.64,13.03,19.64,11.53,16.335,6.610000000000001,19.64,13.03,0.89,0.88,0.52,1024.98,9.43,2.0,0.64,fog,rain,0,6,1,9,265,38,8.90304160878105,9.70570218177592,8.49424942734563,9.234833808994669,8.344842521136622
ACORN-E,2013-09-23,48,1446.77083333333,8.78147278203963,21.47,11.53,21.47,13.67,16.5,9.94,21.47,11.53,0.89,1.18,0.17,1016.64,4.39,3.0,0.67,fog,rain,0,0,0,9,266,39,9.28713892886319,9.20956510841494,8.72101958001666,9.175039058578564,8.40749555773429
ACORN-E,2013-09-24,48,1445.4375,8.45804753588417,20.87,13.67,20.87,13.96,17.27,7.200000000000001,20.87,13.67,0.86,0.51,0.36,1011.86,3.75,2.0,0.7,fog,rain,0,1,0,9,267,39,8.78147278203963,9.50600386585219,8.84287008559974,9.11388301195352,8.451386696410719
ACORN-E,2013-09-25,48,1446.9375,8.57108191426314,18.88,13.12,18.88,10.58,16.0,5.76,18.88,13.12,0.79,3.1,0.51,1016.43,10.07,2.0,0.73,partly-cloudy-day,rain,0,2,0,9,268,39,8.45804753588417,9.13145490103967,8.83019658876485,8.964174964815232,8.480981070317545
ACORN-E,2013-09-26,48,1443.0625,8.45591068232405,16.99,10.58,16.99,12.43,13.785,6.409999999999998,16.99,10.58,0.8,3.45,0.36,1016.27,13.39,2.0,0.76,partly-cloudy-day,rain,0,3,0,9,269,39,8.57108191426314,9.36030737869128,8.59686001178745,8.884121680990011,8.520395025502543
ACORN-E,2013-09-27,48,1441.29166666667,8.50998320964676,18.36,12.43,18.36,13.57,15.395,5.93,18.36,12.43,0.81,4.46,0.17,1009.88,9.78,2.0,0.79,partly-cloudy-day,rain,0,4,0,9,270,39,8.45591068232405,8.82776161840763,8.87598914526454,8.754922152937551,8.557041728875737
ACORN-E,2013-09-28,48,1443.54166666667,8.87066612523033,17.36,13.44,17.36,13.44,15.399999999999999,3.92,17.36,13.44,0.79,4.76,0.45,1006.89,12.25,2.0,0.82,partly-cloudy-day,rain,0,5,1,9,271,39,8.50998320964676,8.90304160878105,9.19175896841777,8.709525237400284,8.594160276974673
ACORN-E,2013-09-29,48,1443.97916666667,9.25484744495756,18.81,13.21,18.81,11.76,16.009999999999998,5.599999999999998,18.81,13.21,0.79,3.68,0.37,1006.77,12.6,2.0,0.85,partly-cloudy-day,rain,0,6,1,9,272,39,8.87066612523033,9.28713892886319,9.70570218177592,8.704900168321611,8.64307275004221
ACORN-E,2013-09-30,48,1442.9375,8.91611128368953,17.28,11.76,17.28,13.62,14.52,5.520000000000001,17.28,11.76,0.82,4.02,0.54,1009.02,9.11,2.0,0.88,partly-cloudy-day,rain,0,0,0,9,273,40,9.25484744495756,8.78147278203963,9.20956510841494,8.700287099192234,8.68441697843457
ACORN-E,2013-10-01,48,1440.10416666667,9.12470112185117,19.02,13.62,19.02,14.03,16.32,5.4,19.1,13.62,0.87,3.51,0.59,1010.58,7.87,2.0,0.91,fog,rain,0,1,0,10,274,40,8.91611128368953,8.45804753588417,9.50600386585219,8.719521170856506,8.72854518782839
ACORN-E,2013-10-02,48,1442.70833333333,9.11854051111957,18.45,14.03,18.45,16.62,16.24,4.42,18.68,14.03,0.93,3.37,0.43,1008.9,7.03,2.0,0.94,partly-cloudy-day,rain,0,2,0,10,275,40,9.12470112185117,8.57108191426314,9.13145490103967,8.81475739742322,8.780914021760925
ACORN-E,2013-10-03,48,1443.91666666667,8.88014460540867,20.82,15.23,20.82,13.67,18.025,5.59,20.84,15.23,0.87,4.04,0.62,1009.01,11.68,1.0,0.98,partly-cloudy-day,rain,0,3,0,10,276,40,9.11854051111957,8.45591068232405,9.36030737869128,8.89296576840271,8.82975865494185
ACORN-E,2013-10-04,48,1439.5,8.72685230787638,17.94,13.67,17.94,8.76,15.805,4.270000000000001,17.94,13.67,0.87,1.58,0.49,1019.72,11.91,1.0,0.01,partly-cloudy-day,rain,0,4,0,10,277,40,8.88014460540867,8.50998320964676,8.82776161840763,8.953570614557655,8.870017003853482
ACORN-E,2013-10-05,48,1442.89583333333,8.88387299726731,19.19,8.76,19.19,10.37,13.975000000000001,10.430000000000001,19.19,8.76,0.82,1.53,0.41,1025.61,11.14,1.0,0.05,partly-cloudy-day,rain,0,5,1,10,278,40,8.72685230787638,8.87066612523033,8.90304160878105,8.984551914304744,8.894092865675194
ACORN-E,2013-10-06,48,1443.0,9.13888218808039,18.57,10.37,18.57,13.36,14.469999999999999,8.200000000000001,18.57,10.37,0.87,2.43,0.47,1025.51,8.71,1.0,0.08,fog,rain,0,6,1,10,279,40,8.88387299726731,9.25484744495756,9.28713892886319,8.986438610310028,8.92986256859217
ACORN-E,2013-10-07,48,1441.77083333333,8.87363094029794,19.62,13.36,19.62,13.51,16.490000000000002,6.260000000000002,19.62,13.36,0.85,3.13,0.55,1024.75,10.3,1.0,0.12,partly-cloudy-day,rain,0,0,0,10,280,41,9.13888218808039,8.91611128368953,8.78147278203963,8.96987214504186,8.95288516718984
ACORN-E,2013-10-08,48,1441.77083333333,8.7465680942237,16.48,9.04,16.48,7.6,12.76,7.440000000000001,16.48,6.37,0.76,3.89,0.55,1019.97,12.46,1.0,0.16,partly-cloudy-day,rain,0,1,0,10,281,41,8.87363094029794,9.12470112185117,8.45804753588417,8.963803524557347,8.958335572914171
ACORN-E,2013-10-09,48,1442.97916666667,8.9643845855975,11.82,7.6,11.82,8.66,9.71,4.220000000000001,11.82,4.19,0.68,6.07,0.45,1018.36,12.41,1.0,0.19,partly-cloudy-day,rain,0,2,0,10,282,41,8.7465680942237,9.11854051111957,8.57108191426314,8.909784520610566,8.954896216079314
ACORN-E,2013-10-10,48,1442.9375,9.5234344233534,13.16,8.66,13.16,9.39,10.91,4.5,13.16,5.62,0.86,5.86,0.77,1017.55,10.25,1.0,0.23,wind,rain,0,3,0,10,283,41,8.9643845855975,8.88014460540867,8.45591068232405,8.887762245535985,8.959688644537623
ACORN-E,2013-10-11,48,1442.97916666667,10.1699285427788,14.17,8.46,14.17,8.46,11.315000000000001,5.709999999999999,14.17,7.6,0.83,2.36,0.43,1018.13,10.62,1.0,0.27,partly-cloudy-day,rain,0,4,0,10,284,41,9.5234344233534,8.72685230787638,8.50998320964676,8.979660790956661,8.992780587807834
ACORN-E,2013-10-12,48,1441.875,9.6981270796636,11.47,8.87,11.47,8.62,10.17,2.6000000000000014,11.47,6.46,0.92,3.78,0.58,1010.8,9.38,1.0,0.31,partly-cloudy-day,rain,0,5,1,10,285,41,10.1699285427788,8.88387299726731,8.87066612523033,9.185814538799864,9.03899270914763
ACORN-E,2013-10-13,48,1441.0,11.0603011162224,11.34,8.62,11.34,8.75,9.98,2.7200000000000006,11.34,6.28,0.91,3.71,0.66,1007.43,9.69,1.0,0.34,partly-cloudy-day,rain,0,6,1,10,286,41,9.6981270796636,9.13888218808039,9.25484744495756,9.302136550570761,9.057077284549267
ACORN-E,2013-10-14,48,1441.85416666667,10.4962655755947,12.58,8.75,12.58,6.76,10.665,3.83,12.58,6.51,0.88,2.97,0.45,1010.38,9.27,1.0,0.38,fog,rain,0,0,0,10,287,42,11.0603011162224,8.87363094029794,8.91611128368953,9.576624968876763,9.105455817922355
ACORN-E,2013-10-15,48,1439.04166666667,10.0380404079673,14.87,6.76,14.87,11.82,10.815,8.11,14.87,6.42,0.91,1.84,0.44,1010.46,7.15,1.0,0.42,fog,rain,0,1,0,10,288,42,10.4962655755947,8.7465680942237,9.12470112185117,9.808429916776301,9.151409406035919
ACORN-E,2013-10-16,48,1438.91666666667,10.4129661387171,17.29,11.82,17.29,10.5,14.555,5.469999999999999,17.29,11.82,0.84,4.15,0.26,1013.27,12.36,1.0,0.45,partly-cloudy-day,rain,0,2,0,10,289,42,10.0380404079673,8.9643845855975,9.11854051111957,9.992925961596814,9.170410711111458
ACORN-E,2013-10-17,48,1437.66666666667,9.72072393895528,17.16,10.5,17.16,13.21,13.83,6.66,17.16,10.5,0.91,2.76,0.49,1014.16,8.75,1.0,0.48,partly-cloudy-day,rain,0,3,0,10,290,42,10.4129661387171,9.5234344233534,8.88014460540867,10.199866183471043,9.216178969599937
ACORN-E,2013-10-18,48,1437.97916666667,9.47884643089233,17.52,13.21,17.52,13.18,15.365,4.309999999999999,17.52,13.21,0.91,3.06,0.52,1005.58,11.31,1.0,0.52,partly-cloudy-day,rain,0,4,0,10,291,42,9.72072393895528,10.1699285427788,8.72685230787638,10.228050399985596,9.229050989609366
ACORN-E,2013-10-19,48,1436.54166666667,9.50580719487114,17.04,12.16,17.04,12.16,14.6,4.879999999999999,17.04,12.16,0.89,4.29,0.42,1005.32,11.57,1.0,0.55,partly-cloudy-day,rain,0,5,1,10,292,42,9.47884643089233,9.6981270796636,8.88387299726731,10.129324384001816,9.252304018626676
ACORN-E,2013-10-20,48,1436.66666666667,9.98024465091581,17.53,13.26,17.53,16.32,15.395,4.270000000000001,17.53,13.26,0.87,4.81,0.53,1005.88,11.25,1.0,0.58,partly-cloudy-day,rain,0,6,1,10,293,42,9.50580719487114,11.0603011162224,9.13888218808039,10.10185011474575,9.273831360987037
ACORN-E,2013-10-21,48,1437.85416666667,9.73928435393829,18.03,13.79,18.03,13.79,15.91,4.240000000000002,18.04,13.79,0.86,4.84,0.44,997.55,11.67,1.0,0.61,partly-cloudy-day,rain,0,0,0,10,294,43,9.98024465091581,10.4962655755947,8.87363094029794,9.947556333987665,9.298585136774632
ACORN-E,2013-10-22,48,1439.6875,9.43566705985541,16.53,9.99,16.53,6.83,13.260000000000002,6.540000000000001,16.53,8.92,0.8,5.29,0.34,998.6,12.42,1.0,0.65,wind,rain,0,1,0,10,295,43,9.73928435393829,10.0380404079673,8.7465680942237,9.83941615946532,9.33279269291387
ACORN-E,2013-10-23,48,1440.95833333333,9.25717653037252,16.91,6.83,16.91,13.14,11.870000000000001,10.08,16.91,6.83,0.86,2.1,0.36,1013.45,12.05,1.0,0.68,partly-cloudy-day,rain,0,2,0,10,296,43,9.43566705985541,10.4129661387171,8.9643845855975,9.753362824020765,9.367707675912841
ACORN-E,2013-10-24,48,1439.95833333333,9.3216204992964,18.47,13.16,18.47,14.39,15.815,5.309999999999999,18.47,13.16,0.86,4.14,0.47,1005.16,10.91,1.0,0.7,partly-cloudy-day,rain,0,3,0,10,297,43,9.25717653037252,9.72072393895528,9.5234344233534,9.588250022828683,9.392211055059605
ACORN-E,2013-10-25,48,1439.1875,9.17630826828187,16.66,14.34,16.66,11.66,15.5,2.3200000000000003,16.66,14.34,0.85,6.35,0.49,1004.52,11.31,1.0,0.73,wind,rain,0,4,0,10,298,43,9.3216204992964,9.47884643089233,10.1699285427788,9.531235245734555,9.423129262808617
ACORN-E,2013-10-26,48,1440.0,9.54320625041667,15.87,11.66,15.87,11.7,13.765,4.209999999999999,15.87,11.66,0.81,7.05,0.32,996.66,11.18,1.0,0.76,wind,rain,0,5,1,10,299,43,9.17630826828187,9.50580719487114,9.6981270796636,9.488015508218776,9.446926586331301
ACORN-E,2013-10-27,48,1438.0,10.1067103249609,15.965,10.33,14.92,9.684999999999999,13.1475,5.634999999999999,15.974999999999998,9.12,0.81,7.365,0.405,994.5799999999999,11.19,1.0,0.78,wind,rain,0,6,1,10,300,43,9.54320625041667,9.98024465091581,11.0603011162224,9.493358230439567,9.470945876516526
ACORN-E,2013-10-28,48,1439.6875,9.97530217718972,16.06,9.0,13.97,7.67,12.53,7.059999999999999,16.08,6.58,0.81,7.68,0.49,992.5,11.2,1.0,0.8,wind,rain,0,0,0,10,301,44,10.1067103249609,9.73928435393829,10.4962655755947,9.511424755303151,9.50136955080236
ACORN-E,2013-10-29,48,1439.75,10.2616316622625,12.38,6.86,12.38,4.47,9.620000000000001,5.5200000000000005,12.38,4.43,0.77,4.77,0.25,1010.58,13.66,1.0,0.83,partly-cloudy-day,rain,0,1,0,10,302,44,9.97530217718972,9.43566705985541,10.0380404079673,9.545141587196213,9.539197796998796
ACORN-E,2013-10-30,48,1436.6875,10.2322419700526,13.57,4.47,13.57,12.03,9.02,9.100000000000001,13.57,2.27,0.8,3.67,0.33,1020.1,13.36,1.0,0.86,partly-cloudy-day,rain,0,2,0,10,303,44,10.2616316622625,9.25717653037252,10.4129661387171,9.663136530397226,9.579802459156342
ACORN-E,2013-10-31,48,1436.9375,10.1150968218937,13.11,11.61,12.59,11.48,12.36,1.5,13.11,11.61,0.89,4.42,0.74,1016.56,11.36,1.0,0.89,partly-cloudy-day,rain,0,3,0,10,304,44,10.2322419700526,9.3216204992964,9.72072393895528,9.802431593208667,9.619577511261094
ACORN-E,2013-11-01,48,1439.91666666667,10.0425565774225,13.97,11.48,13.97,10.47,12.725000000000001,2.49,13.97,11.48,0.89,2.95,0.55,1008.97,11.57,1.0,0.93,partly-cloudy-day,rain,0,4,0,11,305,44,10.1150968218937,9.17630826828187,9.47884643089233,9.91578535357971,9.66368294756413
ACORN-E,2013-11-02,48,1439.8125,9.95748477120998,15.08,10.27,15.08,7.56,12.675,4.8100000000000005,15.08,10.27,0.82,4.55,0.43,998.6,9.46,1.0,0.96,wind,rain,0,5,1,11,306,44,10.0425565774225,9.54320625041667,9.50580719487114,10.039535112028371,9.710672385762207
ACORN-E,2013-11-03,48,1440.8125,11.1345888064072,11.43,7.56,11.43,6.04,9.495,3.87,11.43,3.89,0.74,5.3,0.22,998.64,11.99,1.0,0.0,wind,rain,0,6,1,11,307,44,9.95748477120998,10.1067103249609,9.98024465091581,10.098717757855985,9.749015663403016
ACORN-E,2013-11-04,48,1439.95833333333,10.7785411469576,9.98,4.78,9.98,4.41,7.380000000000001,5.2,8.24,2.11,0.82,2.94,0.29,991.64,11.14,1.0,0.03,partly-cloudy-day,rain,0,0,0,11,308,45,11.1345888064072,9.97530217718972,9.73928435393829,10.245557540919744,9.820290899771832
ACORN-E,2013-11-05,48,1439.5625,11.306539361903,12.39,4.41,12.39,9.31,8.4,7.98,12.39,2.98,0.83,3.96,0.56,994.74,12.1,1.0,0.07,partly-cloudy-day,rain,0,1,0,11,309,45,10.7785411469576,10.2616316622625,9.43566705985541,10.360305965172298,9.888323407152532
ACORN-E,2013-11-06,48,1437.85416666667,10.9975296116982,14.87,9.31,14.79,9.31,12.09,5.559999999999999,14.87,6.77,0.88,4.86,0.62,999.46,10.19,1.0,0.11,wind,rain,0,2,0,11,310,45,11.306539361903,10.2322419700526,9.25717653037252,10.50957849369237,9.979750952426794
ACORN-E,2013-11-07,48,1437.66666666667,10.5407608356527,14.7,7.37,11.0,5.29,11.035,7.329999999999999,14.7,6.25,0.83,2.89,0.66,1006.38,13.9,1.0,0.14,partly-cloudy-day,rain,0,3,0,11,311,45,10.9975296116982,10.1150968218937,9.3216204992964,10.61890529964174,10.052363274787533
ACORN-E,2013-11-08,48,1438.0,10.95777885758,11.0,5.29,11.0,3.28,8.145,5.71,11.0,2.54,0.9,2.0,0.5,1005.53,12.1,1.0,0.18,partly-cloudy-day,rain,0,4,0,11,312,45,10.5407608356527,10.0425565774225,9.17630826828187,10.679714444464455,10.08869636094108
ACORN-E,2013-11-09,48,1439.95833333333,11.6772841947299,7.06,3.28,7.06,4.79,5.17,3.78,7.04,1.24,0.9,1.9,0.41,1006.05,11.43,1.0,0.22,partly-cloudy-day,rain,0,5,1,11,313,45,10.95777885758,9.95748477120998,9.54320625041667,10.810460484486955,10.11683387218398
ACORN-E,2013-11-10,48,1438.20833333333,11.8013627857623,9.22,2.58,9.22,2.53,5.9,6.640000000000001,7.3,0.71,0.79,2.61,0.18,1015.79,12.68,1.0,0.26,partly-cloudy-day,rain,0,6,1,11,314,45,11.6772841947299,11.1345888064072,10.1067103249609,11.056146116418372,10.18751805486492
ACORN-E,2013-11-11,48,1439.89583333333,11.7933619811977,12.63,2.53,12.11,9.79,7.58,10.100000000000001,12.63,1.21,0.91,3.65,0.65,1022.52,7.81,1.0,0.29,cloudy,rain,0,0,0,11,315,46,11.8013627857623,10.7785411469576,9.97530217718972,11.151399542040528,10.21398454306277
ACORN-E,2013-11-12,48,1440.64583333333,10.8381698697809,13.11,6.08,12.36,2.11,9.594999999999999,7.029999999999999,13.11,4.61,0.85,2.26,0.56,1026.13,9.91,1.0,0.33,partly-cloudy-day,rain,0,1,0,11,316,46,11.7933619811977,11.306539361903,10.2616316622625,11.29637394693197,10.26030941469145
ACORN-E,2013-11-13,48,1440.70833333333,11.1269594103202,9.94,2.11,9.94,6.54,6.0249999999999995,7.83,9.09,0.39,0.82,2.3,0.45,1032.0,12.99,1.0,0.37,partly-cloudy-day,rain,0,2,0,11,317,46,10.8381698697809,10.9975296116982,10.2322419700526,11.229464019485956,10.288885466899078
ACORN-E,2013-11-14,48,1439.91666666667,11.1898247738887,9.62,5.18,9.62,4.65,7.3999999999999995,4.4399999999999995,6.61,2.32,0.74,4.6,0.32,1023.75,13.18,1.0,0.4,partly-cloudy-day,rain,0,3,0,11,318,46,11.1269594103202,10.5407608356527,10.1150968218937,11.247953990717672,10.31438522659919
ACORN-E,2013-11-15,48,1439.72916666667,11.3946992066146,9.25,3.33,9.25,1.38,6.29,5.92,7.41,1.74,0.72,2.57,0.27,1032.71,13.12,1.0,0.43,partly-cloudy-day,rain,0,4,0,11,319,46,11.1898247738887,10.95777885758,10.0425565774225,11.340677410465672,10.366853113561097
ACORN-E,2013-11-16,48,1437.75,11.8034778902969,9.14,1.38,9.14,7.59,5.26,7.760000000000001,8.36,-0.1,0.87,1.4,0.35,1031.84,9.66,1.0,0.47,partly-cloudy-day,rain,0,5,1,11,320,46,11.3946992066146,11.6772841947299,9.95748477120998,11.403094603184899,10.435276426979751
ACORN-E,2013-11-17,48,1439.91666666667,12.3390941029452,9.57,8.28,9.57,8.08,8.925,1.290000000000001,9.57,7.78,0.87,0.87,1.0,1024.24,6.41,1.0,0.5,fog,rain,0,6,1,11,321,46,11.8034778902969,11.8013627857623,11.1345888064072,11.421122273980187,10.517336094673526
ACORN-E,2013-11-18,48,1434.75,11.6806446495667,9.3,7.37,9.3,2.19,8.335,1.9300000000000006,8.54,5.02,0.92,1.77,0.98,1010.92,5.39,1.0,0.53,fog,rain,0,0,0,11,322,47,12.3390941029452,11.7933619811977,10.7785411469576,11.497941033577742,10.601580717960292
ACORN-E,2013-11-19,48,1429.5,11.8512014526643,6.78,0.6,5.73,-1.27,3.69,6.180000000000001,4.33,-2.23,0.74,3.57,0.19,1013.76,13.5,1.0,0.56,partly-cloudy-day,rain,0,1,0,11,323,47,11.6806446495667,10.8381698697809,11.306539361903,11.481838557630457,10.670915014232733
ACORN-E,2013-11-20,48,1431.85416666667,12.8682450495397,6.38,-1.27,6.38,3.12,2.5549999999999997,7.65,3.21,-4.81,0.85,3.41,0.52,1003.95,12.18,1.0,0.59,partly-cloudy-day,rain,0,2,0,11,324,47,11.8512014526643,11.1269594103202,10.9975296116982,11.626557355185229,10.757184099690194
ACORN-E,2013-11-21,48,1429.85416666667,12.5757533593905,7.91,3.12,7.91,3.52,5.515000000000001,4.79,4.39,-0.77,0.78,4.83,0.48,1004.26,11.96,1.0,0.62,partly-cloudy-day,rain,0,3,0,11,325,47,12.8682450495397,11.1898247738887,10.5407608356527,11.875312446502301,10.886150832517595
ACORN-E,2013-11-22,48,1429.0,12.4795773669021,7.89,3.52,7.89,3.41,5.705,4.369999999999999,4.74,0.0,0.76,4.31,0.27,1017.66,12.36,1.0,0.65,partly-cloudy-day,rain,0,4,0,11,326,47,12.5757533593905,11.3946992066146,10.95777885758,12.073302244431128,11.002369863235241
ACORN-E,2013-11-23,48,1420.95833333333,12.4722063163489,7.41,3.41,7.41,6.14,5.41,4.0,4.72,0.61,0.82,3.37,0.46,1024.21,11.2,1.0,0.68,partly-cloudy-day,rain,0,5,1,11,327,47,12.4795773669021,11.8034778902969,11.6772841947299,12.228284838757915,11.120343759614537
ACORN-E,2013-11-24,48,1421.89583333333,13.1171419569384,8.02,5.06,8.02,4.54,6.539999999999999,2.96,5.55,2.69,0.78,3.55,0.77,1030.42,11.78,1.0,0.71,partly-cloudy-day,rain,0,6,1,11,328,47,12.4722063163489,12.3390941029452,11.8013627857623,12.323817471051058,11.2249509048264
ACORN-E,2013-11-25,48,1421.75,12.5277768196152,7.29,4.54,7.29,2.98,5.915,2.75,4.63,1.89,0.77,3.33,0.73,1037.52,12.17,1.0,0.74,partly-cloudy-day,rain,0,0,0,11,329,48,13.1171419569384,11.6806446495667,11.7933619811977,12.434967164478659,11.332466320254168
ACORN-E,2013-11-26,48,1418.64583333333,12.4335093556647,7.23,2.93,7.23,5.78,5.08,4.300000000000001,5.77,1.08,0.72,2.17,0.47,1038.71,12.63,1.0,0.77,partly-cloudy-night,rain,0,1,0,11,330,48,12.5277768196152,11.8512014526643,10.8381698697809,12.555986045914157,11.42362612891222
ACORN-E,2013-11-27,48,1415.91666666667,12.187069385028,10.32,5.78,10.32,8.58,8.05,4.54,10.32,4.12,0.89,1.35,0.88,1033.95,6.76,1.0,0.81,partly-cloudy-day,rain,0,2,0,11,331,48,12.4335093556647,12.8682450495397,11.1269594103202,12.63917288919993,11.501193189390872
ACORN-E,2013-11-28,48,1418.5,11.9313841708774,9.9,8.08,9.9,8.04,8.99,1.8200000000000003,9.38,7.97,0.87,1.23,0.96,1034.64,6.34,0.0,0.84,cloudy,rain,0,3,0,11,332,48,12.187069385028,12.5757533593905,11.1898247738887,12.541862079983972,11.571008454211421
ACORN-E,2013-11-29,48,1418.35416666667,11.8574052750507,10.18,6.56,10.18,6.21,8.37,3.62,10.18,2.99,0.77,4.4,0.62,1026.65,11.02,1.0,0.87,partly-cloudy-day,rain,0,4,0,11,333,48,11.9313841708774,12.4795773669021,11.3946992066146,12.449809338767812,11.635875859532268
ACORN-E,2013-11-30,48,1417.02083333333,12.2866540121909,8.38,3.53,8.38,2.43,5.955,4.850000000000001,6.01,2.19,0.73,3.68,0.5,1027.3,12.46,1.0,0.91,partly-cloudy-day,rain,0,5,1,11,334,48,11.8574052750507,12.4722063163489,11.8034778902969,12.360927611360472,11.70069188444756
ACORN-E,2013-12-01,48,1417.47916666667,12.8408625580988,9.42,2.43,9.42,7.26,5.925,6.99,8.59,0.21,0.83,1.02,0.55,1032.9,11.59,1.0,0.94,partly-cloudy-day,rain,0,6,1,12,335,48,12.2866540121909,13.1171419569384,12.3390941029452,12.3344201393379,11.783876500196879
ACORN-E,2013-12-02,48,1417.4375,11.9693912254666,9.42,6.59,9.42,6.34,8.004999999999999,2.83,8.79,6.24,0.79,1.36,0.86,1033.95,10.7,0.0,0.98,partly-cloudy-day,rain,0,0,0,12,336,49,12.8408625580988,12.5277768196152,11.6806446495667,12.294951653789386,11.844814848471577
ACORN-E,2013-12-03,48,1416.8125,12.2272331763288,7.22,3.66,6.44,3.66,5.4399999999999995,3.5599999999999996,7.22,1.58,0.72,0.96,0.97,1029.5,11.99,0.0,0.02,cloudy,rain,0,1,0,12,337,49,11.9693912254666,12.4335093556647,11.8512014526643,12.215182283196729,11.887345208418328
ACORN-E,2013-12-04,48,1417.97916666667,12.1931144986164,8.91,2.35,8.91,1.08,5.63,6.5600000000000005,6.66,-0.58,0.77,2.87,0.56,1029.19,12.25,1.0,0.06,partly-cloudy-day,rain,0,2,0,12,338,49,12.2272331763288,12.187069385028,12.8682450495397,12.185714257577315,11.920227130362107
ACORN-E,2013-12-05,48,1415.97916666667,12.7015705382058,10.29,1.08,10.29,2.73,5.685,9.209999999999999,10.29,-2.54,0.73,6.12,0.44,1023.72,13.37,1.0,0.09,wind,rain,0,3,0,12,339,49,12.1931144986164,11.9313841708774,12.5757533593905,12.1865778452328,11.962926590609186
ACORN-E,2013-12-06,48,1415.70833333333,12.6032529068427,7.85,2.73,7.85,6.55,5.29,5.119999999999999,5.72,-1.27,0.7,3.92,0.38,1027.65,12.67,1.0,0.13,partly-cloudy-day,rain,0,4,0,12,340,49,12.7015705382058,11.8574052750507,12.4795773669021,12.296604469136858,12.040098365700368
ACORN-E,2013-12-07,48,1416.85416666667,12.6655199439605,8.72,6.55,8.72,5.09,7.635,2.170000000000001,6.32,4.02,0.85,3.71,0.47,1026.6,11.78,1.0,0.17,partly-cloudy-day,rain,0,5,1,12,341,49,12.6032529068427,12.2866540121909,12.4722063163489,12.403154130821429,12.098865296031178
ACORN-E,2013-12-08,48,1414.0625,12.6438143241738,11.24,5.09,11.24,6.01,8.165,6.15,11.24,2.53,0.83,4.56,0.35,1025.35,12.87,1.0,0.2,partly-cloudy-day,rain,0,6,1,12,342,49,12.6655199439605,12.8408625580988,13.1171419569384,12.457277835359944,12.13415942993227
ACORN-E,2013-12-09,48,1413.5625,11.9668606896025,11.01,5.06,11.01,2.06,8.035,5.95,11.01,3.17,0.89,2.69,0.32,1028.84,10.73,1.0,0.24,partly-cloudy-day,rain,0,0,0,12,343,50,12.6438143241738,11.9693912254666,12.5277768196152,12.42912808765637,12.164246984875541
ACORN-E,2013-12-10,48,1412.04166666667,12.1756345403265,9.03,2.06,9.03,2.06,5.545,6.969999999999999,7.65,2.06,0.91,1.35,0.23,1031.32,4.49,1.0,0.28,fog,rain,0,1,0,12,344,50,11.9668606896025,12.2272331763288,12.4335093556647,12.428766582532928,12.170443367318567
ACORN-E,2013-12-11,48,1412.625,12.5452322176099,6.4,2.06,6.4,1.52,4.23,4.34,6.34,0.46,0.93,1.45,0.03,1029.46,3.48,1.0,0.31,fog,rain,0,2,0,12,345,50,12.1756345403265,12.1931144986164,12.187069385028,12.421395348818313,12.218209962695198
ACORN-E,2013-12-12,48,1410.85416666667,12.5342984956014,8.98,1.52,8.98,7.23,5.25,7.460000000000001,7.28,-0.88,0.94,2.28,0.16,1024.86,3.14,1.0,0.35,fog,rain,0,3,0,12,346,50,12.5452322176099,12.7015705382058,11.9313841708774,12.471697880103099,12.268862562955544
ACORN-E,2013-12-13,48,1411.875,12.0334909827741,11.73,8.15,11.73,3.79,9.940000000000001,3.58,11.73,5.42,0.85,3.44,0.51,1019.67,9.45,1.0,0.38,partly-cloudy-day,rain,0,4,0,12,347,50,12.5342984956014,12.6032529068427,11.8574052750507,12.447801874016758,12.31687948158814
ACORN-E,2013-12-14,48,1411.9375,12.0304644849755,11.33,3.79,11.33,8.11,7.5600000000000005,7.54,11.33,1.16,0.81,5.45,0.35,1022.45,12.73,1.0,0.41,wind,rain,0,5,1,12,348,50,12.0334909827741,12.6655199439605,12.2866540121909,12.366407313435529,12.339693473593837
ACORN-E,2013-12-15,48,1412.79166666667,12.3876069703954,12.54,8.11,12.44,11.64,10.325,4.43,12.54,6.2,0.91,6.12,0.68,1019.25,9.14,0.0,0.44,wind,rain,0,6,1,12,349,50,12.0304644849755,12.6438143241738,12.8408625580988,12.2756851050091,12.347800137689502
ACORN-E,2013-12-16,48,1410.97916666667,11.5157792129424,12.89,7.95,12.89,4.61,10.42,4.94,12.89,6.56,0.89,5.57,0.88,1016.66,10.36,0.0,0.47,wind,rain,0,0,0,12,350,51,12.3876069703954,11.9668606896025,11.9693912254666,12.239084054469329,12.349532740098436
ACORN-E,2013-12-17,48,1411.85416666667,11.8354780169474,7.4,4.61,6.48,5.01,6.005000000000001,2.79,7.08,2.72,0.9,1.29,0.6,1021.59,9.61,0.0,0.51,fog,rain,0,1,0,12,351,51,11.5157792129424,12.1756345403265,12.2272331763288,12.174643843517886,12.343644688790425
ACORN-E,2013-12-18,48,1411.45833333333,11.8184521503335,10.29,5.01,10.27,5.14,7.6499999999999995,5.279999999999999,10.29,2.42,0.88,5.85,0.64,1007.83,9.7,0.0,0.54,wind,rain,0,2,0,12,352,51,11.8354780169474,12.5452322176099,12.1931144986164,12.126050054463729,12.343083137514821
ACORN-E,2013-12-19,48,1409.9375,11.8972942299034,9.7,3.68,8.19,2.63,6.6899999999999995,6.02,7.07,0.55,0.78,3.99,0.36,1002.06,13.89,1.0,0.57,partly-cloudy-day,rain,0,3,0,12,353,51,11.8184521503335,12.5342984956014,12.7015705382058,12.0222243305671,12.305590533971744
ACORN-E,2013-12-20,48,1411.0,11.8807221817151,10.42,2.63,9.69,9.41,6.525,7.79,10.42,-0.66,0.79,5.52,0.36,1018.73,13.82,1.0,0.6,wind,rain,0,4,0,12,354,51,11.8972942299034,12.0334909827741,12.6032529068427,11.93122372118167,12.281359850775774
ACORN-E,2013-12-21,48,1410.89583333333,12.0791825412313,11.95,9.41,11.95,7.96,10.68,2.539999999999999,11.95,5.58,0.86,8.91,0.86,1012.62,9.66,0.0,0.63,wind,rain,0,5,1,12,355,51,11.8807221817151,12.0304644849755,12.6655199439605,11.909399606744671,12.259972165590524
ACORN-E,2013-12-22,48,1410.75,11.81780348772,10.07,4.81,10.07,4.81,7.4399999999999995,5.260000000000001,10.07,1.58,0.73,5.66,0.25,1009.77,12.68,1.0,0.66,partly-cloudy-day,rain,0,6,1,12,356,51,12.0791825412313,12.3876069703954,12.6438143241738,11.91635932906693,12.245935602193468
ACORN-E,2013-12-23,48,1410.91666666667,12.0200664434678,11.95,5.14,11.33,8.23,8.545,6.81,11.95,2.07,0.84,8.48,0.58,998.59,9.98,0.0,0.69,wind,rain,0,0,0,12,357,52,11.81780348772,11.5157792129424,11.9668606896025,11.83495883154187,12.199530656864239
ACORN-E,2013-12-24,48,1408.89583333333,11.5605739134428,11.93,5.43,9.07,3.93,8.68,6.5,11.93,2.68,0.81,6.67,0.4,979.52,10.86,1.0,0.72,partly-cloudy-day,rain,0,1,0,12,358,52,12.0200664434678,11.8354780169474,12.1756345403265,11.906999864474072,12.181398143430403
ACORN-E,2013-12-25,48,1408.97916666667,11.6559046855464,7.19,3.74,7.19,2.87,5.465,3.45,4.98,0.23,0.85,2.47,0.03,984.66,12.36,1.0,0.75,clear-day,rain,1,2,0,12,359,52,11.5605739134428,11.8184521503335,12.5452322176099,11.867727849687698,12.150221877636765
ACORN-E,2013-12-26,48,1408.89583333333,11.0342508933371,7.64,2.87,4.29,4.29,5.255,4.77,4.53,-0.06,0.92,2.27,0.49,995.06,9.8,0.0,0.78,wind,rain,1,3,0,12,360,52,11.6559046855464,11.8972942299034,12.5342984956014,11.844506783289543,12.131251709798136
ACORN-E,2013-12-27,48,1408.60416666667,11.3844515167199,10.99,7.47,10.41,4.27,9.23,3.5200000000000005,10.99,3.68,0.75,7.86,0.37,986.81,11.43,1.0,0.82,wind,rain,0,4,0,12,361,52,11.0342508933371,11.8807221817151,12.0334909827741,11.721214878065785,12.099211235600267
ACORN-E,2013-12-28,48,1409.97916666667,11.3240254038009,7.81,2.86,7.81,0.72,5.335,4.949999999999999,5.34,0.77,0.77,3.17,0.11,997.47,13.45,1.0,0.85,partly-cloudy-day,rain,0,5,1,12,362,52,11.3844515167199,12.0791825412313,12.0304644849755,11.650319068780757,12.082320029945596
ACORN-E,2013-12-29,48,1410.95833333333,11.9480493843219,7.56,0.72,7.15,5.23,4.14,6.84,4.44,-2.77,0.84,3.07,0.12,1014.89,14.08,1.0,0.89,partly-cloudy-night,rain,0,6,1,12,363,52,11.3240254038009,11.81780348772,12.3876069703954,11.54243947771927,12.04794043678881
ACORN-E,2013-12-30,48,1407.04166666667,12.0482163053927,10.22,6.4,10.22,6.4,8.31,3.8200000000000003,10.22,4.21,0.83,6.58,0.55,1010.88,11.35,0.0,0.93,wind,rain,0,0,0,12,364,1,11.9480493843219,12.0200664434678,11.5157792129424,11.561046034376686,12.016054252011065
ACORN-E,2013-12-31,48,1409.89583333333,12.1463520070988,10.36,5.77,10.36,5.77,8.065,4.59,10.36,2.79,0.85,4.72,0.59,1004.27,12.13,0.0,0.96,partly-cloudy-day,rain,0,1,0,12,365,1,12.0482163053927,11.5605739134428,11.8354780169474,11.5650674432231,12.018869433436995
ACORN-E,2014-01-01,48,1408.91666666667,12.4512785636379,11.34,6.59,10.83,6.54,8.965,4.75,11.34,3.18,0.86,7.2,0.495,993.32,9.95,0.5,0.01,wind,rain,1,2,0,1,1,1,12.1463520070988,11.6559046855464,11.8184521503335,11.6487500280311,12.01598082025021
ACORN-E,2014-01-02,48,1409.0,11.6142299521647,10.75,6.54,10.27,8.54,8.645,4.21,10.75,3.36,0.82,4.89,0.4,993.31,12.23,1.0,0.04,wind,rain,0,3,0,1,2,1,12.4512785636379,11.0342508933371,11.8972942299034,11.762374867758457,12.02520096542955
ACORN-E,2014-01-03,48,1408.91666666667,12.0736456030097,10.49,7.01,10.14,7.04,8.75,3.4800000000000004,10.49,2.77,0.78,7.66,0.4,994.51,10.93,1.0,0.08,wind,rain,0,4,0,1,3,1,11.6142299521647,11.3844515167199,11.8807221817151,11.845229019019543,11.986367373070939
ACORN-E,2014-01-04,48,1409.9375,12.5437995202133,9.58,4.06,9.58,1.72,6.82,5.5200000000000005,6.66,1.16,0.84,4.46,0.61,993.71,11.27,0.0,0.12,partly-cloudy-day,rain,0,5,1,1,4,1,12.0736456030097,11.3240254038009,12.0791825412313,11.943685317060943,11.967452826505475
ACORN-E,2014-01-05,48,1408.79166666667,13.2262160110062,11.96,1.72,8.78,8.78,6.840000000000001,10.24,11.96,-0.88,0.87,4.4,0.44,1000.02,11.67,1.0,0.15,wind,rain,0,6,1,1,5,1,12.5437995202133,11.9480493843219,11.81780348772,12.117938762262714,11.963105668514505
ACORN-E,2014-01-06,48,1408.45833333333,12.2030733861158,12.57,9.34,12.37,10.23,10.955,3.2300000000000004,12.57,5.91,0.78,8.3,0.58,994.61,10.67,1.0,0.19,wind,rain,0,0,0,1,6,2,13.2262160110062,12.0482163053927,12.0200664434678,12.300533994646186,11.983905728758517
ACORN-E,2014-01-07,48,1410.91666666667,11.9375863602031,11.38,8.98,11.38,7.37,10.18,2.4000000000000004,11.38,5.34,0.78,7.3,0.59,1003.19,11.36,1.0,0.22,wind,rain,0,1,0,1,7,2,12.2030733861158,12.1463520070988,11.5605739134428,12.322656434749486,11.992341896491137
ACORN-E,2014-01-08,48,1404.02083333333,11.6931236612479,11.62,7.37,11.62,9.25,9.495,4.249999999999999,11.62,4.53,0.85,4.15,0.5,1011.94,11.99,1.0,0.26,partly-cloudy-day,rain,0,2,0,1,8,2,11.9375863602031,12.4512785636379,11.6559046855464,12.292832770907243,11.983840175772443
ACORN-E,2014-01-09,48,1403.35416666667,11.702861872658,12.01,4.86,10.29,2.68,8.435,7.1499999999999995,12.01,1.6,0.77,6.03,0.39,1006.3,12.63,1.0,0.29,wind,rain,0,3,0,1,9,2,11.6931236612479,11.6142299521647,11.0342508933371,12.18452492770867,11.953407727330942
ACORN-E,2014-01-10,48,1403.95833333333,11.945971275057,10.14,2.68,10.14,7.16,6.41,7.460000000000001,10.14,0.34,0.85,3.56,0.4,1014.26,13.0,1.0,0.33,partly-cloudy-day,rain,0,4,0,1,10,2,11.702861872658,12.0736456030097,11.3844515167199,12.197186630636285,11.923713562225823
ACORN-E,2014-01-11,48,1403.60416666667,11.9207370190276,8.59,1.02,8.41,0.38,4.805,7.57,5.91,1.02,0.81,2.68,0.2,1018.51,12.05,1.0,0.36,partly-cloudy-day,rain,0,5,1,1,11,2,11.945971275057,12.5437995202133,11.3240254038009,12.178947440928757,11.920587858378783
ACORN-E,2014-01-12,48,1401.95833333333,13.3060000325236,8.91,0.38,7.06,5.42,4.6450000000000005,8.53,6.06,-1.79,0.9,3.25,0.46,1016.63,8.27,1.0,0.39,cloudy,rain,0,6,1,1,12,2,11.9207370190276,13.2262160110062,11.9480493843219,12.089938512187944,11.916669020309213
ACORN-F,2012-07-01,48,586.0,8.15838566587031,17.58,12.47,17.58,15.43,15.024999999999999,5.109999999999998,17.58,12.47,0.83,4.51,0.56,1015.49,11.97,6.0,0.45,partly-cloudy-day,rain,0,6,1,7,183,26,,,,,
ACORN-F,2012-07-02,48,590.3125,7.95666913746557,18.81,15.43,18.81,15.95,17.119999999999997,3.379999999999999,18.81,15.52,0.9,3.64,0.78,1013.77,11.54,5.0,0.49,partly-cloudy-day,rain,0,0,0,7,184,27,8.15838566587031,,,,
ACORN-F,2012-07-03,48,588.166666666667,7.807432394229,21.44,15.95,21.44,15.2,18.695,5.490000000000002,21.44,16.12,0.85,3.35,0.66,1009.62,11.02,6.0,0.53,partly-cloudy-day,rain,0,1,0,7,185,27,7.95666913746557,,,8.05752740166794,
ACORN-F,2012-07-04,48,592.395833333333,7.81000361971278,22.33,15.2,22.33,14.78,18.765,7.129999999999999,22.33,15.2,0.71,1.35,0.48,1009.33,12.73,6.0,0.56,partly-cloudy-day,rain,0,2,0,7,186,27,7.807432394229,,,7.974162399188294,
ACORN-F,2012-07-05,48,609.520833333333,7.61427578963484,18.7,14.78,18.7,13.42,16.74,3.92,18.7,14.78,0.82,2.46,0.39,1007.45,11.89,5.0,0.6,partly-cloudy-day,rain,1,3,0,7,187,27,7.81000361971278,,,7.933122704319415,
ACORN-F,2012-07-06,48,620.666666666667,7.646658458194,18.65,13.42,18.65,14.28,16.035,5.229999999999999,18.65,13.42,0.81,3.33,0.54,1007.26,11.28,6.0,0.63,partly-cloudy-day,rain,0,4,0,7,188,27,7.61427578963484,,,7.8693533213825,
ACORN-F,2012-07-07,48,633.375,7.82419076741807,18.77,14.28,18.77,14.38,16.525,4.49,18.77,14.28,0.89,1.08,0.55,1005.49,10.94,6.0,0.67,partly-cloudy-day,rain,0,5,1,7,189,27,7.646658458194,,,7.832237510851083,
ACORN-F,2012-07-08,48,638.666666666667,8.64759134518284,18.0,14.38,18.0,13.96,16.19,3.619999999999999,18.0,14.38,0.85,3.31,0.61,1010.95,11.28,5.0,0.7,partly-cloudy-day,rain,0,6,1,7,190,27,7.82419076741807,8.15838566587031,,7.831087976074939,7.831087976074939
ACORN-F,2012-07-09,48,643.208333333333,7.95569662071108,17.46,13.28,17.46,12.07,15.370000000000001,4.1800000000000015,17.46,13.28,0.84,3.33,0.55,1010.77,12.18,6.0,0.73,partly-cloudy-day,rain,0,0,0,7,191,28,8.64759134518284,7.95666913746557,,7.900974501691015,7.933150897213427
ACORN-F,2012-07-10,48,648.208333333333,7.81819530870769,18.75,12.07,18.75,10.04,15.41,6.68,18.75,12.07,0.79,4.03,0.48,1010.87,13.0,6.0,0.76,partly-cloudy-day,rain,0,1,0,7,192,28,7.95569662071108,7.807432394229,,7.9008355707260876,7.935655977602055
ACORN-F,2012-07-11,48,651.0,7.66628394166464,18.67,10.04,18.67,13.15,14.355,8.630000000000003,18.67,10.04,0.8,3.27,0.5,1012.07,12.34,6.0,0.79,partly-cloudy-day,rain,0,2,0,7,193,28,7.81819530870769,7.81000361971278,,7.902373129937329,7.923909910712618
ACORN-F,2012-07-12,48,657.354166666667,7.73997833892316,19.26,14.21,19.26,13.66,16.735,5.050000000000001,19.26,14.21,0.83,4.59,0.58,1002.07,12.26,6.0,0.82,partly-cloudy-day,rain,0,3,0,7,194,28,7.66628394166464,7.61427578963484,,7.881841747359024,7.900489368071893
ACORN-F,2012-07-13,48,662.020833333333,7.84945869606367,16.44,13.13,16.44,12.44,14.785,3.3100000000000005,16.44,13.13,0.88,1.68,0.63,1004.61,11.91,5.0,0.85,partly-cloudy-day,rain,0,4,0,7,195,28,7.73997833892316,7.646658458194,,7.899799254400212,7.887113448976165
ACORN-F,2012-07-14,48,664.375,8.31611518297145,18.26,12.44,18.26,13.05,15.350000000000001,5.820000000000002,18.26,12.44,0.69,3.45,0.39,1015.16,11.97,6.0,0.88,partly-cloudy-day,rain,0,5,1,7,196,28,7.84945869606367,7.82419076741807,,7.928770716953022,7.884216929521358
ACORN-F,2012-07-15,48,665.0,8.31692330451128,17.06,13.05,16.94,13.92,15.055,4.009999999999998,17.15,13.05,0.85,5.27,0.68,1019.8,12.21,5.0,0.91,partly-cloudy-day,rain,0,6,1,7,197,28,8.31611518297145,8.64759134518284,8.15838566587031,7.999045633460647,7.915066804767792
ACORN-F,2012-07-16,48,665.0,8.05797293308271,22.44,13.92,22.44,14.91,18.18,8.520000000000001,22.48,13.92,0.77,4.9,0.55,1022.06,12.81,5.0,0.94,partly-cloudy-day,rain,0,0,0,7,198,29,8.31692330451128,7.95569662071108,7.95666913746557,7.951807341936139,7.941857238084025
ACORN-F,2012-07-17,48,664.6875,7.64346415805615,18.52,14.91,18.52,13.77,16.715,3.6099999999999994,18.52,14.91,0.85,5.3,0.72,1013.52,12.47,5.0,0.97,partly-cloudy-day,rain,0,1,0,7,199,29,8.05797293308271,7.81819530870769,7.807432394229,7.966418243703514,7.949114469021443
ACORN-F,2012-07-18,48,665.0,7.85271879819549,20.18,13.77,20.18,13.12,16.975,6.41,20.18,13.77,0.73,4.41,0.48,1010.4,12.96,6.0,0.01,partly-cloudy-day,rain,0,2,0,7,200,29,7.64346415805615,7.66628394166464,7.81000361971278,7.9414566507532935,7.931135038964661
ACORN-F,2012-07-19,48,664.5625,7.70686796877178,17.77,13.12,17.77,11.83,15.445,4.65,17.77,13.12,0.79,1.52,0.54,1016.21,12.18,5.0,0.04,partly-cloudy-day,rain,0,3,0,7,201,29,7.85271879819549,7.73997833892316,7.61427578963484,7.968090201686272,7.926778581144152
ACORN-F,2012-07-20,48,664.895833333333,7.81318875411224,19.89,11.83,19.89,12.24,15.86,8.06,19.89,11.83,0.7,0.9,0.36,1023.63,12.5,6.0,0.07,partly-cloudy-day,rain,0,4,0,7,202,29,7.70686796877178,7.84945869606367,7.646658458194,7.963360148807504,7.915204338387711
ACORN-F,2012-07-21,48,664.541666666667,7.71858050140298,22.86,12.24,22.86,12.47,17.55,10.62,22.86,12.24,0.66,3.0,0.22,1026.73,12.6,6.0,0.11,partly-cloudy-day,rain,0,5,1,7,203,29,7.81318875411224,8.31611518297145,7.82419076741807,7.958178728528728,7.910103559173938
ACORN-F,2012-07-22,48,664.979166666667,7.80218708865658,27.18,12.47,27.18,14.21,19.825,14.709999999999999,27.18,12.47,0.58,3.21,0.19,1023.04,12.71,6.0,0.14,partly-cloudy-day,rain,0,6,1,7,204,29,7.71858050140298,8.31692330451128,8.64759134518284,7.872816631161805,7.900983413565797
ACORN-F,2012-07-23,48,664.958333333333,7.4753417261473,28.32,14.21,28.32,15.74,21.265,14.11,28.32,14.21,0.58,0.87,0.02,1018.25,12.31,7.0,0.18,clear-day,rain,0,0,0,7,205,30,7.80218708865658,8.05797293308271,7.95569662071108,7.799282886039704,7.896492671524469
ACORN-F,2012-07-24,48,663.979166666667,7.5193260543962,29.37,15.74,29.37,15.93,22.555,13.63,29.37,15.74,0.57,0.81,0.2,1016.59,12.31,6.0,0.22,partly-cloudy-day,rain,0,1,0,7,206,30,7.4753417261473,7.64346415805615,7.81819530870769,7.716049856477503,7.878181760855896
ACORN-F,2012-07-25,48,664.208333333333,7.65545207961722,26.44,15.93,26.44,15.93,21.185000000000002,10.510000000000002,26.44,15.93,0.61,2.8,0.12,1018.08,11.7,6.0,0.26,partly-cloudy-day,rain,0,2,0,7,207,30,7.5193260543962,7.85271879819549,7.66628394166464,7.698315841668938,7.863229439753408
ACORN-F,2012-07-26,48,664.895833333333,7.64856288819051,23.79,15.93,23.79,15.02,19.86,7.859999999999999,23.79,16.01,0.75,1.48,0.36,1012.66,9.75,5.0,0.29,partly-cloudy-night,rain,0,3,0,7,208,30,7.65545207961722,7.70686796877178,7.73997833892316,7.670134881872043,7.854918345347961
ACORN-F,2012-07-27,48,665.0,7.79404811909774,21.09,14.93,21.09,10.97,18.009999999999998,6.16,21.09,14.93,0.55,2.52,0.44,1010.56,13.26,6.0,0.33,partly-cloudy-day,rain,0,4,0,7,209,30,7.64856288819051,7.81318875411224,7.84945869606367,7.661805584646147,7.846981596995751
ACORN-F,2012-07-28,48,665.0,7.7993398487218,17.92,10.97,17.92,9.86,14.445,6.950000000000001,17.92,10.97,0.75,3.53,0.3,1011.76,12.97,5.0,0.37,partly-cloudy-day,rain,0,5,1,7,210,30,7.79404811909774,7.71858050140298,8.31611518297145,7.6590712082155035,7.845021097814344
ACORN-F,2012-07-29,48,665.0,8.22997894631579,19.69,9.86,19.69,11.52,14.775,9.830000000000002,19.69,8.53,0.65,4.22,0.31,1015.19,12.92,5.0,0.41,partly-cloudy-day,rain,0,6,1,7,211,30,7.7993398487218,7.80218708865658,8.31692330451128,7.670608257832478,7.843389624632467
ACORN-F,2012-07-30,48,665.0,7.6897233087218,20.19,11.52,20.19,13.69,15.855,8.670000000000002,20.19,11.52,0.84,3.03,0.53,1014.62,11.57,5.0,0.44,partly-cloudy-day,rain,0,0,0,7,212,31,8.22997894631579,7.4753417261473,8.05797293308271,7.731721380355223,7.84594652750552
ACORN-F,2012-07-31,48,663.958333333333,7.80943868418766,22.57,13.69,22.57,15.61,18.13,8.88,22.57,13.69,0.79,3.24,0.41,1009.58,11.3,5.0,0.48,partly-cloudy-day,rain,0,1,0,7,213,31,7.6897233087218,7.5193260543962,7.64346415805615,7.762347320723008,7.836412747907528
ACORN-F,2012-08-01,48,664.958333333333,7.54261486945282,21.29,15.61,21.29,13.09,18.45,5.68,21.29,15.61,0.74,4.71,0.45,1010.31,12.63,4.0,0.52,partly-cloudy-day,rain,0,2,0,8,214,31,7.80943868418766,7.65545207961722,7.85271879819549,7.803791982121788,7.836484401120337
ACORN-F,2012-08-02,48,664.854166666667,7.39867181190849,21.77,13.09,21.77,14.36,17.43,8.68,21.77,13.09,0.73,4.37,0.33,1012.49,12.63,5.0,0.55,partly-cloudy-day,rain,0,3,0,8,215,31,7.54261486945282,7.64856288819051,7.70686796877178,7.787672380669732,7.826934802896767
ACORN-F,2012-08-03,48,665.0,7.45797142902256,21.04,14.36,21.04,12.98,17.7,6.68,21.04,14.36,0.77,3.97,0.41,1010.03,12.89,5.0,0.58,partly-cloudy-day,rain,0,4,0,8,216,31,7.39867181190849,7.79404811909774,7.81318875411224,7.7519736554865855,7.819234660835113
ACORN-F,2012-08-04,48,664.833333333333,7.56464745042326,20.69,12.98,20.69,14.77,16.835,7.710000000000001,20.69,12.98,0.79,2.23,0.34,1007.24,11.99,5.0,0.62,partly-cloudy-day,rain,0,5,1,8,217,31,7.45797142902256,7.7993398487218,7.71858050140298,7.7039626997615605,7.812495838364704
ACORN-F,2012-08-05,48,664.75,8.09897447944596,20.95,14.77,20.95,11.49,17.86,6.18,20.95,14.77,0.77,3.26,0.41,1009.08,12.78,5.0,0.65,partly-cloudy-day,rain,0,6,1,8,218,31,7.56464745042326,8.22997894631579,7.80218708865658,7.6704352142903405,7.803226434186317
ACORN-F,2012-08-06,48,665.0,7.68518496120301,19.32,11.49,19.32,14.84,15.405000000000001,7.83,19.32,11.49,0.78,3.83,0.46,1019.52,12.89,5.0,0.68,partly-cloudy-day,rain,0,0,0,8,219,32,8.09897447944596,7.6897233087218,7.4753417261473,7.651720290451793,7.783632974695714
ACORN-F,2012-08-07,48,664.833333333333,7.68255333829164,22.8,15.03,22.8,13.33,18.915,7.770000000000001,22.8,15.03,0.77,1.73,0.54,1022.61,11.43,4.0,0.71,partly-cloudy-day,rain,0,1,0,8,220,32,7.68518496120301,7.80943868418766,7.5193260543962,7.6510719550919655,7.773971843998998
ACORN-F,2012-08-08,48,665.0,7.49018345954887,25.92,13.33,25.92,14.5,19.625,12.590000000000002,25.92,13.33,0.69,0.52,0.27,1025.62,11.47,5.0,0.74,partly-cloudy-day,rain,0,2,0,8,221,32,7.68255333829164,7.54261486945282,7.65545207961722,7.63294547710682,7.76912748791271
ACORN-F,2012-08-09,48,665.0,7.60315037473684,24.99,14.5,24.99,15.21,19.744999999999997,10.489999999999998,24.99,14.5,0.7,0.55,0.23,1026.05,11.7,5.0,0.77,partly-cloudy-day,rain,0,3,0,8,222,32,7.49018345954887,7.39867181190849,7.64856288819051,7.62545527569197,7.762838184980005
ACORN-F,2012-08-10,48,665.0,7.48035939759399,22.91,15.21,22.91,16.03,19.060000000000002,7.699999999999999,22.91,15.21,0.67,4.3,0.24,1020.96,11.97,5.0,0.8,partly-cloudy-day,rain,0,4,0,8,223,32,7.60315037473684,7.45797142902256,7.79404811909774,7.654666498953163,7.7579514719733496
ACORN-F,2012-08-11,48,665.0,7.43800150330827,25.13,16.03,25.13,15.26,20.58,9.099999999999998,25.13,16.03,0.7,2.43,0.24,1012.34,11.18,5.0,0.83,partly-cloudy-day,rain,0,5,1,8,224,32,7.48035939759399,7.56464745042326,7.7993398487218,7.657864780177653,7.744769354170861
ACORN-F,2012-08-12,48,664.0,7.98719523652023,22.68,15.26,22.68,17.62,18.97,7.42,22.68,15.26,0.79,2.92,0.42,1011.16,12.04,4.0,0.86,partly-cloudy-day,rain,0,6,1,8,225,32,7.43800150330827,8.09897447944596,8.22997894631579,7.639772502018368,7.713408151325747
ACORN-F,2012-08-13,48,664.916666666667,7.58283348914055,23.97,17.62,23.97,17.87,20.795,6.349999999999998,23.97,17.81,0.75,2.31,0.44,1011.08,11.8,5.0,0.89,partly-cloudy-day,rain,0,0,0,8,226,33,7.98719523652023,7.68518496120301,7.6897233087218,7.623804038743265,7.701632148897495
ACORN-F,2012-08-14,48,663.895833333333,7.44999944934224,22.57,17.38,22.57,16.02,19.975,5.190000000000001,22.79,17.38,0.77,2.67,0.26,1006.5,11.96,5.0,0.92,partly-cloudy-day,rain,0,1,0,8,227,33,7.58283348914055,7.68255333829164,7.80943868418766,7.609182399877199,7.684662883042419
ACORN-F,2012-08-15,48,664.9375,7.62185002705279,21.67,16.02,21.67,17.92,18.845,5.650000000000002,21.67,16.02,0.71,4.22,0.42,1014.08,12.84,4.0,0.95,partly-cloudy-day,rain,0,2,0,8,228,33,7.44999944934224,7.49018345954887,7.54261486945282,7.57596041574157,7.67775342915978
ACORN-F,2012-08-16,48,665.0,7.70947969954887,27.23,17.92,27.23,20.54,22.575000000000003,9.309999999999999,27.23,17.92,0.63,3.71,0.45,1013.84,13.08,4.0,0.98,partly-cloudy-day,rain,0,3,0,8,229,33,7.62185002705279,7.60315037473684,7.39867181190849,7.594769925384987,7.669508115904683
ACORN-F,2012-08-17,48,663.020833333333,7.49230209048238,29.86,20.54,29.86,17.97,25.2,9.32,30.6,20.54,0.59,2.17,0.23,1013.75,12.87,5.0,0.03,partly-cloudy-day,rain,0,4,0,8,230,33,7.70947969954887,7.48035939759399,7.45797142902256,7.609959828929563,7.669601392003864
ACORN-F,2012-08-18,48,663.833333333333,7.81824553447478,28.88,17.97,28.88,16.96,23.424999999999997,10.91,29.5,18.33,0.72,0.76,0.21,1015.16,12.28,4.0,0.06,partly-cloudy-day,rain,0,5,1,8,231,33,7.49230209048238,7.43800150330827,7.56464745042326,7.611665927913618,7.658141154017083
ACORN-F,2012-08-19,48,664.979166666667,8.29778015913217,24.54,16.96,24.54,16.27,20.75,7.579999999999998,24.54,17.05,0.75,2.78,0.34,1019.31,12.5,4.0,0.1,partly-cloudy-day,rain,0,6,1,8,232,33,7.81824553447478,7.98719523652023,8.09897447944596,7.6659865037945485,7.661700619483933
ACORN-F,2012-08-20,48,664.020833333333,7.8939857598811,22.09,16.27,22.09,13.16,19.18,5.82,22.09,16.36,0.75,2.54,0.34,1017.69,12.52,4.0,0.13,partly-cloudy-day,rain,0,0,0,8,233,34,8.29778015913217,7.58283348914055,7.68518496120301,7.710355778453397,7.679400372000919
ACORN-F,2012-08-21,48,663.895833333333,7.61443908531935,21.48,13.16,21.48,12.96,17.32,8.32,21.48,13.16,0.72,4.6,0.34,1017.28,12.87,4.0,0.17,partly-cloudy-day,rain,0,1,0,8,234,34,7.8939857598811,7.44999944934224,7.68255333829164,7.7548061028449045,7.69435194463427
ACORN-F,2012-08-22,48,664.583333333333,7.50516118907439,22.04,12.96,22.04,14.07,17.5,9.079999999999998,22.04,12.96,0.7,2.6,0.37,1014.56,12.83,4.0,0.21,partly-cloudy-day,rain,0,2,0,8,235,34,7.61443908531935,7.62185002705279,7.49018345954887,7.778297479413063,7.6977488385958095
ACORN-F,2012-08-23,48,664.9375,7.4733312103564,20.27,14.07,20.27,15.58,17.17,6.199999999999999,20.27,14.07,0.76,2.88,0.44,1005.28,12.34,4.0,0.25,partly-cloudy-day,rain,0,3,0,8,236,34,7.50516118907439,7.70947969954887,7.60315037473684,7.761627645416149,7.692381306790709
ACORN-F,2012-08-24,48,664.916666666667,7.6870241332688,20.93,15.04,20.93,14.26,17.985,5.890000000000001,20.93,15.04,0.88,3.94,0.52,1001.05,12.3,4.0,0.28,partly-cloudy-day,rain,0,4,0,8,237,34,7.4733312103564,7.49230209048238,7.48035939759399,7.727892146960081,7.686123032582349
ACORN-F,2012-08-25,48,663.8125,7.79732804055141,21.01,14.26,21.01,12.62,17.635,6.750000000000002,21.01,14.26,0.69,4.39,0.51,1014.38,13.2,4.0,0.32,partly-cloudy-day,rain,0,5,1,8,238,34,7.6870241332688,7.81824553447478,7.43800150330827,7.755709581643856,7.682300747374171
ACORN-F,2012-08-26,48,664.979166666667,7.74202772941186,20.99,12.62,20.99,14.97,16.805,8.37,20.99,12.62,0.75,3.82,0.32,1014.33,12.46,4.0,0.36,partly-cloudy-day,rain,0,6,1,8,239,34,7.79732804055141,8.29778015913217,7.98719523652023,7.752721368226231,7.682228897082372
ACORN-F,2012-08-27,48,664.770833333333,7.93656637722138,22.5,14.97,22.5,14.74,18.735,7.529999999999999,22.5,14.97,0.75,4.17,0.39,1012.79,12.63,4.0,0.39,partly-cloudy-day,rain,1,0,0,8,240,35,7.74202772941186,7.8939857598811,7.58283348914055,7.6733281639804725,7.664802067907232
ACORN-F,2012-08-28,48,662.875,7.61127128385652,19.69,13.66,19.69,14.09,16.675,6.030000000000001,19.69,13.66,0.85,4.15,0.36,1012.74,11.84,3.0,0.43,partly-cloudy-day,rain,0,1,0,8,241,35,7.93656637722138,7.61443908531935,7.44999944934224,7.679411109314798,7.673617891782217
ACORN-F,2012-08-29,48,661.958333333333,7.87713592259611,16.92,11.25,16.92,7.78,14.085,5.670000000000002,16.92,11.25,0.8,2.65,0.4,1016.19,12.33,3.0,0.46,partly-cloudy-day,rain,0,2,0,8,242,35,7.61127128385652,7.50516118907439,7.62185002705279,7.67895856624868,7.666540484627533
ACORN-F,2012-08-30,48,663.708333333333,7.91188862784794,17.72,7.78,17.72,13.11,12.75,9.939999999999998,17.72,5.92,0.6,3.21,0.33,1028.62,13.02,4.0,0.49,partly-cloudy-day,rain,0,3,0,8,243,35,7.87713592259611,7.4733312103564,7.70947969954887,7.732097813894639,7.678487665096936
ACORN-F,2012-08-31,48,663.854166666667,7.63220364702686,20.53,13.11,20.53,12.57,16.82,7.420000000000002,20.53,13.11,0.72,2.53,0.55,1026.14,13.15,3.0,0.54,partly-cloudy-day,rain,0,4,0,8,244,35,7.91188862784794,7.6870241332688,7.49230209048238,7.794748873536288,7.696816837094773
ACORN-F,2012-09-01,48,663.9375,7.8167968761871,18.35,12.57,18.35,15.69,15.46,5.780000000000001,18.37,12.57,0.87,3.11,0.56,1024.58,12.07,3.0,0.57,partly-cloudy-day,rain,0,5,1,9,245,35,7.63220364702686,7.79732804055141,7.81824553447478,7.786917375501726,7.703039416309212
ACORN-F,2012-09-02,48,662.5625,8.52907370734601,24.34,15.69,24.34,13.71,20.015,8.65,24.34,15.69,0.72,1.15,0.5,1025.68,10.48,3.0,0.6,partly-cloudy-day,rain,0,6,1,9,246,35,7.8167968761871,7.74202772941186,8.29778015913217,7.7896986377353965,7.712044752943636
ACORN-F,2012-09-03,48,663.979166666667,7.86752336767636,24.79,13.71,24.79,12.07,19.25,11.079999999999998,24.79,13.71,0.77,1.9,0.42,1023.55,11.41,3.0,0.63,partly-cloudy-day,rain,0,0,0,9,247,36,8.52907370734601,7.93656637722138,7.8939857598811,7.902133777440275,7.727405439654352
ACORN-F,2012-09-04,48,665.708333333333,7.81415603485107,19.97,12.07,19.97,8.67,16.02,7.899999999999999,19.97,12.07,0.6,3.26,0.27,1026.74,12.5,3.0,0.66,partly-cloudy-day,rain,1,1,0,9,248,36,7.86752336767636,7.61127128385652,7.61443908531935,7.892270490362415,7.7339175255998285
ACORN-F,2012-09-05,48,665.020833333333,7.60572255548646,20.76,8.67,20.76,11.46,14.715,12.090000000000002,20.76,8.67,0.67,1.88,0.46,1028.3,12.41,3.0,0.69,partly-cloudy-day,rain,0,2,0,9,249,36,7.81415603485107,7.87713592259611,7.50516118907439,7.921254026218778,7.738617621905523
ACORN-F,2012-09-06,48,663.979166666667,7.50317667112926,25.76,11.46,25.76,10.41,18.61,14.3,25.76,11.46,0.63,2.97,0.18,1024.47,11.75,3.0,0.72,partly-cloudy-day,rain,0,3,0,9,250,36,7.60572255548646,7.91188862784794,7.4733312103564,7.882480688060257,7.742744018189008
ACORN-F,2012-09-07,48,665.895833333333,7.5020489797867,27.12,10.41,27.12,11.32,18.765,16.71,27.12,10.41,0.62,1.39,0.14,1020.6,12.36,4.0,0.75,partly-cloudy-day,rain,0,4,0,9,251,36,7.50317667112926,7.63220364702686,7.6870241332688,7.824093265671874,7.739173528774452
ACORN-F,2012-09-08,48,665.4375,7.75505965708054,27.78,11.32,27.78,16.93,19.55,16.46,27.78,11.32,0.67,2.97,0.22,1011.85,12.2,3.0,0.78,partly-cloudy-day,rain,0,5,1,9,252,36,7.5020489797867,7.8167968761871,7.79732804055141,7.805499741780422,7.739948156709906
ACORN-F,2012-09-09,48,665.9375,8.19095838831561,20.21,16.93,20.21,14.77,18.57,3.280000000000001,20.21,16.93,0.78,5.69,0.59,1010.15,12.65,3.0,0.81,partly-cloudy-day,rain,0,6,1,9,253,36,7.75505965708054,8.52907370734601,7.74202772941186,7.796680139050914,7.7512716622017725
ACORN-F,2012-09-10,48,665.8125,7.81055830431755,17.82,11.73,17.82,8.24,14.775,6.09,17.82,11.73,0.62,4.84,0.37,1012.33,13.18,3.0,0.84,partly-cloudy-day,rain,0,0,0,9,254,37,8.19095838831561,7.86752336767636,7.93656637722138,7.748377950618,7.7585489176230364
ACORN-F,2012-09-11,48,665.9375,7.6346675633523,17.92,8.24,17.92,8.62,13.080000000000002,9.680000000000001,17.92,6.77,0.72,3.93,0.34,1014.64,13.16,3.0,0.87,partly-cloudy-day,rain,0,1,0,9,255,37,7.81055830431755,7.81415603485107,7.61127128385652,7.740240084423884,7.7666819467365
ACORN-F,2012-09-12,48,666.0,7.62347447432432,17.64,8.62,17.64,13.61,13.129999999999999,9.020000000000001,17.64,7.17,0.68,2.92,0.37,1018.75,12.96,3.0,0.9,partly-cloudy-day,rain,0,2,0,9,256,37,7.6346675633523,7.60572255548646,7.87713592259611,7.714598874209774,7.773277236522573
ACORN-F,2012-09-13,48,666.0,7.64511411261261,20.69,13.61,20.69,9.69,17.15,7.080000000000002,20.69,13.61,0.68,5.42,0.56,1013.51,13.31,3.0,0.94,wind,rain,0,3,0,9,257,37,7.62347447432432,7.50317667112926,7.91188862784794,7.717134862615183,7.773335252496557
ACORN-F,2012-09-14,48,665.9375,7.73215105948294,21.12,9.69,21.12,12.98,15.405000000000001,11.430000000000001,21.12,8.97,0.7,2.87,0.22,1017.25,12.92,3.0,0.97,partly-cloudy-day,rain,0,4,0,9,258,37,7.64511411261261,7.5020489797867,7.63220364702686,7.737411639969948,7.771036481534549
ACORN-F,2012-09-15,48,665.958333333333,7.83029845885298,18.31,12.98,18.31,13.29,15.645,5.329999999999998,18.31,12.98,0.76,3.88,0.66,1013.26,12.55,2.0,0.02,partly-cloudy-day,rain,0,5,1,9,259,37,7.73215105948294,7.75505965708054,7.8167968761871,7.7702833656408385,7.77960251614171
ACORN-F,2012-09-16,48,665.979166666667,8.44091580331572,18.72,13.29,18.72,11.43,16.005,5.43,18.72,13.29,0.71,4.04,0.55,1012.36,13.07,3.0,0.05,partly-cloudy-day,rain,0,6,1,9,260,37,7.83029845885298,8.19095838831561,8.52907370734601,7.781031765894044,7.780032977726647
ACORN-F,2012-09-17,48,665.958333333333,7.8697724528818,17.19,10.97,17.19,7.35,14.080000000000002,6.220000000000001,17.19,10.97,0.64,4.39,0.28,1013.39,13.02,3.0,0.08,partly-cloudy-day,rain,0,0,0,9,261,38,8.44091580331572,7.81055830431755,7.86752336767636,7.816739968036917,7.785144965018916
ACORN-F,2012-09-18,48,666.0,7.94526876966967,16.3,7.35,16.3,9.07,11.825,8.950000000000001,16.3,5.17,0.63,3.65,0.27,1021.81,12.99,3.0,0.12,partly-cloudy-day,rain,0,1,0,9,262,38,7.8697724528818,7.6346675633523,7.81415603485107,7.8251991321175245,7.784280204054655
ACORN-F,2012-09-19,48,665.625,7.90062455140035,17.38,9.07,17.38,10.34,13.225,8.309999999999999,17.38,8.07,0.7,3.17,0.45,1020.9,13.0,2.0,0.16,partly-cloudy-day,rain,0,2,0,9,263,38,7.94526876966967,7.62347447432432,7.60572255548646,7.869570733020006,7.796095549924309
ACORN-F,2012-09-20,48,665.916666666667,7.92782206950274,16.32,10.34,16.32,6.59,13.33,5.98,16.32,10.34,0.76,1.47,0.43,1015.46,12.54,2.0,0.2,partly-cloudy-day,rain,0,3,0,9,264,38,7.90062455140035,7.64511411261261,7.50317667112926,7.909163601173724,7.810219241435951
ACORN-F,2012-09-21,48,665.979166666667,8.06067737150647,15.62,6.59,15.62,8.85,11.105,9.03,15.62,5.43,0.69,1.98,0.28,1019.37,12.97,2.0,0.23,partly-cloudy-day,rain,0,4,0,9,265,38,7.92782206950274,7.73215105948294,7.5020489797867,7.949550452158028,7.826451057834035
ACORN-F,2012-09-22,48,665.979166666667,8.42032846636388,12.31,8.85,12.31,10.96,10.58,3.460000000000001,12.31,7.69,0.86,4.46,0.48,1009.6,10.62,2.0,0.27,fog,rain,0,5,1,9,266,38,8.06067737150647,7.83029845885298,7.75505965708054,7.996482782447104,7.839795816342523
ACORN-F,2012-09-23,48,665.979166666667,9.55269212084649,15.2,11.51,15.2,9.74,13.355,3.6899999999999995,15.2,11.51,0.88,2.53,0.66,989.47,8.1,2.0,0.31,wind,rain,0,6,1,9,267,38,8.42032846636388,8.44091580331572,8.19095838831561,8.080772783520091,7.862045831550112
ACORN-F,2012-09-24,48,665.979166666667,8.7125614176624,15.47,9.74,15.47,10.07,12.605,5.73,15.47,7.49,0.78,4.92,0.28,988.79,13.13,2.0,0.34,partly-cloudy-day,rain,0,0,0,9,268,39,9.55269212084649,7.8697724528818,7.81055830431755,8.239597971738771,7.926712416958492
ACORN-F,2012-09-25,48,665.75,8.41758895421256,15.14,10.07,15.14,10.57,12.605,5.07,15.14,10.07,0.88,2.57,0.39,992.07,12.44,2.0,0.38,partly-cloudy-day,rain,0,1,0,9,269,39,8.7125614176624,7.94526876966967,7.6346675633523,8.359996395278857,7.95442652554567
ACORN-F,2012-09-26,48,665.895833333333,8.47962461398695,16.61,10.57,16.61,9.03,13.59,6.039999999999999,16.61,10.57,0.82,2.17,0.48,1006.39,11.41,2.0,0.41,partly-cloudy-day,rain,0,2,0,9,270,39,8.41758895421256,7.90062455140035,7.62347447432432,8.427470707356413,7.983223585201243
ACORN-F,2012-09-27,48,665.979166666667,8.4628667989765,17.07,9.03,17.07,8.74,13.05,8.040000000000001,17.07,7.44,0.85,4.08,0.39,1012.91,12.84,2.0,0.45,partly-cloudy-day,rain,0,3,0,9,271,39,8.47962461398695,7.92782206950274,7.64511411261261,8.510185002011642,8.004741038465202
ACORN-F,2012-09-28,48,666.0,8.3808528512012,15.83,8.71,15.83,6.42,12.27,7.119999999999999,15.83,6.9,0.75,3.36,0.17,1017.85,13.21,2.0,0.48,partly-cloudy-day,rain,0,4,0,9,272,39,8.4628667989765,8.06067737150647,7.73215105948294,8.586619963365035,8.024418830291221
ACORN-F,2012-09-29,48,665.8125,8.7540980886202,16.46,6.42,16.46,13.66,11.440000000000001,10.040000000000001,16.46,4.87,0.81,4.6,0.48,1019.0,13.15,2.0,0.52,partly-cloudy-day,rain,0,5,1,9,273,39,8.3808528512012,8.42032846636388,7.83029845885298,8.63235931760714,8.051156301868877
ACORN-F,2012-09-30,48,665.979166666667,9.53704427148773,16.24,12.37,16.24,10.87,14.305,3.869999999999999,16.24,12.37,0.89,4.57,0.61,1012.11,11.43,2.0,0.55,partly-cloudy-day,rain,0,6,1,9,274,39,8.7540980886202,9.55269212084649,8.44091580331572,8.680040692215185,8.084631345170058
ACORN-F,2012-10-01,48,666.395833333333,8.72875207351257,16.44,10.87,16.44,11.06,13.655000000000001,5.570000000000002,16.44,10.87,0.85,5.09,0.39,1010.12,12.55,2.0,0.58,partly-cloudy-day,rain,0,0,0,10,275,40,9.53704427148773,8.7125614176624,7.8697724528818,8.677805285163934,8.120630293889405
ACORN-F,2012-10-02,48,665.958333333333,8.64945580311517,14.34,9.35,14.34,7.19,11.844999999999999,4.99,14.34,7.78,0.8,4.65,0.36,1005.61,12.99,2.0,0.61,partly-cloudy-day,rain,0,1,0,10,276,40,8.72875207351257,8.41758895421256,7.94526876966967,8.680118235999673,8.151388461954985
ACORN-F,2012-10-03,48,666.958333333333,8.46590265903039,14.99,7.19,14.99,10.98,11.09,7.8,14.99,5.02,0.79,3.65,0.28,1008.02,12.79,2.0,0.63,partly-cloudy-day,rain,0,2,0,10,277,40,8.64945580311517,8.47962461398695,7.90062455140035,8.713242071557188,8.181220596535846
ACORN-F,2012-10-04,48,667.416666666667,8.51379094764429,15.6,9.16,15.49,7.61,12.379999999999999,6.4399999999999995,15.65,8.34,0.86,3.0,0.61,1006.96,10.11,2.0,0.66,wind,rain,0,3,0,10,278,40,8.46590265903039,8.4628667989765,7.92782206950274,8.71128179227768,8.211941314519558
ACORN-F,2012-10-05,48,668.958333333333,8.7792973883516,14.89,7.61,14.89,5.27,11.25,7.28,14.89,5.86,0.83,1.75,0.4,1012.51,11.06,2.0,0.69,partly-cloudy-day,rain,0,4,0,10,279,40,8.51379094764429,8.3808528512012,8.06067737150647,8.718556670658794,8.24803468153795
ACORN-F,2012-10-06,48,669.916666666667,8.96004799679205,13.64,5.27,13.64,9.49,9.455,8.370000000000001,13.64,5.17,0.87,0.4,0.25,1021.29,9.98,2.0,0.73,partly-cloudy-day,rain,0,5,1,10,280,40,8.7792973883516,8.7540980886202,8.42032846636388,8.775477318823135,8.293650696129555
ACORN-F,2012-10-07,48,669.979166666667,9.49112985893135,12.22,9.51,12.22,9.07,10.865,2.710000000000001,12.22,8.84,0.92,2.49,0.61,1015.27,7.84,1.0,0.76,partly-cloudy-day,rain,0,6,1,10,281,40,8.96004799679205,9.53704427148773,9.55269212084649,8.804898734276255,8.336685993976394
ACORN-F,2012-10-08,48,669.791666666667,9.19348263749325,14.23,9.07,14.23,7.04,11.65,5.16,14.23,7.73,0.82,2.66,0.58,1015.96,10.12,2.0,0.79,partly-cloudy-day,rain,0,0,0,10,282,41,9.49112985893135,8.72875207351257,8.7125614176624,8.798339532482489,8.383120689355527
ACORN-F,2012-10-09,48,669.979166666667,8.79824995039957,14.13,7.04,14.13,9.15,10.585,7.090000000000001,14.13,6.21,0.74,2.16,0.56,1015.24,13.21,2.0,0.82,partly-cloudy-day,rain,0,1,0,10,283,41,9.19348263749325,8.64945580311517,8.41758895421256,8.864729613051157,8.432510844111802
ACORN-F,2012-10-10,48,670.625,8.73557677825633,14.88,9.15,14.88,10.37,12.015,5.73,14.99,7.37,0.89,3.2,0.71,1004.43,8.69,1.0,0.85,partly-cloudy-day,rain,0,2,0,10,284,41,8.79824995039957,8.46590265903039,8.47962461398695,8.885985919806071,8.474067357934919
ACORN-F,2012-10-11,48,670.916666666667,9.12781866658741,14.72,8.51,13.99,6.47,11.615,6.210000000000001,14.73,7.12,0.75,5.42,0.48,1005.33,13.07,2.0,0.89,partly-cloudy-day,rain,0,3,0,10,285,41,8.73557677825633,8.51379094764429,8.4628667989765,8.924510793981204,8.513785297361062
ACORN-F,2012-10-12,48,670.958333333333,8.68690900300678,11.53,6.41,11.53,2.81,8.969999999999999,5.119999999999999,11.53,4.01,0.84,2.18,0.29,1004.92,12.94,2.0,0.92,partly-cloudy-day,rain,0,4,0,10,286,41,9.12781866658741,8.7792973883516,8.3808528512012,9.01222903954451,8.566739031431592
ACORN-F,2012-10-13,48,672.979166666667,9.09855201434232,12.32,2.81,12.32,4.09,7.565,9.51,12.32,1.64,0.8,2.36,0.2,1002.5,11.86,2.0,0.96,partly-cloudy-day,rain,0,5,1,10,287,41,8.68690900300678,8.96004799679205,8.7540980886202,8.999030698780961,8.600837529414585
ACORN-F,2012-10-14,48,672.020833333333,9.88272259484783,13.03,4.09,13.03,9.81,8.559999999999999,8.94,13.03,2.83,0.84,2.97,0.31,1002.67,12.17,1.0,0.99,partly-cloudy-day,rain,0,6,1,10,288,41,9.09855201434232,9.49112985893135,9.53704427148773,9.018816987002431,8.646132299253491
ACORN-F,2012-10-15,48,672.4375,9.30346106169065,14.74,9.06,14.74,8.8,11.9,5.68,14.74,7.15,0.74,5.37,0.39,1000.8,12.59,1.0,0.03,wind,rain,0,0,0,10,289,42,9.88272259484783,9.19348263749325,8.72875207351257,9.074758806419071,8.697625398951066
ACORN-F,2012-10-16,48,673.729166666667,8.90850515557405,16.6,8.8,16.6,12.15,12.700000000000001,7.800000000000001,16.6,7.41,0.82,4.66,0.42,998.22,12.2,1.0,0.07,partly-cloudy-day,rain,0,1,0,10,290,42,9.30346106169065,8.79824995039957,8.64945580311517,9.090470009875842,8.748828563551383
ACORN-F,2012-10-17,48,675.395833333333,8.84476967330448,16.04,12.15,16.04,11.98,14.094999999999999,3.889999999999999,16.04,12.15,0.85,4.18,0.44,1001.82,13.23,1.0,0.11,partly-cloudy-day,rain,0,2,0,10,291,42,8.90850515557405,8.73557677825633,8.46590265903039,9.106220753472197,8.783229863047968
ACORN-F,2012-10-18,48,673.458333333333,8.95317794380738,13.21,11.98,13.01,9.57,12.595,1.2300000000000004,13.21,11.98,0.95,0.51,0.66,1007.63,8.42,1.0,0.15,partly-cloudy-day,rain,0,3,0,10,292,42,8.84476967330448,9.12781866658741,8.51379094764429,9.121819738479076,8.8169493316874
ACORN-F,2012-10-19,48,675.979166666667,9.30473404955073,14.01,9.57,14.01,10.19,11.79,4.4399999999999995,14.01,8.9,0.91,0.86,0.61,1015.85,8.01,1.0,0.18,fog,rain,0,4,0,10,293,42,8.95317794380738,8.68690900300678,8.7792973883516,9.096871063796213,8.853569184341138
ACORN-F,2012-10-20,48,676.0,9.28581065118343,12.41,10.19,12.41,11.6,11.3,2.2200000000000006,12.41,10.19,0.94,3.37,0.69,1018.09,9.22,1.0,0.22,fog,rain,0,5,1,10,294,42,9.30473404955073,9.09855201434232,8.96004799679205,9.185131784731064,8.897999779985575
ACORN-F,2012-10-21,48,676.0,10.2001346150888,14.73,12.02,14.73,12.51,13.375,2.710000000000001,14.79,12.02,0.98,2.57,0.9,1019.88,1.48,1.0,0.26,fog,rain,0,6,1,10,295,42,9.28581065118343,9.88272259484783,9.49112985893135,9.211883018565507,8.928909858014844
ACORN-F,2012-10-22,48,675.3125,9.15668071511409,14.05,12.46,13.51,13.08,13.255,1.5899999999999999,14.05,12.46,0.96,2.3,0.88,1023.66,1.82,1.0,0.29,fog,rain,0,0,0,10,296,43,10.2001346150888,9.30346106169065,9.19348263749325,9.257227592885645,8.952032804237785
ACORN-F,2012-10-23,48,678.375,9.15794715971286,16.18,13.08,16.18,12.94,14.629999999999999,3.0999999999999996,16.18,13.08,0.92,3.45,0.74,1019.7,2.45,1.0,0.33,fog,rain,0,1,0,10,297,43,9.15668071511409,8.90850515557405,8.79824995039957,9.236258971946137,8.967894207718201
ACORN-F,2012-10-24,48,678.708333333333,8.92314919380667,13.61,10.09,13.28,8.5,11.85,3.5199999999999996,13.61,10.09,0.91,5.16,0.81,1016.51,7.9,1.0,0.36,partly-cloudy-day,rain,0,2,0,10,298,43,9.15794715971286,8.84476967330448,8.73557677825633,9.271893543965968,8.994335572200356
ACORN-F,2012-10-25,48,677.604166666667,9.21547495070005,10.11,4.19,8.96,2.49,7.15,5.919999999999999,10.11,-0.37,0.79,5.19,0.7,1012.84,12.33,1.0,0.4,partly-cloudy-day,rain,0,3,0,10,299,43,8.92314919380667,8.95317794380738,9.12781866658741,9.283090618323424,9.010175735765346
ACORN-F,2012-10-26,48,679.208333333333,9.74867733268062,7.68,2.49,7.68,1.43,5.085,5.1899999999999995,3.78,-2.56,0.79,5.79,0.39,1015.91,13.07,1.0,0.43,partly-cloudy-day,rain,0,4,0,10,300,43,9.21547495070005,9.30473404955073,8.68690900300678,9.32056161930809,9.0370545983269
ACORN-F,2012-10-27,48,680.958333333333,10.4704438609655,9.17,1.43,9.17,7.66,5.3,7.74,6.89,-0.94,0.88,3.13,0.42,1015.62,12.68,1.0,0.46,partly-cloudy-day,rain,0,5,1,10,301,43,9.74867733268062,9.28581065118343,9.09855201434232,9.383982088326645,9.08590547266545
ACORN-F,2012-10-28,48,680.895833333333,11.0259912237881,10.785,4.545000000000001,10.785,6.615,7.665000000000001,6.24,9.645,2.265,0.885,3.04,0.435,1012.165,12.585,1.0,0.475,partly-cloudy-day,rain,0,6,1,10,302,43,10.4704438609655,10.2001346150888,9.88272259484783,9.5532154040098,9.147203535963499
ACORN-F,2012-10-29,48,678.958333333333,9.85380810098218,12.4,7.66,12.4,5.57,10.030000000000001,4.74,12.4,5.47,0.89,2.95,0.45,1008.71,12.49,1.0,0.49,partly-cloudy-day,rain,0,0,0,10,303,44,11.0259912237881,9.15668071511409,9.30346106169065,9.67119491953827,9.200380212831368
ACORN-F,2012-10-30,48,679.895833333333,9.77530639745698,10.92,5.57,10.92,6.45,8.245000000000001,5.35,10.92,3.44,0.84,2.37,0.45,1004.48,11.25,1.0,0.52,partly-cloudy-day,rain,0,1,0,10,304,44,9.85380810098218,9.15794715971286,8.90850515557405,9.770784546090853,9.240560785240998
ACORN-F,2012-10-31,48,679.916666666667,9.60560413826165,12.36,6.45,12.36,6.85,9.405,5.909999999999999,12.36,4.43,0.79,5.32,0.49,989.93,12.99,1.0,0.55,partly-cloudy-day,rain,0,2,0,10,305,44,9.77530639745698,8.92314919380667,8.84476967330448,9.858978722911443,9.28076973503892
ACORN-F,2012-11-01,48,679.3125,9.69536187161346,11.46,4.2,9.42,4.2,7.83,7.260000000000001,11.46,0.85,0.85,4.07,0.44,979.63,12.54,1.0,0.58,partly-cloudy-day,rain,0,3,0,11,306,44,9.60560413826165,9.21547495070005,8.95317794380738,9.956472286405011,9.321473359297178
ACORN-F,2012-11-02,48,679.875,9.98637970356168,9.78,4.61,9.78,3.22,7.195,5.169999999999999,6.88,1.81,0.77,4.31,0.23,991.25,12.96,1.0,0.61,partly-cloudy-day,rain,0,4,0,11,307,44,9.69536187161346,9.74867733268062,9.30473404955073,10.025027560821213,9.363672320867506
ACORN-F,2012-11-03,48,678.520833333333,10.3991167281885,9.45,3.22,9.45,2.96,6.335,6.229999999999999,6.47,1.56,0.79,3.16,0.25,996.52,12.71,1.0,0.64,partly-cloudy-day,rain,0,5,1,11,308,44,9.98637970356168,10.4704438609655,9.28581065118343,10.058985042375651,9.40678240355358
ACORN-F,2012-11-04,48,679.9375,11.2705693980534,8.67,2.96,8.67,2.94,5.8149999999999995,5.71,7.03,1.18,0.92,0.59,0.59,994.21,9.99,1.0,0.67,partly-cloudy-day,rain,0,6,1,11,309,44,10.3991167281885,11.0259912237881,10.2001346150888,10.048795451978934,9.458177715389168
ACORN-F,2012-11-05,48,679.979166666667,10.098133126244,9.19,2.94,9.19,0.92,6.0649999999999995,6.25,7.08,2.62,0.83,2.09,0.41,1006.26,9.08,1.0,0.7,partly-cloudy-day,rain,0,0,0,11,310,45,11.2705693980534,9.85380810098218,9.15668071511409,10.083735191159693,9.521729127500668
ACORN-F,2012-11-06,48,678.041666666667,10.2197474863096,9.67,0.92,9.67,4.97,5.295,8.75,7.17,-1.72,0.87,3.58,0.33,1020.29,10.41,1.0,0.74,partly-cloudy-night,rain,0,1,0,11,311,45,10.098133126244,9.77530639745698,9.15794715971286,10.118638766197096,9.554038073527481
ACORN-F,2012-11-07,48,678.729166666667,10.1026642416042,9.93,4.97,9.93,7.81,7.449999999999999,4.96,7.64,2.35,0.86,4.2,0.47,1024.32,12.67,1.0,0.77,partly-cloudy-night,rain,0,2,0,11,312,45,10.2197474863096,9.60560413826165,8.92314919380667,10.1821303503189,9.604805842667124
ACORN-F,2012-11-08,48,675.083333333333,9.77226674170098,12.34,7.81,12.34,8.13,10.075,4.53,12.34,5.13,0.78,3.72,0.64,1019.18,13.36,1.0,0.8,partly-cloudy-day,rain,0,3,0,11,313,45,10.1026642416042,9.69536187161346,9.21547495070005,10.253138936510693,9.65363039492955
ACORN-F,2012-11-09,48,680.270833333333,9.92474770480307,11.27,8.13,11.27,8.8,9.7,3.139999999999999,11.27,6.7,0.8,3.17,0.7,1010.05,13.37,1.0,0.84,partly-cloudy-day,rain,0,4,0,11,314,45,9.77226674170098,9.98637970356168,9.74867733268062,10.264125346523196,9.676646397612178
ACORN-F,2012-11-10,48,680.020833333333,10.256899855022,10.31,5.2,9.78,2.1,7.755000000000001,5.11,10.31,3.38,0.91,2.38,0.49,997.84,11.78,1.0,0.87,partly-cloudy-day,rain,0,5,1,11,315,45,9.92474770480307,10.3991167281885,10.4704438609655,10.255320775271965,9.72085492267633
ACORN-F,2012-11-11,48,680.979166666667,10.9689714805301,9.87,2.1,9.87,4.52,5.984999999999999,7.77,8.39,0.46,0.88,1.98,0.22,1011.6,10.32,1.0,0.91,partly-cloudy-night,rain,0,6,1,11,316,45,10.256899855022,11.2705693980534,11.0259912237881,10.235004079105321,9.76222448841489
ACORN-F,2012-11-12,48,681.0,9.93665051248164,12.18,4.52,12.06,10.06,8.35,7.66,12.18,3.72,0.92,3.06,0.5,1020.98,10.04,1.0,0.95,partly-cloudy-day,rain,0,0,0,11,317,46,10.9689714805301,10.098133126244,9.85380810098218,10.19191866231628,9.801019091474972
ACORN-F,2012-11-13,48,681.0,9.48787811967695,14.66,10.06,14.66,10.47,12.36,4.6,14.66,10.06,0.88,3.23,0.54,1026.29,11.49,1.0,0.98,partly-cloudy-night,rain,0,1,0,11,318,46,9.93665051248164,10.2197474863096,9.77530639745698,10.168849717493085,9.823633000431794
ACORN-F,2012-11-14,48,679.916666666667,9.5059925484257,12.62,7.33,12.62,6.64,9.975,5.289999999999999,12.62,7.08,0.86,1.86,0.55,1026.48,9.21,1.0,0.02,fog,rain,0,2,0,11,319,46,9.48787811967695,10.1026642416042,9.60560413826165,10.064296950831277,9.844324892006897
ACORN-F,2012-11-15,48,678.979166666667,9.91279451187321,9.07,6.45,9.07,5.91,7.76,2.62,9.07,5.43,0.92,0.62,0.71,1022.69,4.06,1.0,0.06,fog,rain,0,3,0,11,320,46,9.5059925484257,9.77226674170098,9.69536187161346,9.979058137520061,9.867939994689797
ACORN-F,2012-11-16,48,680.958333333333,9.98195137474043,9.19,5.91,9.11,8.94,7.55,3.2799999999999994,7.75,4.89,0.92,2.0,0.9,1014.76,3.48,1.0,0.1,fog,rain,0,4,0,11,321,46,9.91279451187321,9.92474770480307,9.98637970356168,9.999133533258954,9.902212014977863
ACORN-F,2012-11-17,48,680.9375,10.3263704597998,12.44,8.18,12.44,2.07,10.309999999999999,4.26,12.44,7.04,0.88,1.69,0.65,1007.72,9.32,1.0,0.13,partly-cloudy-day,rain,0,5,1,11,322,46,9.98195137474043,10.256899855022,10.3991167281885,10.007305486107146,9.926398348020353
ACORN-F,2012-11-18,48,681.0,10.7957988274596,9.42,2.07,9.42,3.42,5.745,7.35,9.42,2.07,0.82,0.72,0.3,1014.66,12.57,1.0,0.17,partly-cloudy-night,rain,0,6,1,11,323,46,10.3263704597998,10.9689714805301,11.2705693980534,10.017229858218261,9.96356119832808
ACORN-F,2012-11-19,48,681.0,9.94792070572687,11.23,3.49,11.23,10.79,7.36,7.74,11.23,1.42,0.82,4.13,0.5,1011.21,12.38,1.0,0.21,partly-cloudy-day,rain,0,0,0,11,324,47,10.7957988274596,9.93665051248164,10.098133126244,9.99249090777962,9.984834920198466
ACORN-F,2012-11-20,48,679.9375,9.79177474811836,13.46,10.88,13.46,9.73,12.170000000000002,2.58,13.46,10.88,0.9,5.74,0.76,1008.74,10.81,1.0,0.24,partly-cloudy-day,rain,0,1,0,11,325,47,9.94792070572687,9.48787811967695,10.2197474863096,9.994100935386081,10.013093491291778
ACORN-F,2012-11-21,48,680.5,9.95223672043109,11.87,6.06,10.8,6.06,8.965,5.81,11.87,3.42,0.91,2.82,0.45,1007.68,10.65,1.0,0.28,wind,rain,0,2,0,11,326,47,9.79177474811836,9.5059925484257,10.1026642416042,10.037514739449138,10.03573019087769
ACORN-F,2012-11-22,48,680.708333333333,9.8213351670213,13.09,6.56,13.09,6.02,9.825,6.53,13.09,4.09,0.81,7.58,0.54,1011.36,12.73,1.0,0.31,wind,rain,0,3,0,11,327,47,9.95223672043109,9.91279451187321,9.77226674170098,10.101263906878481,10.072483316828562
ACORN-F,2012-11-23,48,680.375,9.86788210984518,10.7,5.12,10.7,3.64,7.91,5.579999999999999,10.7,3.97,0.89,2.71,0.38,1011.69,11.46,1.0,0.34,partly-cloudy-day,rain,0,4,0,11,328,47,9.8213351670213,9.98195137474043,9.92474770480307,10.08819828618535,10.094121181697178
ACORN-F,2012-11-24,48,680.958333333333,10.7239350286687,9.91,3.64,9.36,7.46,6.775,6.27,7.11,2.99,0.97,3.43,0.58,1010.19,5.7,1.0,0.38,wind,rain,0,5,1,11,329,47,9.86788210984518,10.3263704597998,10.256899855022,10.0719026769146,10.09837849516734
ACORN-F,2012-11-25,48,680.395833333333,10.8875566259361,12.54,7.46,10.92,7.68,10.0,5.079999999999999,12.54,2.87,0.81,6.54,0.54,1001.79,12.36,1.0,0.41,wind,rain,0,6,1,11,330,47,10.7239350286687,10.7957988274596,10.9689714805301,10.128697615324443,10.10743175115674
ACORN-F,2012-11-26,48,680.5625,10.1038179265775,10.69,7.17,9.52,7.17,8.93,3.5199999999999996,10.69,5.0,0.91,1.29,0.64,998.27,11.31,1.0,0.44,partly-cloudy-day,rain,0,0,0,11,331,48,10.8875566259361,9.94792070572687,9.93665051248164,10.141805872249657,10.102487658376313
ACORN-F,2012-11-27,48,679.6875,10.2739320841315,8.47,6.42,8.47,5.84,7.445,2.0500000000000007,6.07,3.08,0.9,3.98,0.72,1003.65,9.69,1.0,0.47,partly-cloudy-day,rain,0,1,0,11,332,48,10.1038179265775,9.79177474811836,9.48787811967695,10.164076903799748,10.111416580719004
ACORN-F,2012-11-28,48,680.895833333333,10.6339453825431,6.89,3.45,6.89,2.23,5.17,3.4399999999999995,3.34,-0.33,0.83,5.17,0.65,1012.91,13.2,1.0,0.5,partly-cloudy-day,rain,0,2,0,11,333,48,10.2739320841315,9.95223672043109,9.5059925484257,10.232956523230197,10.129224640957379
ACORN-F,2012-11-29,48,680.958333333333,10.8068883224067,5.84,1.63,5.84,-0.89,3.735,4.21,3.18,-1.39,0.83,3.2,0.36,1012.58,12.92,1.0,0.53,partly-cloudy-day,rain,0,3,0,11,334,48,10.6339453825431,9.8213351670213,9.91279451187321,10.330343474960483,10.165951113967429
ACORN-F,2012-11-30,48,681.0,11.1006960359765,4.37,-0.89,4.37,-1.35,1.74,5.26,2.52,-2.57,0.88,1.55,0.25,1011.91,10.01,1.0,0.56,partly-cloudy-night,rain,0,4,0,11,335,48,10.8068883224067,9.86788210984518,9.98195137474043,10.471136782872682,10.205648487210045
ACORN-F,2012-12-01,48,680.916666666667,11.8252327458595,5.73,-1.35,5.73,-1.55,2.1900000000000004,7.08,2.61,-4.31,0.88,2.68,0.31,1014.56,8.92,1.0,0.59,fog,rain,0,5,1,12,336,48,11.1006960359765,10.7239350286687,10.3263704597998,10.647253058034298,10.245445499082
ACORN-F,2012-12-02,48,681.0,12.3552261406755,4.76,-1.55,4.76,1.77,1.605,6.31,2.71,-4.97,0.84,2.1,0.31,1016.35,12.81,1.0,0.62,partly-cloudy-night,rain,0,6,1,12,337,48,11.8252327458595,10.8875566259361,10.7957988274596,10.804581303347272,10.296378213998825
ACORN-F,2012-12-03,48,680.9375,10.8802657788182,10.22,2.94,10.22,2.33,6.58,7.280000000000001,10.22,0.57,0.87,3.55,0.58,1007.42,10.67,1.0,0.65,partly-cloudy-day,rain,0,0,0,12,338,49,12.3552261406755,10.1038179265775,9.94792070572687,11.01424837688147,10.335115954806756
ACORN-F,2012-12-04,48,680.0,10.8587125352098,7.73,1.21,7.73,-0.77,4.470000000000001,6.5200000000000005,4.36,-2.14,0.82,4.36,0.21,1003.4,12.89,1.0,0.68,partly-cloudy-day,rain,0,1,0,12,339,49,10.8802657788182,10.2739320841315,9.79177474811836,11.125169498630141,10.363049263827264
ACORN-F,2012-12-05,48,680.875,11.2178511013756,3.89,-0.77,3.89,-2.82,1.56,4.66,-0.07,-2.82,0.84,3.05,0.39,1008.05,11.14,1.0,0.71,partly-cloudy-day,rain,0,2,0,12,340,49,10.8587125352098,10.6339453825431,9.95223672043109,11.208709563069899,10.38586944414513
ACORN-F,2012-12-06,48,681.0,11.7294537443466,4.84,-2.82,4.13,2.99,1.01,7.66,0.37,-5.79,0.84,3.07,0.43,1013.58,12.55,1.0,0.75,partly-cloudy-night,rain,0,3,0,12,341,49,11.2178511013756,10.8068883224067,9.8213351670213,11.292124665760257,10.425697546279821
ACORN-F,2012-12-07,48,680.979166666667,11.4810174970288,6.33,2.97,6.33,3.9,4.65,3.36,2.12,-2.07,0.8,5.63,0.56,1001.72,12.84,1.0,0.78,partly-cloudy-night,rain,0,4,0,12,342,49,11.7294537443466,11.1006960359765,9.86788210984518,11.423919726037385,10.495597082088592
ACORN-F,2012-12-08,48,680.75,11.4040328823035,6.46,3.17,6.46,3.17,4.8149999999999995,3.29,4.69,0.01,0.83,2.14,0.52,1023.19,12.39,1.0,0.82,partly-cloudy-day,rain,0,5,1,12,343,49,11.4810174970288,11.8252327458595,10.7239350286687,11.478251363330571,10.551178146096655
ACORN-F,2012-12-09,48,680.875,12.0320093025466,8.66,3.86,8.66,3.21,6.26,4.800000000000001,5.37,0.49,0.8,5.44,0.53,1018.89,13.33,1.0,0.86,partly-cloudy-day,rain,0,6,1,12,344,49,11.4040328823035,12.3552261406755,10.8875566259361,11.418079954251143,10.59214718278528
ACORN-F,2012-12-10,48,681.0,11.0490190863436,5.59,1.55,5.59,-0.23,3.57,4.04,2.23,-1.04,0.79,3.93,0.27,1022.18,13.18,1.0,0.89,partly-cloudy-day,rain,0,0,0,12,345,50,12.0320093025466,10.8802657788182,10.1038179265775,11.371906120232731,10.63011281928587
ACORN-F,2012-12-11,48,641.8125,11.450379716391,2.7,-2.49,2.7,-3.83,0.10499999999999998,5.19,1.26,-2.49,0.89,1.67,0.29,1029.42,6.18,1.0,0.93,fog,snow,0,1,0,12,346,50,11.0490190863436,10.8587125352098,10.2739320841315,11.3960137355935,10.669840268352369
ACORN-F,2012-12-12,48,679.895833333333,11.8165729616679,1.8,-3.83,1.8,-1.35,-1.0150000000000001,5.63,1.8,-3.83,0.91,0.73,0.45,1020.51,6.49,1.0,0.97,partly-cloudy-day,snow,0,2,0,12,347,50,11.450379716391,11.2178511013756,10.6339453825431,11.480537618619385,10.739929611092155
ACORN-F,2012-12-13,48,680.833333333333,11.793483122253,1.58,-1.35,1.58,0.82,0.11499999999999999,2.93,-1.1,-3.72,0.87,2.09,0.6,1005.66,6.78,1.0,0.01,fog,snow,0,3,0,12,348,50,11.8165729616679,11.7294537443466,10.8068883224067,11.566069312946857,10.822450340136518
ACORN-F,2012-12-14,48,681.0,11.5079353881057,10.34,1.93,10.34,7.54,6.135,8.41,10.34,-0.92,0.92,4.22,0.71,985.82,7.45,0.0,0.05,wind,rain,0,4,0,12,349,50,11.793483122253,11.4810174970288,11.1006960359765,11.575216366933487,10.889617790507227
ACORN-F,2012-12-15,48,681.0,11.1770983864905,11.17,6.91,11.17,5.32,9.04,4.26,11.17,4.32,0.86,4.93,0.39,991.49,13.15,1.0,0.08,partly-cloudy-day,rain,0,5,1,12,350,50,11.5079353881057,11.4040328823035,11.8252327458595,11.579061779944471,10.944117219555986
ACORN-F,2012-12-16,48,680.9375,11.5222441568109,9.82,5.32,9.82,5.62,7.57,4.5,7.78,3.01,0.89,3.07,0.39,999.72,12.86,1.0,0.12,partly-cloudy-day,rain,0,6,1,12,351,50,11.1770983864905,12.0320093025466,12.3552261406755,11.546642566256901,10.97450035979494
ACORN-F,2012-12-17,48,680.875,10.6631287926494,9.1,5.62,9.1,5.04,7.359999999999999,3.4799999999999995,6.39,3.08,0.86,3.79,0.32,1001.69,12.71,1.0,0.15,partly-cloudy-night,rain,0,0,0,12,352,51,11.5222441568109,11.0490190863436,10.8802657788182,11.473818974008944,11.000444835843199
ACORN-F,2012-12-18,48,680.75,10.5559043456001,7.96,4.66,7.96,3.07,6.3100000000000005,3.3,7.12,2.47,0.86,2.17,0.62,1014.41,11.65,0.0,0.19,partly-cloudy-day,rain,0,1,0,12,353,51,10.6631287926494,11.450379716391,10.8587125352098,11.418691789195487,11.02598798180472
ACORN-F,2012-12-19,48,680.6875,10.879535878705,7.44,3.07,7.44,6.44,5.255,4.370000000000001,4.49,0.96,0.92,4.02,0.52,1016.68,7.87,1.0,0.22,partly-cloudy-day,rain,0,2,0,12,354,51,10.5559043456001,11.8165729616679,11.2178511013756,11.290909593368214,11.053278324571924
ACORN-F,2012-12-20,48,679.604166666667,10.8806594565364,9.57,6.53,9.57,6.75,8.05,3.04,7.93,2.82,0.96,3.54,0.76,1002.52,8.96,0.0,0.26,partly-cloudy-day,rain,0,3,0,12,355,51,10.879535878705,11.793483122253,11.7294537443466,11.157047152944942,11.086396151653135
ACORN-F,2012-12-21,48,678.541666666667,10.5617596132573,9.69,6.3,9.69,6.04,7.994999999999999,3.3899999999999997,7.58,4.44,0.91,3.21,0.44,1009.54,12.15,1.0,0.29,partly-cloudy-day,rain,0,4,0,12,356,51,10.8806594565364,11.5079353881057,11.4810174970288,11.026643772128285,11.12422916199296
ACORN-F,2012-12-22,48,677.770833333333,11.2485831871309,13.07,6.04,13.07,12.34,9.555,7.03,13.07,4.44,0.96,3.91,0.67,1005.25,10.15,0.0,0.32,partly-cloudy-day,rain,0,5,1,12,357,51,10.5617596132573,11.1770983864905,11.4040328823035,10.8914758042928,11.149010501400536
ACORN-F,2012-12-23,48,677.958333333333,10.8900636646534,13.08,9.34,12.56,7.57,11.21,3.74,13.08,7.75,0.86,5.51,0.53,1003.59,12.73,1.0,0.35,partly-cloudy-day,rain,0,6,1,12,358,51,11.2485831871309,11.5222441568109,12.0320093025466,10.901687918670001,11.167747935631327
ACORN-F,2012-12-24,48,676.916666666667,10.7250568869068,12.3,7.57,12.3,7.25,9.935,4.73,12.3,5.49,0.91,4.28,0.61,999.12,10.85,1.0,0.38,wind,rain,0,0,0,12,359,52,10.8900636646534,10.6631287926494,11.0490190863436,10.811376419790358,11.167837472728374
ACORN-F,2012-12-25,48,677.895833333333,10.9482071962508,9.14,6.46,9.14,4.83,7.800000000000001,2.6800000000000006,6.49,3.86,0.89,4.39,0.56,995.66,13.07,1.0,0.41,partly-cloudy-day,rain,1,1,0,12,360,52,10.7250568869068,10.5559043456001,11.450379716391,10.820223290398557,11.190024578454421
ACORN-F,2012-12-26,48,678.0,10.2987787603245,10.18,4.83,10.18,6.42,7.505,5.35,10.18,1.34,0.88,5.05,0.39,1004.15,12.94,1.0,0.44,partly-cloudy-day,rain,1,2,0,12,361,52,10.9482071962508,10.879535878705,11.8165729616679,10.87626655477723,11.214105832458683
ACORN-F,2012-12-27,48,676.770833333333,10.6009868422141,7.97,6.42,7.97,5.45,7.195,1.5499999999999998,5.36,3.64,0.84,4.09,0.51,1005.46,12.46,1.0,0.47,partly-cloudy-night,rain,0,3,0,12,362,52,10.2987787603245,10.8806594565364,11.793483122253,10.793301252151442,11.202135595950876
ACORN-F,2012-12-28,48,677.916666666667,10.68545813138,12.34,5.45,12.28,11.46,8.895,6.89,12.34,3.99,0.89,4.78,0.7,1016.76,11.46,0.0,0.51,wind,rain,0,4,0,12,363,52,10.6009868422141,10.5617596132573,11.5079353881057,10.75334802153397,11.194781971658282
ACORN-F,2012-12-29,48,677.666666666667,10.6515059736026,11.97,7.28,11.48,5.44,9.625,4.69,11.97,3.69,0.83,7.6,0.59,1004.18,12.5,0.0,0.53,wind,rain,0,5,1,12,364,52,10.68545813138,11.2485831871309,11.1770983864905,10.771019238408643,11.179952046494122
ACORN-F,2012-12-30,48,677.854166666667,11.0149484915044,10.9,5.44,9.51,4.22,8.17,5.46,10.9,1.25,0.77,6.82,0.37,1009.95,13.2,1.0,0.56,wind,rain,0,6,1,12,365,52,10.6515059736026,10.8900636646534,11.5222441568109,10.685722493618885,11.138033233199232
ACORN-F,2012-12-31,48,677.0,10.6185549773113,9.24,4.22,7.49,3.31,6.73,5.0200000000000005,6.97,0.88,0.81,4.55,0.38,1007.65,13.15,1.0,0.6,partly-cloudy-night,rain,0,0,0,12,366,1,11.0149484915044,10.7250568869068,10.6631287926494,10.703563183169027,11.090166174300265
ACORN-F,2013-01-01,48,677.979166666667,10.8454803710359,7.49,3.31,5.76,4.42,5.4,4.18,4.38,0.23,0.82,4.0,0.43,1016.89,13.15,1.0,0.63,partly-cloudy-day,rain,1,1,0,1,1,1,10.6185549773113,10.9482071962508,10.5559043456001,10.688348624655386,11.080819359960731
ACORN-F,2013-01-02,48,677.729166666667,10.7101315365549,10.82,3.31,9.86,9.65,7.065,7.51,10.82,0.23,0.91,3.72,0.61,1023.12,11.35,1.0,0.66,partly-cloudy-night,rain,0,2,0,1,2,1,10.8454803710359,10.2987787603245,10.879535878705,10.6736733639104,11.080346782668807
ACORN-F,2013-01-03,48,678.0,10.3265958682891,11.41,9.65,11.41,9.55,10.530000000000001,1.7599999999999998,11.41,7.07,0.91,4.36,0.66,1032.61,11.89,1.0,0.7,partly-cloudy-day,rain,0,3,0,1,3,1,10.7101315365549,10.6009868422141,10.8806594565364,10.73243804622903,11.062213941068068
ACORN-F,2013-01-04,48,678.0,10.4127787612094,10.79,8.17,10.17,8.07,9.48,2.619999999999999,10.79,5.7,0.85,4.28,0.83,1037.15,12.34,1.0,0.73,partly-cloudy-day,rain,1,4,0,1,4,1,10.3265958682891,10.68545813138,10.5617596132573,10.693239335668315,11.012111874066017
ACORN-F,2013-01-05,48,676.979166666667,10.7091770209308,10.66,7.84,10.66,6.91,9.25,2.8200000000000003,10.66,5.76,0.92,3.15,0.72,1035.16,9.58,1.0,0.77,partly-cloudy-day,rain,0,5,1,1,5,1,10.4127787612094,10.6515059736026,11.2485831871309,10.654285139929657,10.973960490643893
ACORN-F,2013-01-06,48,676.854166666667,11.368108689128,8.61,6.91,7.97,7.1,7.76,1.6999999999999993,6.98,5.08,0.96,2.23,0.67,1032.19,5.5,1.0,0.8,fog,rain,0,6,1,1,6,1,10.7091770209308,11.0149484915044,10.8900636646534,10.662523860976544,10.949144209880583
ACORN-F,2013-01-07,48,677.958333333333,10.3492277197442,9.08,7.1,8.56,8.19,8.09,1.9800000000000004,7.31,5.24,0.92,3.27,0.84,1026.88,9.7,1.0,0.84,partly-cloudy-day,rain,0,0,0,1,7,2,11.368108689128,10.6185549773113,10.7250568869068,10.712975317779913,10.925433473687061
ACORN-F,2013-01-08,48,678.0,10.0693392346608,11.23,9.02,11.23,8.46,10.125,2.210000000000001,11.23,6.9,0.87,3.71,0.76,1024.17,11.73,1.0,0.88,partly-cloudy-day,rain,0,1,0,1,8,2,10.3492277197442,10.8454803710359,10.9482071962508,10.674499995270327,10.90044092487994
ACORN-F,2013-01-09,48,676.666666666667,10.1914097789662,9.21,1.77,8.93,1.16,5.49,7.440000000000001,9.13,1.77,0.9,0.93,0.52,1021.19,8.64,1.0,0.92,partly-cloudy-day,rain,0,2,0,1,9,2,10.0693392346608,10.7101315365549,10.2987787603245,10.563622690073887,10.851118050532431
ACORN-F,2013-01-10,48,677.0,10.8155997062038,3.43,1.16,3.43,0.89,2.295,2.2700000000000005,2.36,-0.48,0.94,1.55,0.7,1015.8,5.21,1.0,0.95,partly-cloudy-day,rain,0,3,0,1,10,2,10.1914097789662,10.3265958682891,10.6009868422141,10.48951958184693,10.793076508293085
ACORN-F,2013-01-11,48,676.0,10.7234244921563,5.7,0.89,5.7,1.37,3.295,4.8100000000000005,5.7,-1.42,0.93,0.4,0.52,1017.62,5.7,1.0,0.99,partly-cloudy-day,rain,0,4,0,1,11,2,10.8155997062038,10.4127787612094,10.68545813138,10.5593772729776,10.758152100577044
ACORN-F,2013-01-12,48,676.0,11.6031079859467,4.53,1.75,4.53,2.12,3.14,2.7800000000000002,0.07,-1.06,0.83,4.76,0.57,1012.97,10.03,1.0,0.03,partly-cloudy-day,rain,0,5,1,1,12,2,10.7234244921563,10.7091770209308,10.6515059736026,10.603755234541442,10.730133854293134
ACORN-F,2013-01-13,48,676.9375,12.1875409053608,3.48,1.04,2.88,-0.41,2.26,2.44,-0.09,-2.16,0.74,3.13,0.6,1018.81,12.46,1.0,0.07,partly-cloudy-day,rain,0,6,1,1,13,2,11.6031079859467,11.368108689128,11.0149484915044,10.731459658115142,10.745348482845143
ACORN-F,2013-01-14,48,676.791666666667,11.6530715930233,2.94,-0.41,2.62,1.23,1.265,3.35,0.94,-3.4,0.88,2.08,0.59,1011.47,9.66,1.0,0.1,partly-cloudy-day,rain,0,0,0,1,14,3,12.1875409053608,10.3492277197442,10.6185549773113,10.848521403291256,10.76910908100764
ACORN-F,2013-01-15,48,677.0,11.6532200914328,2.38,-0.83,2.29,-2.18,0.7749999999999999,3.21,0.89,-3.16,0.85,3.28,0.58,1008.99,11.41,1.0,0.14,partly-cloudy-day,rain,0,1,0,1,15,3,11.6530715930233,10.0693392346608,10.8454803710359,11.034784813759702,10.804464181020991
ACORN-F,2013-01-16,48,676.916666666667,11.8167427043971,-0.06,-2.32,-0.06,-3.86,-1.19,2.26,-0.15,-4.7,0.91,0.93,0.48,1013.33,4.12,1.0,0.17,fog,snow,0,2,0,1,16,3,11.6532200914328,10.1914097789662,10.7101315365549,11.261053507584274,10.843654029086448
ACORN-F,2013-01-17,48,676.604166666667,11.9056285621918,2.88,-3.86,2.88,-1.44,-0.49,6.74,2.88,-3.86,0.83,1.01,0.31,1017.44,9.64,1.0,0.2,partly-cloudy-day,rain,0,3,0,1,17,3,11.8167427043971,10.8155997062038,10.3265958682891,11.493243925502972,10.877125701432593
ACORN-F,2013-01-18,48,676.708333333333,12.575484757928,1.33,-1.93,-0.81,-0.81,-0.29999999999999993,3.26,-2.04,-7.8,0.85,5.2,0.67,1004.05,6.41,1.0,0.23,fog,snow,0,4,0,1,18,3,11.9056285621918,10.7234244921563,10.4127787612094,11.648962333501258,10.913731740920285
ACORN-F,2013-01-19,48,676.979166666667,13.2549438909488,0.85,-0.65,0.85,-0.93,0.09999999999999998,1.5,-2.56,-5.37,0.86,4.16,0.84,997.28,7.53,1.0,0.26,partly-cloudy-day,snow,0,5,1,1,19,3,12.575484757928,11.6031079859467,10.7091770209308,11.913542371468642,10.985650496087098
ACORN-F,2013-01-20,48,676.729166666667,13.4946010842738,0.08,-1.45,-0.21,-0.86,-0.6849999999999999,1.53,-0.46,-5.88,0.91,3.18,0.85,994.89,5.1,1.0,0.3,fog,snow,0,6,1,1,20,3,13.2549438909488,12.1875409053608,11.368108689128,12.149518929326087,11.057306235509165
ACORN-F,2013-01-21,48,677.0,12.0973929118168,1.17,-1.98,1.17,-3.73,-0.405,3.15,1.08,-4.23,0.9,1.22,0.68,994.61,8.14,1.0,0.33,partly-cloudy-day,snow,0,0,0,1,21,4,13.4946010842738,11.6530715930233,10.3492277197442,12.336241812027945,11.150325429067037
ACORN-F,2013-01-22,48,675.0,12.1079064041915,2.82,-3.73,2.82,1.38,-0.45500000000000007,6.55,-1.43,-5.09,0.88,3.44,0.53,1001.55,6.31,1.0,0.36,fog,rain,0,1,0,1,22,4,12.0973929118168,11.6532200914328,10.0693392346608,12.399716286141299,11.19933742995668
ACORN-F,2013-01-23,48,674.979166666667,11.7844702239424,2.82,1.38,2.29,1.22,2.0999999999999996,1.44,-1.4,-2.47,0.82,4.23,0.75,1007.72,7.69,1.0,0.39,partly-cloudy-day,rain,0,2,0,1,23,4,12.1079064041915,11.8167427043971,10.1914097789662,12.464671473678257,11.240755258811705
ACORN-F,2013-01-24,48,674.020833333333,11.8284560105504,2.23,-0.11,2.23,-1.19,1.06,2.34,2.08,-2.49,0.79,2.07,0.8,1016.41,10.32,1.0,0.41,partly-cloudy-day,rain,0,3,0,1,24,4,11.7844702239424,11.9056285621918,10.8155997062038,12.460061119327586,11.293815668226628
ACORN-F,2013-01-25,48,675.854166666667,11.954278741225,2.98,-1.19,1.85,0.96,0.895,4.17,0.81,-4.07,0.8,3.2,0.74,1014.52,10.8,1.0,0.44,partly-cloudy-day,snow,0,4,0,1,25,4,11.8284560105504,12.575484757928,10.7234244921563,12.4490364690931,11.337653852810067
ACORN-F,2013-01-26,48,675.916666666667,11.6924004509413,7.56,2.37,7.41,6.47,4.965,5.1899999999999995,4.69,-2.16,0.86,3.61,0.51,1006.45,10.27,1.0,0.47,wind,rain,0,5,1,1,26,4,11.954278741225,13.2549438909488,11.6031079859467,12.360292752421243,11.382968874590247
ACORN-F,2013-01-27,48,675.020833333333,11.9237959141964,10.26,4.72,10.26,3.02,7.49,5.54,10.26,1.49,0.77,6.6,0.43,997.84,12.01,1.0,0.52,wind,rain,0,6,1,1,27,4,11.6924004509413,13.4946010842738,12.1875409053608,12.1370722609916,11.420143677352343
ACORN-F,2013-01-28,48,674.833333333333,11.1183086942479,10.54,3.02,9.34,9.34,6.779999999999999,7.52,10.54,-0.68,0.84,5.95,0.47,1005.47,11.91,1.0,0.54,wind,rain,0,0,0,1,28,5,11.9237959141964,12.0973929118168,11.6530715930233,11.912671522409115,11.452602513877057
ACORN-F,2013-01-29,48,674.479166666667,10.2971620995632,13.09,9.76,13.09,8.41,11.425,3.33,13.09,7.09,0.89,7.22,0.69,1003.25,10.88,1.0,0.57,wind,rain,0,1,0,1,29,5,11.1183086942479,12.1079064041915,11.6532200914328,11.772802348470702,11.470450860910507
ACORN-F,2013-01-30,48,675.8125,9.92521599524422,12.56,7.51,11.28,7.12,10.035,5.050000000000001,12.56,3.86,0.77,7.85,0.44,1006.93,11.88,1.0,0.61,wind,rain,0,2,0,1,30,5,10.2971620995632,11.7844702239424,11.8167427043971,11.514124590666656,11.450868065500769
ACORN-F,2013-01-31,48,674.041666666667,10.0345717583169,9.94,7.12,9.94,5.24,8.53,2.8199999999999994,6.38,3.29,0.74,7.3,0.35,1012.39,12.89,1.0,0.64,wind,rain,0,3,0,1,31,5,9.92521599524422,11.8284560105504,11.9056285621918,11.248516843709776,11.422835367596816
ACORN-F,2013-02-01,48,674.979166666667,10.3129260047838,8.03,4.16,7.33,2.9,6.095,3.869999999999999,5.33,2.49,0.85,2.83,0.49,1002.38,12.5,1.0,0.68,partly-cloudy-day,rain,0,4,0,2,32,5,10.0345717583169,11.954278741225,12.575484757928,10.992247664819274,11.412405935097807
ACORN-F,2013-02-02,48,675.979166666667,11.1038997683154,5.56,1.48,5.14,0.11,3.5199999999999996,4.08,1.9,-1.71,0.71,4.97,0.43,1015.47,13.42,1.0,0.71,partly-cloudy-day,rain,0,5,1,2,33,5,10.3129260047838,11.6924004509413,13.2549438909488,10.75776870247053,11.408839765225466
ACORN-F,2013-02-03,48,674.9375,11.7116506203535,9.12,0.11,8.78,8.43,4.614999999999999,9.01,6.66,-2.93,0.82,4.32,0.55,1018.69,13.12,1.0,0.75,partly-cloudy-day,rain,0,6,1,2,34,5,11.1038997683154,11.9237959141964,13.4946010842738,10.673697176381117,11.422937006203487
ACORN-F,2013-02-04,48,675.854166666667,10.2444798585849,10.2,6.48,10.16,2.16,8.34,3.719999999999999,10.2,2.41,0.71,6.82,0.5,1012.2,13.0,1.0,0.79,wind,rain,0,0,0,2,35,6,11.7116506203535,11.1183086942479,12.0973929118168,10.643390705832132,11.435206360890112
ACORN-F,2013-02-05,48,675.833333333333,10.67891729197,6.44,2.16,5.36,3.48,4.300000000000001,4.28,2.38,-2.91,0.73,7.3,0.48,1000.03,12.84,1.0,0.83,partly-cloudy-day,rain,0,1,0,2,36,6,10.2444798585849,10.2971620995632,12.1079064041915,10.518558015023132,11.431465365848709
ACORN-F,2013-02-06,48,675.958333333333,10.9806430145525,6.16,2.86,5.67,1.24,4.51,3.3000000000000003,2.56,-1.46,0.75,6.04,0.61,1006.64,13.23,1.0,0.86,partly-cloudy-day,rain,0,2,0,2,37,6,10.67891729197,9.92521599524422,11.7844702239424,10.573094471081246,11.453236010752608
ACORN-F,2013-02-07,48,675.916666666667,11.1338687742885,5.53,1.24,5.53,0.81,3.3850000000000002,4.29,2.42,-2.68,0.71,3.57,0.39,1017.82,12.49,1.0,0.9,partly-cloudy-day,rain,0,3,0,2,38,6,10.9806430145525,10.0345717583169,11.8284560105504,10.723869759553859,11.481422912023548
ACORN-F,2013-02-08,48,675.958333333333,10.8501600440991,5.59,0.81,5.59,1.58,3.2,4.779999999999999,2.73,-2.13,0.78,3.08,0.41,1019.29,10.54,1.0,0.94,partly-cloudy-day,rain,0,4,0,2,39,6,11.1338687742885,10.3129260047838,11.954278741225,10.880912190406944,11.492789664455143
ACORN-F,2013-02-09,48,674.895833333333,11.4304609060633,3.68,1.58,3.68,3.01,2.63,2.1,2.1,-0.57,0.86,0.68,0.7,1018.79,10.38,1.0,0.97,partly-cloudy-day,rain,0,5,1,2,40,6,10.8501600440991,11.1038997683154,11.6924004509413,10.957659910309129,11.497315934167387
ACORN-F,2013-02-10,48,675.229166666667,12.2748523344909,4.73,1.06,4.73,0.55,2.8950000000000005,3.6700000000000004,1.58,-4.17,0.93,4.86,0.84,999.65,7.07,1.0,0.02,partly-cloudy-day,rain,0,6,1,2,41,6,11.4304609060633,11.7116506203535,11.9237959141964,11.004311501415971,11.491149967028694
ACORN-F,2013-02-11,48,674.666666666667,11.399679145167,1.88,0.55,1.88,1.22,1.2149999999999999,1.3299999999999998,-1.66,-3.92,0.93,3.36,0.87,999.17,4.36,1.0,0.05,partly-cloudy-day,rain,0,0,0,2,42,7,12.2748523344909,10.2444798585849,11.1183086942479,11.084768889149887,11.49426823235477
ACORN-F,2013-02-12,48,674.979166666667,11.1117903914865,2.24,1.14,2.24,0.6,1.69,1.1000000000000003,-0.19,-2.29,0.76,2.87,0.86,1015.13,7.32,1.0,0.08,partly-cloudy-day,rain,0,1,0,2,43,7,11.399679145167,10.67891729197,10.2971620995632,11.249797358661613,11.485218502074188
ACORN-F,2013-02-13,48,674.020833333333,11.2701980745416,3.09,0.6,2.35,1.39,1.845,2.4899999999999998,1.23,-3.18,0.73,3.48,0.68,1021.27,6.92,1.0,0.11,partly-cloudy-day,rain,0,2,0,2,44,7,11.1117903914865,10.9806430145525,9.92521599524422,11.311636372878256,11.465881727076104
ACORN-F,2013-02-14,48,674.979166666667,10.5252057105179,10.59,4.07,10.59,2.27,7.33,6.52,10.59,-0.11,0.81,2.96,0.55,1011.45,10.56,1.0,0.15,partly-cloudy-day,rain,0,3,0,2,45,7,11.2701980745416,11.1338687742885,10.0345717583169,11.353001381448129,11.446362276009836
ACORN-F,2013-02-15,48,674.020833333333,10.2513056434171,9.76,2.27,9.76,4.7,6.015,7.49,7.75,-0.06,0.77,2.49,0.41,1019.7,13.04,1.0,0.18,partly-cloudy-day,rain,0,4,0,2,46,7,10.5252057105179,10.8501600440991,10.3129260047838,11.266049515195187,11.397061459878627
ACORN-F,2013-02-16,48,674.0,10.4963234405045,10.13,3.7,10.13,2.16,6.915000000000001,6.430000000000001,10.13,3.7,0.7,1.11,0.48,1023.52,12.97,1.0,0.21,partly-cloudy-day,rain,0,5,1,2,47,7,10.2513056434171,11.4304609060633,11.1038997683154,11.180498886526328,11.314055062931809
ACORN-F,2013-02-17,48,673.020833333333,10.7767082730396,9.49,2.16,9.49,2.02,5.825,7.33,7.33,0.27,0.84,2.79,0.33,1021.74,7.26,1.0,0.24,partly-cloudy-night,rain,0,6,1,2,48,7,10.4963234405045,12.2748523344909,11.7116506203535,11.047050677160785,11.215532903987368
ACORN-F,2013-02-18,48,672.916666666667,10.3588115291435,7.65,1.16,7.65,-1.43,4.405,6.49,5.22,-0.63,0.83,2.86,0.33,1020.42,7.23,1.0,0.27,fog,rain,0,0,0,2,49,8,10.7767082730396,11.399679145167,10.2444798585849,10.833030096953456,11.118465303586147
ACORN-F,2013-02-19,48,673.625,10.319481317133,10.12,-1.43,10.12,1.93,4.345,11.549999999999999,10.12,-1.43,0.79,0.4,0.11,1019.55,6.95,2.0,0.3,fog,rain,0,1,0,2,50,8,10.3588115291435,11.1117903914865,10.67891729197,10.684334723235812,11.056373111347813
ACORN-F,2013-02-20,48,673.770833333333,10.6104447683379,4.88,1.83,4.88,1.28,3.355,3.05,3.78,-3.42,0.78,4.86,0.68,1023.08,8.93,1.0,0.33,fog,rain,0,2,0,2,51,8,10.319481317133,11.2701980745416,10.9806430145525,10.571147712613888,10.99250078681001
ACORN-F,2013-02-21,48,672.041666666667,11.6918901189544,2.28,0.86,2.28,0.2,1.5699999999999998,1.42,-2.51,-3.9,0.59,5.58,0.8,1023.97,13.24,1.0,0.36,partly-cloudy-day,rain,0,3,0,2,52,8,10.6104447683379,10.5252057105179,11.1338687742885,10.47689724029907,10.950571306252709
ACORN-F,2013-02-22,48,671.770833333333,11.6868359290722,1.36,0.2,1.36,0.19,0.78,1.1600000000000001,-3.32,-4.29,0.63,4.79,0.81,1020.5,13.04,1.0,0.39,partly-cloudy-day,snow,0,4,0,2,53,8,11.6918901189544,10.2513056434171,10.8501600440991,10.643566441504285,10.945693952981424
ACORN-F,2013-02-23,48,671.854166666667,12.2491541639821,1.74,0.19,1.74,0.85,0.965,1.55,-1.89,-4.2,0.68,3.92,0.83,1020.81,11.64,1.0,0.42,partly-cloudy-day,rain,0,5,1,2,54,8,11.6868359290722,10.4963234405045,11.4304609060633,10.84864219659787,10.936142423975964
ACORN-F,2013-02-24,48,671.020833333333,12.9403672255416,2.35,0.85,2.35,1.74,1.6,1.5,-2.08,-3.26,0.71,4.47,0.86,1023.88,13.0,1.0,0.45,partly-cloudy-day,rain,0,6,1,2,55,8,12.2491541639821,10.7767082730396,12.2748523344909,11.0990465856661,10.956026485155993
ACORN-F,2013-02-25,48,670.104166666667,11.7191296062722,4.39,1.74,4.39,2.98,3.065,2.6499999999999995,0.59,-2.46,0.83,4.8,0.84,1026.97,9.78,1.0,0.48,partly-cloudy-day,rain,0,0,0,2,56,9,12.9403672255416,10.3588115291435,11.399679145167,11.408140721737814,10.99233260341832
ACORN-F,2013-02-26,48,670.875,11.1071522641863,4.93,2.98,4.93,2.33,3.955,1.9499999999999997,1.8,-1.18,0.91,4.34,0.86,1032.15,3.48,1.0,0.52,fog,rain,0,1,0,2,57,9,11.7191296062722,10.319481317133,11.1117903914865,11.602471875613341,11.013790493133476
ACORN-F,2013-02-27,48,668.854166666667,10.7398026546761,6.11,2.33,6.11,2.41,4.220000000000001,3.7800000000000002,2.67,-1.82,0.83,4.4,0.69,1034.17,8.92,1.0,0.55,partly-cloudy-day,rain,0,2,0,2,58,9,11.1071522641863,10.6104447683379,11.2701980745416,11.714996296620956,11.042718713298585
ACORN-F,2013-02-28,48,668.8125,11.0197557685533,7.26,2.41,7.26,2.58,4.835,4.85,4.09,-1.18,0.8,4.25,0.64,1029.69,12.67,1.0,0.59,partly-cloudy-day,rain,0,3,0,2,59,9,10.7398026546761,11.6918901189544,10.5252057105179,11.733475994669272,11.071811093992581
ACORN-F,2013-03-01,48,668.979166666667,10.7297240862043,6.62,2.58,6.62,2.58,4.6,4.04,3.28,-1.08,0.78,3.77,0.83,1029.18,10.27,1.0,0.62,partly-cloudy-day,rain,0,4,0,3,60,9,11.0197557685533,11.6868359290722,10.2513056434171,11.637456801754828,11.106996237215311
ACORN-F,2013-03-02,48,668.770833333333,11.0718642429246,4.69,0.63,4.69,-1.14,2.66,4.0600000000000005,3.13,-0.01,0.72,2.02,0.66,1027.67,13.05,1.0,0.66,partly-cloudy-day,rain,0,5,1,3,61,9,10.7297240862043,12.2491541639821,10.4963234405045,11.500726538487985,11.121881882980329
ACORN-F,2013-03-03,48,667.916666666667,11.814694967401,7.83,-1.14,7.83,2.14,3.345,8.97,5.04,-1.14,0.8,2.2,0.58,1023.52,10.12,1.0,0.7,partly-cloudy-day,rain,0,6,1,3,62,9,11.0718642429246,12.9403672255416,10.7767082730396,11.3325422640512,11.120737757073513
ACORN-F,2013-03-04,48,668.604166666667,10.1260602537855,8.99,2.14,8.99,1.87,5.565,6.85,6.17,-1.41,0.78,3.66,0.27,1013.74,7.02,2.0,0.74,partly-cloudy-day,rain,0,0,0,3,63,10,11.814694967401,11.7191296062722,10.3588115291435,11.171731941459685,11.12441791232521
ACORN-F,2013-03-05,48,668.6875,9.66727483490496,16.06,1.87,16.06,7.65,8.965,14.189999999999998,16.06,1.49,0.74,1.6,0.12,1004.57,8.11,2.0,0.77,fog,rain,0,1,0,3,64,10,10.1260602537855,11.1071522641863,10.319481317133,10.944150605390154,11.120188640725232
ACORN-F,2013-03-06,48,668.479166666667,9.46504426335982,13.14,7.65,13.14,7.43,10.395,5.49,13.14,6.51,0.72,2.41,0.17,1000.69,8.37,2.0,0.81,fog,rain,0,2,0,3,65,10,9.66727483490496,10.7398026546761,10.6104447683379,10.738453829778535,11.084058552972909
ACORN-F,2013-03-07,48,668.520833333333,9.7351101533874,9.63,7.43,9.63,8.19,8.530000000000001,2.200000000000001,7.99,6.67,0.93,2.2,0.68,996.96,2.78,2.0,0.85,fog,rain,0,3,0,3,66,10,9.46504426335982,11.0197557685533,11.6918901189544,10.556345488161925,11.029930026144598
ACORN-F,2013-03-08,48,668.75,9.75696122802454,9.61,8.02,9.61,5.86,8.815,1.5899999999999999,9.04,6.61,0.96,1.75,0.83,997.56,1.93,2.0,0.89,fog,rain,0,4,0,3,67,10,9.7351101533874,10.7297240862043,11.6868359290722,10.372824685995369,10.979974361112417
ACORN-F,2013-03-09,48,669.0,10.3965231651719,8.01,3.88,6.84,2.38,5.945,4.13,7.53,0.97,0.9,2.52,0.84,1002.41,5.68,2.0,0.92,fog,rain,0,5,1,3,68,10,9.75696122802454,11.0718642429246,12.2491541639821,10.23385856339826,10.940931546252612
ACORN-F,2013-03-10,48,668.166666666667,11.6861799952071,3.45,1.23,3.37,-0.4,2.34,2.22,0.33,-4.03,0.82,5.05,0.81,1005.94,12.26,2.0,0.96,partly-cloudy-day,rain,0,6,1,3,69,10,10.3965231651719,11.814694967401,12.9403672255416,10.137381266576444,10.904005198363633
ACORN-F,2013-03-11,48,669.583333333333,11.4980767191105,1.22,-1.57,0.04,-1.89,-0.17500000000000004,2.79,-4.11,-8.57,0.73,8.17,0.6,1007.26,10.83,2.0,0.99,wind,snow,0,0,0,3,70,11,11.6861799952071,10.1260602537855,11.7191296062722,10.11902198483446,10.882981186246353
ACORN-F,2013-03-12,48,669.75,11.3372261765919,3.86,-1.89,3.86,1.14,0.985,5.75,-0.56,-8.88,0.63,6.81,0.54,1008.83,12.34,2.0,0.03,wind,rain,0,1,0,3,71,11,11.4980767191105,9.66727483490496,11.1071522641863,10.315024337023745,10.886495385315765
ACORN-F,2013-03-13,48,669.979166666667,10.9122660149169,6.42,1.14,6.42,-0.91,3.78,5.28,3.01,-2.39,0.73,3.65,0.37,1010.59,13.04,2.0,0.06,partly-cloudy-day,rain,0,2,0,3,72,11,11.3372261765919,9.46504426335982,10.7398026546761,10.553588814407593,10.894546663355243
ACORN-F,2013-03-14,48,670.0,10.3607955198507,6.56,-0.91,6.56,2.99,2.8249999999999997,7.47,5.17,-3.72,0.67,1.81,0.27,1015.57,10.54,2.0,0.09,partly-cloudy-night,rain,0,3,0,3,73,11,10.9122660149169,9.7351101533874,11.0197557685533,10.760334778915748,10.881763375511506
ACORN-F,2013-03-15,48,669.354166666667,10.3683996455272,8.27,2.99,8.27,6.36,5.63,5.279999999999999,4.56,-0.32,0.81,5.82,0.65,1007.6,12.36,2.0,0.12,wind,rain,0,4,0,3,74,11,10.3607955198507,9.75696122802454,10.7297240862043,10.849718402696222,10.875891582987675
ACORN-F,2013-03-16,48,669.729166666667,11.0988313615693,7.51,5.79,7.33,3.17,6.65,1.7199999999999998,3.91,1.78,0.85,6.75,0.69,996.08,12.13,2.0,0.15,wind,rain,0,5,1,3,75,11,10.3683996455272,10.3965231651719,11.0718642429246,10.937066748053741,10.880073511634464
ACORN-F,2013-03-17,48,668.958333333333,11.4255060790164,7.3,2.36,7.3,-0.22,4.83,4.9399999999999995,5.13,-0.32,0.88,2.1,0.64,990.34,11.52,2.0,0.19,partly-cloudy-day,rain,0,6,1,3,76,11,11.0988313615693,11.6861799952071,11.814694967401,11.037396490396228,10.901591651672492
ACORN-F,2013-03-18,48,668.9375,10.3261820970944,7.35,-0.22,7.35,3.33,3.565,7.569999999999999,7.06,-1.32,0.91,0.73,0.5,991.02,7.97,2.0,0.22,partly-cloudy-day,rain,0,0,0,3,77,12,11.4255060790164,11.4980767191105,10.1260602537855,11.000157359511842,10.924763001885951
ACORN-F,2013-03-19,48,669.916666666667,10.169294268194,7.72,2.81,7.72,2.37,5.265,4.91,5.81,0.65,0.83,1.56,0.59,997.51,8.32,2.0,0.25,partly-cloudy-day,rain,0,1,0,3,78,12,10.3261820970944,11.3372261765919,9.66727483490496,10.832743842080971,10.923597665027055
ACORN-F,2013-03-20,48,669.854166666667,10.4059384966073,5.87,2.37,5.87,1.18,4.12,3.5,3.49,0.18,0.86,2.37,0.78,1006.74,5.73,2.0,0.27,partly-cloudy-day,rain,0,2,0,3,79,12,10.169294268194,10.9122660149169,9.46504426335982,10.665896426595557,10.918233841850661
ACORN-F,2013-03-21,48,670.0,10.4200462686567,6.27,1.18,6.27,2.59,3.7249999999999996,5.09,2.57,-1.24,0.75,4.73,0.61,1015.96,10.8,2.0,0.31,partly-cloudy-day,rain,0,3,0,3,80,12,10.4059384966073,10.3607955198507,9.7351101533874,10.5935639239799,10.910930046431712
ACORN-F,2013-03-22,48,669.75,10.885099704719,5.01,2.59,5.01,0.95,3.8,2.42,0.07,-2.8,0.79,7.92,0.69,1009.8,6.1,3.0,0.34,wind,rain,0,4,0,3,81,12,10.4200462686567,10.3683996455272,9.75696122802454,10.602028316666471,10.865507051778222
ACORN-F,2013-03-23,48,669.875,12.1900410484135,3.06,0.92,1.45,0.14,1.99,2.14,-2.27,-4.48,0.92,6.42,0.85,1009.85,3.73,2.0,0.37,fog,rain,0,5,1,3,82,12,10.885099704719,11.0988313615693,10.3965231651719,10.675842610836728,10.836873615194179
ACORN-F,2013-03-24,48,669.8125,12.7799073969043,1.53,-0.32,1.23,0.71,0.605,1.85,-2.86,-6.34,0.78,6.06,0.83,1012.85,9.37,2.0,0.4,partly-cloudy-day,snow,0,6,1,3,83,12,12.1900410484135,11.4255060790164,11.6861799952071,10.831729708957328,10.8347624324953
ACORN-F,2013-03-25,48,670.0,11.7240044734328,1.81,0.71,1.81,0.77,1.26,1.1,-2.89,-4.96,0.65,5.95,0.68,1014.28,12.76,2.0,0.43,partly-cloudy-day,rain,0,0,0,3,84,13,12.7799073969043,10.3261820970944,11.4980767191105,11.025215611512744,10.829031724329683
ACORN-F,2013-03-26,48,669.833333333333,11.4742392329892,1.75,0.77,1.75,-0.29,1.26,0.98,-2.29,-4.31,0.65,4.99,0.69,1013.39,12.81,2.0,0.46,partly-cloudy-day,rain,0,1,0,3,85,13,11.7240044734328,10.169294268194,11.3372261765919,11.224904522418228,10.829205826728275
ACORN-F,2013-03-27,48,670.0,11.1421835801493,3.82,-0.29,3.82,-0.89,1.765,4.109999999999999,-0.19,-4.06,0.64,3.95,0.48,1011.63,12.86,3.0,0.49,partly-cloudy-day,rain,0,2,0,3,86,13,11.4742392329892,10.4059384966073,10.9122660149169,11.411325231674684,10.842316075614093
ACORN-F,2013-03-28,48,670.0,10.8195820889552,4.08,-0.89,4.08,-0.52,1.595,4.97,0.31,-3.85,0.66,3.57,0.5,1012.3,11.64,2.0,0.54,partly-cloudy-day,rain,0,3,0,3,87,13,11.1421835801493,10.4200462686567,10.3607955198507,11.516503100752114,10.856686822952422
ACORN-F,2013-03-29,48,670.0,11.1534059680597,5.31,-0.52,5.31,0.94,2.3949999999999996,5.83,1.71,-2.99,0.63,3.52,0.59,1010.88,13.45,3.0,0.57,partly-cloudy-day,rain,1,4,0,3,88,13,10.8195820889552,10.885099704719,10.3683996455272,11.573579646509044,10.849537762966776
ACORN-F,2013-03-30,48,670.0,10.906679101791,4.87,0.94,4.87,-1.54,2.9050000000000002,3.93,1.53,-2.65,0.69,3.61,0.66,1011.38,13.1,3.0,0.61,partly-cloudy-day,rain,0,5,1,3,89,13,11.1534059680597,12.1900410484135,11.0988313615693,11.611909112700573,10.864669258747325
ACORN-F,2013-03-31,48,669.020833333333,10.9500737304529,4.96,-1.54,4.96,1.1,1.71,6.5,1.64,-2.33,0.68,2.8,0.4,1014.56,12.67,3.0,0.65,partly-cloudy-day,rain,0,6,1,3,90,13,10.906679101791,12.7799073969043,11.4255060790164,11.4285716917545,10.858769789421126
ACORN-F,2013-04-01,48,668.979166666667,11.0427781707144,7.71,0.04,7.71,0.48,3.875,7.67,3.74,-4.26,0.57,5.5,0.2,1014.63,13.02,3.0,0.72,partly-cloudy-day,rain,0,0,0,4,91,14,10.9500737304529,11.7240044734328,10.3261820970944,11.167166882261442,10.827890459530122
ACORN-F,2013-04-02,48,668.8125,10.3796087278884,4.09,0.48,4.09,0.98,2.285,3.61,-0.57,-3.72,0.64,5.84,0.45,1017.4,13.1,3.0,0.76,partly-cloudy-day,rain,0,1,0,4,92,14,11.0427781707144,11.4742392329892,10.169294268194,11.069848839015956,10.860630385134726
ACORN-F,2013-04-03,48,668.9375,10.7637705828916,2.91,0.98,2.91,1.88,1.945,1.9300000000000002,-1.57,-3.52,0.74,5.76,0.55,1014.22,10.8,3.0,0.8,partly-cloudy-day,rain,0,2,0,4,93,14,10.3796087278884,11.1421835801493,10.4059384966073,10.913473052572986,10.886070881312705
ACORN-F,2013-04-04,48,667.875,11.0667556955448,7.34,1.88,7.34,0.64,4.609999999999999,5.46,3.68,-2.8,0.61,5.89,0.63,1015.19,13.08,3.0,0.83,partly-cloudy-day,rain,0,3,0,4,94,14,10.7637705828916,10.8195820889552,10.4200462686567,10.859414052964741,10.932453964153126
ACORN-F,2013-04-05,48,667.875,10.4644723010947,9.87,0.64,9.87,-1.21,5.255,9.229999999999999,8.53,-2.67,0.63,2.75,0.23,1023.34,13.02,3.0,0.87,partly-cloudy-day,rain,0,4,0,4,95,14,11.0667556955448,11.1534059680597,10.885099704719,10.894724568191828,10.98001273351589
ACORN-F,2013-04-06,48,668.0,10.1157305381737,10.37,-1.21,10.37,3.47,4.58,11.579999999999998,10.37,-1.21,0.62,2.04,0.4,1020.37,11.84,3.0,0.9,partly-cloudy-day,rain,0,5,1,4,96,14,10.4644723010947,10.906679101791,12.1900410484135,10.796305472911115,11.00528098612554
ACORN-F,2013-04-07,48,667.0,10.1962143432595,9.99,3.47,9.99,3.45,6.73,6.52,7.18,-0.38,0.65,4.97,0.36,1005.84,10.81,3.0,0.94,partly-cloudy-day,rain,0,6,1,4,97,14,10.1157305381737,10.9500737304529,12.7799073969043,10.683312820965783,10.99525267801846
ACORN-F,2013-04-08,48,667.770833333333,9.63144157651698,8.81,3.45,8.81,2.98,6.130000000000001,5.36,6.01,0.39,0.83,3.87,0.7,997.5,6.66,3.0,0.97,partly-cloudy-day,rain,0,0,0,4,98,15,10.1962143432595,11.0427781707144,11.7240044734328,10.5756186227953,10.942039619020333
ACORN-F,2013-04-09,48,667.916666666667,9.8206828904425,10.59,2.98,10.59,5.93,6.785,7.609999999999999,10.59,0.4,0.79,1.07,0.61,1003.54,4.44,4.0,0.01,fog,rain,0,1,0,4,99,15,9.63144157651698,10.3796087278884,11.4742392329892,10.373999109338525,10.87537407821342
ACORN-F,2013-04-10,48,668.0,9.2335508988024,11.3,5.93,11.3,7.09,8.615,5.370000000000001,11.3,2.98,0.9,2.28,0.69,997.1,6.07,3.0,0.04,fog,rain,0,2,0,4,100,15,9.8206828904425,10.7637705828916,11.1421835801493,10.29415256113197,10.821211817993799
ACORN-F,2013-04-11,48,667.6875,9.43745000688443,11.51,7.09,11.51,4.92,9.3,4.42,11.51,4.87,0.87,3.04,0.54,997.53,11.62,3.0,0.07,partly-cloudy-day,rain,0,3,0,4,101,15,9.2335508988024,11.0667556955448,10.8195820889552,10.075549749119228,10.761257706703995
ACORN-F,2013-04-12,48,667.708333333333,9.20413533786482,11.42,4.92,11.29,10.92,8.17,6.5,11.42,3.3,0.87,4.42,0.57,1011.09,11.06,3.0,0.1,wind,rain,0,4,0,4,102,15,9.43745000688443,10.4644723010947,11.1534059680597,9.842791793596316,10.728281081240914
ACORN-F,2013-04-13,48,667.895833333333,9.67428607468704,19.88,11.49,19.88,10.88,15.684999999999999,8.389999999999999,19.88,11.49,0.7,6.56,0.45,1013.12,12.36,4.0,0.13,wind,rain,0,5,1,4,103,15,9.20413533786482,10.1157305381737,10.906679101791,9.662743655992047,10.686700213110116
ACORN-F,2013-04-14,48,667.854166666667,9.12418813317653,15.43,10.08,15.43,9.63,12.754999999999999,5.35,15.43,10.08,0.72,5.4,0.42,1016.86,12.96,4.0,0.16,partly-cloudy-day,rain,0,6,1,4,104,15,9.67428607468704,10.1962143432595,10.9500737304529,9.599680161208239,10.635823595721464
ACORN-F,2013-04-15,48,667.916666666667,8.44470654133981,16.55,9.63,16.55,9.66,13.09,6.92,16.55,7.26,0.7,5.75,0.4,1015.5,12.52,4.0,0.19,partly-cloudy-day,rain,0,0,0,4,105,16,9.12418813317653,9.63144157651698,11.0427781707144,9.446533559767815,10.553633669084324
ACORN-F,2013-04-16,48,667.8125,8.33750457457833,17.95,9.66,17.95,9.13,13.805,8.29,17.95,8.26,0.77,5.53,0.54,1014.48,10.8,4.0,0.22,wind,rain,0,1,0,4,106,16,8.44470654133981,9.8206828904425,10.3796087278884,9.276999983313932,10.486438113521661
ACORN-F,2013-04-17,48,666.958333333333,8.4384529707713,14.11,8.48,14.11,7.08,11.295,5.629999999999999,14.11,5.27,0.64,8.12,0.35,1013.1,12.81,4.0,0.25,wind,rain,0,2,0,4,107,16,8.33750457457833,9.2335508988024,10.7637705828916,9.065117366761909,10.421017053035387
ACORN-F,2013-04-18,48,664.958333333333,8.50702871004906,11.95,6.17,11.95,2.88,9.059999999999999,5.779999999999999,11.95,3.88,0.69,2.33,0.47,1025.56,13.12,4.0,0.28,partly-cloudy-day,rain,0,3,0,4,108,16,8.4384529707713,9.43745000688443,11.0667556955448,8.951531948471752,10.350749712826957
ACORN-F,2013-04-19,48,664.979166666667,8.63156974981996,13.14,2.88,13.14,1.46,8.01,10.260000000000002,13.14,2.88,0.66,2.21,0.16,1032.63,12.07,5.0,0.31,partly-cloudy-day,rain,0,4,0,4,109,16,8.50702871004906,9.20413533786482,10.4644723010947,8.818614620352411,10.2824276571624
ACORN-F,2013-04-20,48,665.895833333333,8.76333640201439,14.12,1.46,14.12,6.91,7.789999999999999,12.66,14.12,1.46,0.64,2.14,0.28,1021.92,12.79,4.0,0.35,partly-cloudy-day,rain,0,5,1,4,110,16,8.63156974981996,9.67428607468704,10.1157305381737,8.736819536346003,10.201944444487435
ACORN-F,2013-04-21,48,665.895833333333,9.22594489135993,14.32,6.91,14.32,10.02,10.615,7.41,14.32,5.12,0.74,4.12,0.66,1016.11,12.04,4.0,0.38,partly-cloudy-day,rain,0,6,1,4,111,16,8.76333640201439,9.12418813317653,10.1962143432595,8.606683868821339,10.079562135687468
ACORN-F,2013-04-22,48,666.895833333333,8.48321279430438,20.25,10.02,20.25,9.45,15.135,10.23,20.25,10.02,0.68,3.48,0.46,1019.23,12.5,5.0,0.41,partly-cloudy-day,rain,0,0,0,4,112,17,9.22594489135993,8.44470654133981,9.63144157651698,8.621220548561825,9.952634903346596
ACORN-F,2013-04-23,48,667.0,7.92573313313343,19.35,9.45,19.35,11.38,14.4,9.900000000000002,19.35,8.49,0.74,3.03,0.33,1023.67,11.96,4.0,0.45,partly-cloudy-day,rain,0,1,0,4,113,17,8.48321279430438,8.33750457457833,9.8206828904425,8.626721441842479,9.836892343377725
ACORN-F,2013-04-24,48,665.708333333333,7.76644783623212,22.08,11.38,22.08,7.05,16.73,10.699999999999998,22.08,11.38,0.72,3.2,0.27,1020.93,10.17,5.0,0.48,partly-cloudy-day,rain,0,2,0,4,114,17,7.92573313313343,8.4384529707713,9.2335508988024,8.567896950207492,9.71015998266859
ACORN-F,2013-04-25,48,667.9375,7.73901331020936,13.28,7.05,12.06,4.02,10.165,6.2299999999999995,13.28,5.04,0.65,3.42,0.51,1015.24,12.12,5.0,0.52,partly-cloudy-day,rain,0,3,0,4,115,17,7.76644783623212,8.50702871004906,9.43745000688443,8.471896216701895,9.589597991814404
ACORN-F,2013-04-26,48,667.0,8.01945580433074,10.36,4.02,10.36,1.61,7.1899999999999995,6.34,10.36,1.82,0.71,2.7,0.39,1015.1,13.16,5.0,0.56,partly-cloudy-day,rain,0,4,0,4,116,17,7.73901331020936,8.63156974981996,9.20413533786482,8.36217973101051,9.479577678287766
ACORN-F,2013-04-27,48,666.791666666667,8.76475162640347,11.59,1.61,11.59,7.98,6.6,9.98,11.59,1.61,0.64,3.27,0.27,1017.0,12.49,5.0,0.6,partly-cloudy-day,rain,0,5,1,4,117,17,8.01945580433074,8.76333640201439,9.67428607468704,8.274734881654908,9.367650886726016
ACORN-F,2013-04-28,48,667.770833333333,9.29502578567602,13.41,7.98,13.41,5.94,10.695,5.43,13.41,4.92,0.59,4.51,0.45,1016.36,13.18,4.0,0.63,partly-cloudy-day,rain,0,6,1,4,118,17,8.76475162640347,9.22594489135993,9.12418813317653,8.274937056567634,9.29115347689075
ACORN-F,2013-04-29,48,666.9375,8.34126169608203,13.71,5.94,13.71,4.42,9.825000000000001,7.7700000000000005,13.71,4.3,0.62,2.84,0.22,1024.5,13.15,5.0,0.67,partly-cloudy-day,rain,0,0,0,4,119,18,9.29502578567602,8.48321279430438,8.44470654133981,8.284805755755645,9.232044621720148
ACORN-F,2013-04-30,48,667.770833333333,8.05247196940872,16.32,4.42,16.32,5.43,10.370000000000001,11.9,16.32,2.32,0.62,2.95,0.26,1024.26,12.7,5.0,0.71,partly-cloudy-day,rain,0,1,0,4,120,18,8.34126169608203,7.92573313313343,8.33750457457833,8.264527027438167,9.135561890483276
ACORN-F,2013-05-01,48,667.770833333333,8.06248735385632,16.96,5.43,16.96,4.48,11.195,11.530000000000001,16.96,3.39,0.43,2.9,0.2,1022.7,15.34,5.0,0.75,partly-cloudy-day,rain,0,2,0,5,121,18,8.05247196940872,7.76644783623212,8.4384529707713,8.282632575477495,9.052449863394715
ACORN-F,2013-05-02,48,667.583333333333,7.92798181336545,19.71,4.48,19.71,8.05,12.095,15.23,19.71,4.48,0.56,2.71,0.34,1019.76,14.76,5.0,0.78,partly-cloudy-day,rain,0,3,0,5,122,18,8.06248735385632,7.73901331020936,8.50702871004906,8.324923935138093,8.955975462357742
ACORN-F,2013-05-03,48,667.541666666667,7.74848328691362,16.31,8.05,16.31,6.87,12.18,8.259999999999998,16.31,5.78,0.64,5.16,0.34,1017.3,13.24,4.0,0.82,partly-cloudy-day,rain,0,4,0,5,123,18,7.92798181336545,8.01945580433074,8.63156974981996,8.351919435588965,8.84387639513705
ACORN-F,2013-05-04,48,666.416666666667,8.27008100839465,17.79,6.87,17.79,10.48,12.33,10.919999999999998,17.79,5.5,0.68,2.26,0.36,1021.76,12.91,4.0,0.85,partly-cloudy-day,rain,0,5,1,5,124,18,7.74848328691362,8.76475162640347,8.76333640201439,8.313209075957946,8.746876787487725
ACORN-F,2013-05-05,48,666.666666666667,8.16585833765684,20.99,10.48,20.99,8.63,15.735,10.509999999999998,20.99,10.48,0.63,1.13,0.22,1020.13,13.5,5.0,0.89,partly-cloudy-day,rain,0,6,1,5,125,18,8.27008100839465,9.29502578567602,9.22594489135993,8.24254184481383,8.68096073285276
ACORN-F,2013-05-06,48,665.958333333333,7.97663845177346,19.82,8.63,19.82,11.72,14.225000000000001,11.19,19.82,8.63,0.6,2.07,0.16,1016.51,14.19,5.0,0.92,partly-cloudy-day,rain,0,0,0,5,126,19,8.16585833765684,8.34126169608203,8.48321279430438,8.081232209382518,8.608448018366952
ACORN-F,2013-05-07,48,667.895833333333,7.63614547799355,16.81,11.33,16.81,7.28,14.07,5.479999999999999,16.81,11.33,0.77,3.21,0.52,1007.4,9.8,4.0,0.95,partly-cloudy-day,rain,0,1,0,5,127,19,7.97663845177346,8.05247196940872,7.92573313313343,8.029143174481293,8.549347906768968
ACORN-F,2013-05-08,48,667.979166666667,7.77749262344801,14.28,7.28,14.28,10.18,10.78,6.999999999999999,14.28,5.0,0.71,7.13,0.47,1008.69,11.97,4.0,0.99,wind,rain,0,2,0,5,128,19,7.63614547799355,8.06248735385632,7.76644783623212,7.969667961421984,8.47132871346722
ACORN-F,2013-05-09,48,667.958333333333,8.14007964730247,17.17,10.2,17.17,7.06,13.685,6.970000000000002,17.17,10.2,0.72,6.74,0.63,1010.14,12.39,5.0,0.02,wind,rain,0,3,0,5,129,19,7.77749262344801,7.92798181336545,7.73901331020936,7.92895442850651,8.419326632204562
ACORN-F,2013-05-10,48,668.0,7.91833233368263,13.18,7.06,13.18,6.04,10.12,6.12,13.18,4.29,0.78,4.83,0.56,1010.93,12.2,4.0,0.05,wind,rain,0,4,0,5,130,19,8.14007964730247,7.74848328691362,8.01945580433074,7.959254119068943,8.372991976505208
ACORN-F,2013-05-11,48,667.895833333333,8.51874431092904,14.81,6.04,14.81,10.87,10.425,8.77,14.81,2.44,0.76,5.33,0.44,1014.56,12.05,6.0,0.08,partly-cloudy-day,rain,0,5,1,5,131,19,7.91833233368263,8.27008100839465,8.76475162640347,7.983518268607372,8.327070440641558
ACORN-F,2013-05-12,48,667.020833333333,9.04657573727747,14.06,7.45,14.06,7.36,10.755,6.61,14.06,4.53,0.68,6.61,0.61,1011.68,11.93,5.0,0.11,wind,rain,0,6,1,5,132,19,8.51874431092904,8.16585833765684,9.29502578567602,8.019041597540857,8.285801091935914
ACORN-F,2013-05-13,48,666.916666666667,7.99336106008754,10.94,7.36,10.94,7.0,9.15,3.579999999999999,10.94,4.75,0.8,3.97,0.67,1003.62,11.38,4.0,0.14,wind,rain,0,0,0,5,133,20,9.04657573727747,7.97663845177346,8.34126169608203,8.144858368915232,8.283029220653805
ACORN-F,2013-05-14,48,667.979166666667,8.45387767628042,13.64,7.0,13.64,4.17,10.32,6.640000000000001,13.64,2.67,0.71,5.86,0.71,994.19,11.97,4.0,0.17,wind,rain,0,1,0,5,134,20,7.99336106008754,7.63614547799355,8.05247196940872,8.147247312960102,8.26690973918051
ACORN-F,2013-05-15,48,666.0,8.44803741213588,15.13,4.17,15.13,7.2,9.65,10.96,15.13,4.17,0.74,1.64,0.36,999.92,10.93,5.0,0.2,partly-cloudy-day,rain,0,2,0,5,135,20,8.45387767628042,7.77749262344801,8.06248735385632,8.264066198429655,8.271065921384155
ACORN-F,2013-05-16,48,666.625,8.13835222105747,11.3,7.2,11.3,9.12,9.25,4.1000000000000005,11.3,6.9,0.76,2.35,0.6,1005.87,11.54,4.0,0.23,partly-cloudy-day,rain,0,3,0,5,136,20,8.44803741213588,8.14007964730247,7.92798181336545,8.35985831109935,8.271408222861464
ACORN-F,2013-05-17,48,665.979166666667,8.47791274661402,14.56,9.12,14.56,8.91,11.84,5.440000000000001,14.56,7.62,0.67,1.94,0.59,1008.08,11.93,4.0,0.26,partly-cloudy-day,rain,0,4,0,5,137,20,8.13835222105747,7.91833233368263,7.74848328691362,8.359611535921493,8.258241205397477
ACORN-F,2013-05-18,48,665.291666666667,8.52519373813113,17.85,8.91,17.85,11.38,13.38,8.940000000000001,17.85,8.56,0.7,2.12,0.32,1011.12,11.1,5.0,0.3,partly-cloudy-day,rain,0,5,1,5,138,20,8.47791274661402,8.51874431092904,8.27008100839465,8.439551594911691,8.25275345528298
ACORN-F,2013-05-19,48,666.979166666667,8.59819382981325,16.87,11.38,16.77,12.44,14.125,5.49,16.87,11.38,0.84,3.7,0.81,1011.37,7.31,4.0,0.33,cloudy,rain,0,6,1,5,139,20,8.52519373813113,9.04657573727747,8.16585833765684,8.440472941654848,8.244248360144292
ACORN-F,2013-05-20,48,666.9375,8.22770060465285,16.22,12.01,13.49,10.1,14.114999999999998,4.209999999999999,16.22,12.01,0.78,4.21,0.79,1015.56,10.78,4.0,0.36,partly-cloudy-day,rain,0,0,0,5,140,21,8.59819382981325,7.99336106008754,7.97663845177346,8.376418383445673,8.221828679374767
ACORN-F,2013-05-21,48,667.5,7.96811634779229,14.02,9.58,14.02,6.27,11.8,4.4399999999999995,14.02,7.13,0.7,3.25,0.74,1018.45,11.68,4.0,0.4,partly-cloudy-day,rain,0,1,0,5,141,21,8.22770060465285,8.45387767628042,7.63614547799355,8.409895461240717,8.21270324403007
ACORN-F,2013-05-22,48,667.979166666667,7.91941656147892,10.26,6.27,10.26,5.43,8.265,3.99,10.26,3.51,0.65,4.18,0.49,1013.55,12.54,6.0,0.44,partly-cloudy-day,rain,0,2,0,5,142,21,7.96811634779229,8.44803741213588,7.77749262344801,8.340500985742413,8.214216930267886
ACORN-F,2013-05-23,48,667.791666666667,8.09921690314561,8.21,5.43,8.21,5.64,6.82,2.780000000000001,6.24,1.79,0.84,2.24,0.65,1009.4,11.89,4.0,0.47,partly-cloudy-day,rain,0,3,0,5,143,21,7.91941656147892,8.13835222105747,8.14007964730247,8.264983721362848,8.2196800990267
ACORN-F,2013-05-24,48,667.979166666667,8.80035548797458,14.87,5.64,14.87,6.24,10.254999999999999,9.23,14.87,3.19,0.67,3.46,0.32,1020.26,12.21,5.0,0.51,partly-cloudy-day,rain,0,4,0,5,144,21,8.09921690314561,8.47791274661402,7.91833233368263,8.259392961661153,8.232544513060137
ACORN-F,2013-05-25,48,667.020833333333,8.43082858151972,18.82,6.24,18.82,6.32,12.530000000000001,12.58,18.82,4.49,0.55,2.79,0.34,1018.43,14.76,6.0,0.55,partly-cloudy-day,rain,0,5,1,5,145,21,8.80035548797458,8.52519373813113,8.51874431092904,8.305456210426946,8.26043378747599
ACORN-F,2013-05-26,48,667.875,8.1367424495018,17.28,6.32,17.28,9.97,11.8,10.96,17.28,4.68,0.58,4.34,0.29,1009.15,13.63,6.0,0.59,wind,rain,0,6,1,5,146,21,8.43082858151972,8.59819382981325,9.04657573727747,8.291975473768174,8.248507964444427
ACORN-F,2013-05-27,48,667.0,7.8967515372417,12.13,9.78,11.88,8.38,10.955,2.3500000000000014,12.13,9.12,0.86,1.48,0.67,1000.65,9.37,4.0,0.62,partly-cloudy-day,rain,1,0,0,5,147,22,8.1367424495018,8.22770060465285,7.99336106008754,8.226053848009395,8.207140702438204
ACORN-F,2013-05-28,48,666.9375,8.1739420991289,12.79,8.38,12.79,10.79,10.585,4.409999999999998,12.79,7.59,0.87,2.14,0.76,1004.27,9.24,4.0,0.66,partly-cloudy-day,rain,0,1,0,5,148,22,7.8967515372417,7.96811634779229,8.45387767628042,8.178775409807802,8.191265339622479
ACORN-F,2013-05-29,48,665.645833333333,8.36167992610957,14.69,10.79,14.69,11.27,12.739999999999998,3.9000000000000004,14.69,10.79,0.86,3.44,0.94,1010.33,8.71,4.0,0.7,partly-cloudy-day,rain,0,2,0,5,149,22,8.1739420991289,7.91941656147892,8.44803741213588,8.208179088570175,8.195603558541057
ACORN-F,2013-05-30,48,665.979166666667,8.29914028569848,21.68,11.27,21.68,10.77,16.475,10.41,21.68,11.27,0.72,3.45,0.54,1017.87,10.59,6.0,0.73,partly-cloudy-day,rain,0,3,0,5,150,22,8.36167992610957,8.09921690314561,8.13835222105747,8.271359569231697,8.206289007550101
ACORN-F,2013-05-31,48,666.625,7.66197412842449,17.34,10.77,17.34,9.72,14.055,6.57,17.34,10.77,0.65,3.35,0.38,1022.85,12.7,5.0,0.77,partly-cloudy-day,rain,0,4,0,5,151,22,8.29914028569848,8.80035548797458,8.47791274661402,8.299920052453535,8.21954466727628
ACORN-F,2013-06-01,48,667.0,7.87194602803598,18.83,9.72,18.83,7.24,14.274999999999999,9.109999999999998,18.83,8.97,0.59,2.4,0.27,1028.53,13.42,5.0,0.8,partly-cloudy-day,rain,0,5,1,6,152,22,7.66197412842449,8.43082858151972,8.52519373813113,8.137294143946379,8.216455054473098
ACORN-F,2013-06-02,48,666.333333333333,8.08924098857907,18.66,7.24,18.66,7.64,12.95,11.42,18.66,7.24,0.66,2.84,0.26,1031.47,13.28,6.0,0.84,partly-cloudy-day,rain,0,6,1,6,153,22,7.87194602803598,8.1367424495018,8.59819382981325,8.057453779162987,8.202235948031717
ACORN-F,2013-06-03,48,666.020833333333,7.31788198513266,20.07,7.64,20.07,8.96,13.855,12.43,20.07,6.1,0.6,4.16,0.27,1027.0,14.65,7.0,0.87,partly-cloudy-day,rain,0,0,0,6,154,23,8.08924098857907,7.8967515372417,8.22770060465285,8.050667856174027,8.199499614136082
ACORN-F,2013-06-04,48,666.979166666667,7.22522402747365,19.64,8.96,19.64,8.73,14.3,10.68,19.64,6.8,0.71,3.59,0.56,1021.53,13.31,5.0,0.9,partly-cloudy-day,rain,0,1,0,6,155,23,7.31788198513266,8.1739420991289,7.96811634779229,7.9679722058727345,8.17597259747034
ACORN-F,2013-06-05,48,666.979166666667,7.25951925778867,20.88,8.73,20.88,10.02,14.805,12.149999999999999,20.88,6.66,0.68,4.28,0.23,1021.53,13.34,3.0,0.93,partly-cloudy-day,rain,1,2,0,6,156,23,7.22522402747365,8.36167992610957,7.91941656147892,7.832441052779129,8.161296831380342
ACORN-F,2013-06-06,48,666.458333333333,7.36435589493543,19.64,10.02,19.64,9.16,14.83,9.620000000000001,19.64,10.02,0.66,4.3,0.38,1023.0,14.39,6.0,0.97,partly-cloudy-day,rain,0,3,0,6,157,23,7.25951925778867,8.29914028569848,8.09921690314561,7.674989528733285,8.142797782606795
ACORN-F,2013-06-07,48,665.916666666667,7.40106165163266,17.06,9.16,17.06,10.29,13.11,7.899999999999999,17.06,6.88,0.69,5.44,0.36,1021.44,12.44,6.0,0.99,partly-cloudy-day,rain,0,4,0,6,158,23,7.36435589493543,7.66197412842449,8.80035548797458,7.541448901481422,8.115093362879401
ACORN-F,2013-06-08,48,664.583333333333,7.49781081097516,14.17,10.29,14.17,10.61,12.23,3.880000000000001,14.17,10.29,0.72,4.59,0.89,1016.69,12.38,4.0,0.03,partly-cloudy-day,rain,0,5,1,6,159,23,7.40106165163266,7.87194602803598,8.43082858151972,7.50417569051116,8.096619409949044
ACORN-F,2013-06-09,48,665.0,8.28219248165414,14.56,10.61,14.56,8.16,12.585,3.950000000000001,14.56,10.61,0.68,1.67,0.95,1015.7,12.55,4.0,0.06,cloudy,rain,0,6,1,6,160,23,7.49781081097516,8.08924098857907,8.1367424495018,7.450727802359615,8.060157499236405
ACORN-F,2013-06-10,48,664.0,7.72872891566265,16.96,8.16,16.96,14.16,12.56,8.8,16.96,6.87,0.83,3.0,0.61,1013.81,10.46,4.0,0.09,partly-cloudy-day,rain,0,0,0,6,161,24,8.28219248165414,7.31788198513266,7.8967515372417,7.478292301370339,8.032858097249859
ACORN-F,2013-06-11,48,664.979166666667,7.66032663269703,16.96,14.16,16.96,13.03,15.56,2.8000000000000007,17.01,14.16,0.86,5.94,0.93,1011.39,10.86,5.0,0.12,wind,rain,0,1,0,6,162,24,7.72872891566265,7.22522402747365,8.1739420991289,7.53698472001748,8.023406949234683
ACORN-F,2013-06-12,48,665.0,7.84093232947368,17.59,12.96,17.59,9.13,15.275,4.629999999999999,17.59,12.96,0.75,6.8,0.78,1011.04,11.94,5.0,0.15,wind,rain,0,2,0,6,163,24,7.66032663269703,7.25951925778867,8.36167992610957,7.599142235049392,7.995065840535277
ACORN-F,2013-06-13,48,665.0,7.76472631639098,18.81,9.13,18.81,11.01,13.969999999999999,9.679999999999998,18.81,7.72,0.69,4.12,0.45,1016.14,13.05,5.0,0.18,partly-cloudy-day,rain,0,3,0,6,164,24,7.84093232947368,7.36435589493543,8.29914028569848,7.682201245290108,7.973383516154484
ACORN-F,2013-06-14,48,664.875,7.64757543639986,16.27,11.01,16.27,11.46,13.64,5.26,16.27,11.01,0.74,6.04,0.42,1008.6,12.18,5.0,0.21,wind,rain,0,4,0,6,165,24,7.76472631639098,7.40106165163266,7.66197412842449,7.739397019783757,7.960039733844966
ACORN-F,2013-06-15,48,665.0,8.01910526345865,17.34,11.46,17.34,12.87,14.4,5.879999999999999,17.34,11.46,0.71,3.05,0.42,1013.64,12.62,5.0,0.25,partly-cloudy-day,rain,0,5,1,6,166,24,7.64757543639986,7.49781081097516,7.87194602803598,7.7746132747505,7.930384829908747
ACORN-F,2013-06-16,48,665.0,8.28147669218045,20.4,12.87,20.4,13.33,16.634999999999998,7.529999999999999,20.4,12.87,0.66,4.6,0.5,1014.05,15.08,5.0,0.28,partly-cloudy-day,rain,0,6,1,6,167,24,8.01910526345865,8.28219248165414,8.08924098857907,7.84908391081957,7.912310241527586
ACORN-F,2013-06-17,48,664.020833333333,7.54896417579831,20.33,13.33,20.33,15.81,16.83,6.999999999999998,20.37,13.33,0.78,0.97,0.4,1014.27,10.81,6.0,0.31,partly-cloudy-day,rain,0,0,0,6,168,25,8.28147669218045,7.72872891566265,7.31788198513266,7.848981655180471,7.900998915183559
ACORN-F,2013-06-18,48,661.645833333333,7.52993332972646,25.56,15.81,25.56,16.22,20.685,9.749999999999998,25.56,15.83,0.76,0.95,0.31,1014.65,9.82,6.0,0.35,partly-cloudy-day,rain,0,1,0,6,169,25,7.54896417579831,7.66032663269703,7.22522402747365,7.823300978056994,7.876758328438753
ACORN-F,2013-06-19,48,665.916666666667,7.45674481687261,20.19,16.22,20.19,14.11,18.205,3.9700000000000024,20.2,16.22,0.81,1.34,0.47,1012.05,6.71,4.0,0.39,partly-cloudy-day,rain,0,2,0,6,170,25,7.52993332972646,7.84093232947368,7.25951925778867,7.804673363346913,7.861108934936403
ACORN-F,2013-06-20,48,665.020833333333,7.75007727532164,20.38,14.11,20.38,12.01,17.244999999999997,6.27,20.38,14.11,0.81,3.59,0.55,1010.05,10.03,5.0,0.42,partly-cloudy-day,rain,0,3,0,6,171,25,7.45674481687261,7.76472631639098,7.36435589493543,7.749789432975331,7.844584944057606
ACORN-F,2013-06-21,48,665.979166666667,7.5852111711732,17.54,12.01,17.54,13.07,14.774999999999999,5.529999999999999,17.54,12.01,0.81,6.78,0.67,1007.11,11.33,5.0,0.46,wind,rain,0,4,0,6,172,25,7.75007727532164,7.64757543639986,7.40106165163266,7.747696712822568,7.832115671635321
ACORN-F,2013-06-22,48,665.020833333333,7.8380975688202,16.51,12.62,16.51,10.62,14.565000000000001,3.8900000000000023,16.51,12.62,0.76,6.28,0.7,1009.25,12.38,5.0,0.51,wind,rain,0,5,1,6,173,25,7.5852111711732,8.01910526345865,7.49781081097516,7.738787532075903,7.788717660320986
ACORN-F,2013-06-23,48,665.958333333333,8.48945666959967,16.1,10.62,16.1,11.26,13.36,5.480000000000002,16.1,10.62,0.66,4.16,0.52,1021.79,12.89,5.0,0.54,partly-cloudy-day,rain,0,6,1,6,174,25,7.8380975688202,8.28147669218045,8.28219248165414,7.712929289984696,7.767548695581716
ACORN-F,2013-06-24,48,665.0,7.6856589945299,18.76,11.26,18.76,10.14,15.010000000000002,7.500000000000002,18.76,11.26,0.57,1.95,0.42,1028.61,14.24,6.0,0.58,partly-cloudy-day,rain,0,0,0,6,175,26,8.48945666959967,7.54896417579831,7.72872891566265,7.742640715330299,7.7801456320137845
ACORN-F,2013-06-25,48,665.979166666667,7.35243336930931,20.61,10.14,20.61,12.2,15.375,10.469999999999999,20.61,10.14,0.64,1.98,0.42,1029.89,13.53,6.0,0.61,partly-cloudy-day,rain,0,1,0,6,176,26,7.6856589945299,7.52993332972646,7.66032663269703,7.762168546577669,7.77260661263122
ACORN-F,2013-06-26,48,665.020833333333,7.36178372071327,19.23,12.2,19.23,12.56,15.715,7.030000000000001,19.23,12.2,0.69,2.69,0.54,1026.49,12.13,5.0,0.65,partly-cloudy-day,rain,0,2,0,6,177,26,7.35243336930931,7.45674481687261,7.84093232947368,7.736811409375219,7.743267015137663
ACORN-F,2013-06-27,48,665.0,7.52802857022556,20.16,12.56,20.16,13.42,16.36,7.6,20.25,12.56,0.87,3.46,0.93,1019.73,10.35,4.0,0.69,partly-cloudy-day,rain,0,3,0,6,178,26,7.36178372071327,7.75007727532164,7.76472631639098,7.723245538495314,7.707556436373509
ACORN-F,2013-06-28,48,662.9375,7.62671311019869,21.19,13.42,21.19,14.92,17.305,7.770000000000001,21.19,13.42,0.61,3.36,0.35,1022.39,13.23,5.0,0.72,partly-cloudy-day,rain,0,4,0,6,179,26,7.52802857022556,7.5852111711732,7.64757543639986,7.691524294910159,7.680016732249477
ACORN-F,2013-06-29,48,664.875,7.52465097618011,25.17,14.92,25.17,13.89,20.045,10.250000000000002,25.17,14.92,0.67,4.28,0.32,1021.6,12.7,5.0,0.75,partly-cloudy-day,rain,0,5,1,6,180,26,7.62671311019869,7.8380975688202,8.01910526345865,7.697453143342372,7.678757410169983
ACORN-F,2013-06-30,48,665.625,7.89826820000326,19.78,13.89,19.78,11.84,16.835,5.890000000000001,19.78,13.89,0.63,3.94,0.44,1017.04,12.73,5.0,0.79,partly-cloudy-day,rain,0,6,1,6,181,26,7.52465097618011,8.48945666959967,8.28147669218045,7.652675058679501,7.666354015460845
ACORN-F,2013-07-01,48,664.020833333333,7.49425538290855,17.5,11.84,17.5,14.31,14.67,5.66,17.5,11.84,0.72,3.08,0.6,1011.64,13.13,5.0,0.82,partly-cloudy-day,rain,0,0,0,7,182,27,7.89826820000326,7.6856589945299,7.54896417579831,7.568219563022872,7.659533558725995
ACORN-F,2013-07-02,48,665.854166666667,7.46166907321886,19.69,14.31,19.69,12.48,17.0,5.380000000000001,19.69,14.31,0.79,3.67,0.83,1008.35,11.86,5.0,0.85,partly-cloudy-day,rain,0,1,0,7,183,27,7.49425538290855,7.35243336930931,7.52993332972646,7.5408761899341075,7.6658326086465625
ACORN-F,2013-07-03,48,665.875,7.46713624763627,22.89,12.48,22.89,12.63,17.685000000000002,10.41,22.89,12.48,0.76,3.97,0.44,1019.37,11.93,5.0,0.88,partly-cloudy-day,rain,0,2,0,7,184,27,7.46166907321886,7.36178372071327,7.45674481687261,7.556481290492614,7.674277074566035
ACORN-F,2013-07-04,48,663.0625,7.46506470029622,24.62,12.63,24.62,13.48,18.625,11.99,24.62,12.63,0.65,0.63,0.29,1028.43,13.18,6.0,0.91,partly-cloudy-day,rain,0,3,0,7,185,27,7.46713624763627,7.52802857022556,7.75007727532164,7.571531651481614,7.681691967060592
ACORN-F,2013-07-05,48,662.208333333333,7.40457184113994,26.47,13.48,26.47,14.99,19.975,12.989999999999998,26.47,13.48,0.63,1.34,0.12,1029.5,12.89,7.0,0.94,partly-cloudy-day,rain,0,4,0,7,186,27,7.46506470029622,7.62671311019869,7.5852111711732,7.56253681292028,7.685288710109191
ACORN-F,2013-07-06,48,663.958333333333,7.6717927668527,27.28,14.99,27.28,14.99,21.135,12.290000000000001,27.28,14.99,0.66,2.5,0.12,1031.56,10.98,6.0,0.97,partly-cloudy-day,rain,0,5,1,7,187,27,7.40457184113994,7.52465097618011,7.8380975688202,7.530802345911887,7.685414074020166
ACORN-F,2013-07-07,48,662.041666666667,8.08402348533651,25.18,14.99,25.18,12.01,20.085,10.19,25.18,14.99,0.65,3.92,0.14,1032.66,13.5,6.0,0.01,partly-cloudy-day,rain,0,6,1,7,188,27,7.6717927668527,7.89826820000326,8.48945666959967,7.551822601722257,7.6916277153015065
ACORN-F,2013-07-08,48,662.604166666667,7.63329355684051,25.61,12.01,25.61,13.54,18.81,13.6,25.61,12.01,0.57,3.27,0.13,1028.39,14.68,6.0,0.04,partly-cloudy-day,rain,0,0,0,7,189,28,8.08402348533651,7.49425538290855,7.6856589945299,7.578359071055579,7.684550251147305
ACORN-F,2013-07-09,48,662.9375,7.43483515048456,23.19,13.36,23.19,11.99,18.275,9.830000000000002,23.19,13.36,0.64,3.88,0.22,1025.5,13.39,6.0,0.07,partly-cloudy-day,rain,0,1,0,7,190,28,7.63329355684051,7.46166907321886,7.35243336930931,7.598221667331573,7.681141845475087
ACORN-F,2013-07-10,48,662.583333333333,7.34678464734851,21.69,11.99,21.69,12.01,16.84,9.700000000000001,21.69,11.99,0.64,3.65,0.37,1025.45,13.94,6.0,0.1,partly-cloudy-day,rain,0,2,0,7,191,28,7.43483515048456,7.46713624763627,7.36178372071327,7.594388249798102,7.673088578253212
ACORN-F,2013-07-11,48,663.0,7.27634992579186,23.92,12.01,23.92,15.01,17.965,11.910000000000002,23.92,12.01,0.7,1.84,0.39,1025.08,13.73,6.0,0.13,partly-cloudy-day,rain,0,3,0,7,192,28,7.34678464734851,7.46506470029622,7.52802857022556,7.577195164042708,7.655440446748742
ACORN-F,2013-07-12,48,662.0,7.46166548437616,29.16,15.01,29.16,17.28,22.085,14.15,29.24,15.01,0.67,0.86,0.11,1023.97,12.65,7.0,0.16,partly-cloudy-day,rain,0,4,0,7,193,28,7.27634992579186,7.40457184113994,7.62671311019869,7.550235910542084,7.637998432798773
ACORN-F,2013-07-13,48,662.208333333333,7.61592530995184,27.83,17.28,27.83,17.96,22.555,10.549999999999997,27.83,17.28,0.61,0.86,0.27,1023.66,12.5,5.0,0.2,partly-cloudy-day,rain,0,5,1,7,194,28,7.46166548437616,7.6717927668527,7.52465097618011,7.5583921452901155,7.631358791655069
ACORN-F,2013-07-14,48,662.833333333333,8.01545281972876,29.3,17.96,29.3,17.03,23.630000000000003,11.34,29.3,17.96,0.45,0.84,0.4,1023.14,14.66,5.0,0.23,partly-cloudy-day,rain,0,6,1,7,195,28,7.61592530995184,8.08402348533651,7.89826820000326,7.550411080018565,7.616959507601254
ACORN-F,2013-07-15,48,659.0625,7.6507798084805,29.2,17.03,29.2,17.14,23.115000000000002,12.169999999999998,29.2,17.03,0.56,0.48,0.46,1022.88,14.87,5.0,0.27,partly-cloudy-day,rain,0,0,0,7,196,29,8.01545281972876,7.63329355684051,7.49425538290855,7.540615270646028,7.607458655013694
ACORN-F,2013-07-16,48,663.416666666667,7.8107811008537,30.28,17.14,30.28,17.5,23.71,13.14,30.28,17.14,0.54,1.24,0.23,1023.84,14.52,6.0,0.3,partly-cloudy-day,rain,0,1,0,7,197,29,7.6507798084805,7.43483515048456,7.46166907321886,7.5431133065945986,7.6110949276094875
ACORN-F,2013-07-17,48,663.020833333333,7.7512306506592,27.56,17.5,27.56,15.62,22.53,10.059999999999999,27.56,17.5,0.6,3.24,0.18,1026.15,14.02,6.0,0.34,partly-cloudy-day,rain,0,2,0,7,198,29,7.8107811008537,7.34678464734851,7.46713624763627,7.5968198709330474,7.621125205149745
ACORN-F,2013-07-18,48,663.979166666667,7.65200597397191,27.27,15.62,27.27,16.34,21.445,11.65,27.27,15.62,0.57,4.26,0.18,1025.17,15.16,6.0,0.38,partly-cloudy-day,rain,0,3,0,7,199,29,7.7512306506592,7.27634992579186,7.46506470029622,7.654597871406003,7.63164255635641
ACORN-F,2013-07-19,48,662.041666666667,7.62980394781831,22.49,16.34,22.49,16.84,19.415,6.149999999999999,22.49,16.34,0.74,4.37,0.51,1023.47,12.42,5.0,0.41,partly-cloudy-day,rain,0,4,0,7,200,29,7.65200597397191,7.46166548437616,7.40457184113994,7.70826302114601,7.628140009879634
ACORN-F,2013-07-20,48,661.729166666667,7.80488556493414,26.03,16.84,26.03,17.21,21.435000000000002,9.190000000000001,26.07,16.84,0.71,3.44,0.51,1019.71,11.64,5.0,0.45,partly-cloudy-day,rain,0,5,1,7,201,29,7.62980394781831,7.61592530995184,7.6717927668527,7.732282801637745,7.62973260904553
ACORN-F,2013-07-21,48,661.75,7.87856607981681,32.16,17.21,32.16,19.29,24.685,14.949999999999996,32.16,17.29,0.63,1.62,0.28,1016.02,11.3,4.0,0.48,partly-cloudy-day,rain,0,6,1,7,202,29,7.80488556493414,8.01545281972876,8.08402348533651,7.759277123778074,7.6285464660496
ACORN-F,2013-07-22,48,661.916666666667,7.71415250380278,27.13,19.29,27.13,15.59,23.21,7.84,28.0,19.64,0.74,1.84,0.37,1013.38,12.1,5.0,0.53,partly-cloudy-day,rain,0,0,0,7,203,30,7.87856607981681,7.6507798084805,7.63329355684051,7.7397218752192245,7.6067289449859254
ACORN-F,2013-07-23,48,663.791666666667,7.77507506075951,26.24,15.59,26.24,16.63,20.915,10.649999999999999,26.24,15.59,0.67,3.59,0.34,1014.24,12.89,6.0,0.57,partly-cloudy-day,rain,0,1,0,7,204,30,7.71415250380278,7.8107811008537,7.43483515048456,7.748775117408122,7.6077465703171
ACORN-F,2013-07-24,48,663.020833333333,7.47813761532101,25.13,16.63,25.13,15.26,20.88,8.5,25.13,16.86,0.74,3.05,0.45,1012.93,12.1,4.0,0.6,partly-cloudy-day,rain,0,2,0,7,205,30,7.77507506075951,7.7512306506592,7.34678464734851,7.743674254537523,7.622840916440322
ACORN-F,2013-07-25,48,662.020833333333,7.64677034004388,26.19,15.26,26.19,14.82,20.725,10.930000000000001,26.19,15.26,0.62,1.6,0.37,1012.42,13.2,4.0,0.64,partly-cloudy-day,rain,0,3,0,7,206,30,7.47813761532101,7.65200597397191,7.27634992579186,7.704660963774925,7.626996412676313
ACORN-F,2013-07-26,48,663.9375,7.43258944284227,27.28,14.82,27.28,15.34,21.05,12.46,27.37,14.82,0.68,0.63,0.26,1006.91,11.96,6.0,0.67,partly-cloudy-day,rain,0,4,0,7,207,30,7.64677034004388,7.62980394781831,7.46166548437616,7.703913016070921,7.631237190169823
ACORN-F,2013-07-27,48,663.020833333333,7.6707647488815,23.14,15.34,23.14,16.48,19.240000000000002,7.800000000000001,23.14,15.34,0.73,5.02,0.44,1006.68,11.72,6.0,0.71,partly-cloudy-day,rain,0,5,1,7,208,30,7.43258944284227,7.80488556493414,7.61592530995184,7.675739515360058,7.624304202049951
ACORN-F,2013-07-28,48,661.833333333333,7.86429565615085,22.36,16.48,22.36,15.77,19.42,5.879999999999999,22.36,16.48,0.75,5.42,0.55,1011.33,12.3,5.0,0.74,partly-cloudy-day,rain,0,6,1,7,209,30,7.6707647488815,7.87856607981681,8.01545281972876,7.656579398781109,7.629522551075001
ACORN-F,2013-07-29,48,660.958333333333,7.57991703878292,20.91,15.64,20.91,16.49,18.275,5.27,21.02,15.7,0.86,3.99,0.49,1013.58,11.12,4.0,0.77,partly-cloudy-day,rain,0,0,0,7,210,31,7.86429565615085,7.71415250380278,7.6507798084805,7.654540766828829,7.628309245937416
ACORN-F,2013-07-30,48,659.958333333333,7.55600128827976,23.56,16.49,23.56,16.98,20.025,7.07,23.77,16.49,0.8,4.47,0.55,1015.34,11.97,4.0,0.8,partly-cloudy-day,rain,0,1,0,7,211,31,7.57991703878292,7.77507506075951,7.8107811008537,7.635364271825992,7.63136859079007
ACORN-F,2013-07-31,48,660.979166666667,7.52238371781965,32.4,16.98,32.4,17.41,24.689999999999998,15.419999999999998,32.42,17.18,0.65,3.68,0.2,1009.49,14.08,5.0,0.83,partly-cloudy-day,rain,0,2,0,7,212,31,7.55600128827976,7.47813761532101,7.7512306506592,7.604068018614599,7.634737598470816
ACORN-F,2013-08-01,48,659.979166666667,7.46659320592689,24.64,17.41,24.64,15.36,21.025,7.23,24.68,17.44,0.71,3.89,0.42,1008.75,12.67,4.0,0.86,partly-cloudy-day,rain,0,3,0,8,213,31,7.52238371781965,7.64677034004388,7.65200597397191,7.6103888904001185,7.636710722405938
ACORN-F,2013-08-02,48,660.458333333333,7.55087146508617,23.17,15.36,23.17,14.79,19.265,7.810000000000002,23.17,15.36,0.71,4.85,0.34,1014.89,12.71,4.0,0.89,partly-cloudy-day,rain,0,4,0,8,214,31,7.46659320592689,7.43258944284227,7.62980394781831,7.584649299811978,7.636765311892748
ACORN-F,2013-08-03,48,659.9375,7.4578953079644,22.98,14.79,22.98,17.05,18.884999999999998,8.190000000000001,22.98,14.79,0.7,4.52,0.43,1019.02,12.67,4.0,0.92,partly-cloudy-day,rain,0,5,1,8,215,31,7.55087146508617,7.6707647488815,7.80488556493414,7.601546731561106,7.641990298462256
ACORN-F,2013-08-04,48,660.0,7.79708484818182,22.72,16.23,22.72,12.23,19.475,6.489999999999998,22.72,16.37,0.76,3.13,0.54,1012.36,12.59,4.0,0.95,partly-cloudy-day,rain,0,6,1,8,216,31,7.4578953079644,7.86429565615085,7.87856607981681,7.571136811430092,7.6343511035019604
ACORN-F,2013-08-05,48,660.0,7.55689848484848,22.11,12.23,22.11,14.97,17.17,9.879999999999999,22.11,12.23,0.68,1.35,0.41,1015.69,13.53,4.0,0.98,partly-cloudy-day,rain,0,0,0,8,217,32,7.79708484818182,7.57991703878292,7.71415250380278,7.5615352674345155,7.62410329503215
ACORN-F,2013-08-06,48,658.875,7.31639614040371,21.49,14.97,21.49,11.83,18.23,6.519999999999998,21.49,14.97,0.64,2.95,0.37,1014.33,13.49,4.0,0.02,partly-cloudy-day,rain,0,1,0,8,218,32,7.55689848484848,7.55600128827976,7.77507506075951,7.558246902586738,7.621374899603863
ACORN-F,2013-08-07,48,656.958333333333,7.23977008427652,23.81,11.83,23.81,15.68,17.82,11.979999999999999,23.81,11.83,0.63,1.47,0.3,1019.26,13.52,6.0,0.05,partly-cloudy-day,rain,0,2,0,8,219,32,7.31639614040371,7.52238371781965,7.47813761532101,7.524017595747303,7.617144934958118
ACORN-F,2013-08-08,48,658.9375,7.26378342169281,23.85,15.68,23.85,14.1,19.765,8.170000000000002,23.85,15.72,0.67,3.0,0.48,1018.82,12.42,5.0,0.08,partly-cloudy-day,rain,0,3,0,8,220,32,7.23977008427652,7.46659320592689,7.64677034004388,7.483644219526856,7.613322986276976
ACORN-F,2013-08-09,48,657.979166666667,7.35684154094249,21.73,14.1,21.73,15.42,17.915,7.630000000000001,21.73,14.1,0.57,2.82,0.49,1021.99,14.42,5.0,0.11,partly-cloudy-day,rain,0,4,0,8,221,32,7.26378342169281,7.55087146508617,7.43258944284227,7.454671393207702,7.612874182559152
ACORN-F,2013-08-10,48,658.9375,7.2630493026625,22.76,15.42,22.76,13.57,19.09,7.340000000000002,22.76,15.42,0.62,3.8,0.45,1018.13,13.97,5.0,0.15,partly-cloudy-day,rain,0,5,1,8,222,32,7.35684154094249,7.4578953079644,7.6707647488815,7.426952832615747,7.609130470293664
ACORN-F,2013-08-11,48,659.0,7.53057359620637,20.39,13.57,20.39,11.46,16.98,6.82,20.39,13.57,0.61,3.6,0.41,1016.89,14.11,4.0,0.18,partly-cloudy-day,rain,0,6,1,8,223,32,7.2630493026625,7.79708484818182,7.86429565615085,7.39911768900119,7.5965277557476165
ACORN-F,2013-08-12,48,659.9375,7.2541296068368,19.8,11.46,19.8,11.04,15.63,8.34,19.8,11.46,0.69,3.63,0.43,1021.59,13.5,4.0,0.22,partly-cloudy-day,rain,0,0,0,8,224,33,7.53057359620637,7.55689848484848,7.57991703878292,7.361044653004697,7.579210640621817
ACORN-F,2013-08-13,48,659.958333333333,7.20588098833379,22.04,11.04,22.04,16.16,16.54,11.0,22.04,11.04,0.78,2.79,0.39,1022.81,12.23,4.0,0.25,partly-cloudy-day,rain,0,1,0,8,225,33,7.2541296068368,7.31639614040371,7.55600128827976,7.317791956145887,7.565044561991684
ACORN-F,2013-08-14,48,658.9375,7.14659615255856,23.46,16.64,23.46,16.98,20.05,6.82,23.46,16.78,0.79,4.44,0.55,1018.77,10.88,4.0,0.29,partly-cloudy-day,rain,0,2,0,8,226,33,7.20588098833379,7.23977008427652,7.52238371781965,7.302004077278754,7.543440986544545
ACORN-F,2013-08-15,48,659.979166666667,7.42085916049018,21.66,16.98,21.66,14.12,19.32,4.68,21.73,16.98,0.84,3.86,0.51,1015.02,11.81,3.0,0.33,partly-cloudy-day,rain,0,3,0,8,227,33,7.14659615255856,7.26378342169281,7.46659320592689,7.28869351560476,7.521846897326664
ACORN-F,2013-08-16,48,658.041666666667,7.36572742500691,20.22,14.12,20.22,15.92,17.169999999999998,6.1,20.22,14.12,0.82,5.13,0.57,1012.65,11.1,3.0,0.37,wind,rain,0,4,0,8,228,33,7.42085916049018,7.35684154094249,7.55087146508617,7.311132906861528,7.513591653988031
ACORN-F,2013-08-17,48,654.854166666667,7.56094403360103,22.42,15.92,22.42,12.68,19.17,6.500000000000002,22.42,15.92,0.73,4.45,0.57,1009.48,12.76,3.0,0.4,partly-cloudy-day,rain,0,5,1,8,229,33,7.36572742500691,7.2630493026625,7.4578953079644,7.31240231887073,7.504160349601911
ACORN-F,2013-08-18,48,656.916666666667,7.86240974383515,22.02,12.68,22.02,12.16,17.35,9.34,22.02,12.68,0.59,3.25,0.27,1019.36,14.13,3.0,0.44,partly-cloudy-day,rain,0,6,1,8,230,33,7.56094403360103,7.53057359620637,7.79708484818182,7.354958709004806,7.4954481520542995
ACORN-F,2013-08-19,48,656.979166666667,7.35118069754613,23.53,12.16,23.53,12.78,17.845,11.370000000000001,23.53,12.16,0.6,1.6,0.37,1027.38,15.13,4.0,0.48,partly-cloudy-day,rain,0,0,0,8,231,34,7.86240974383515,7.2541296068368,7.55689848484848,7.402363872951775,7.494871140054954
ACORN-F,2013-08-20,48,656.75,7.26225616449199,25.57,12.72,25.57,16.54,19.145,12.85,25.57,12.72,0.64,2.36,0.38,1023.87,14.9,4.0,0.52,partly-cloudy-day,rain,0,1,0,8,232,34,7.35118069754613,7.20588098833379,7.31639614040371,7.416228314481679,7.481907861260074
ACORN-F,2013-08-21,48,657.9375,7.30968866899187,21.13,16.54,21.13,16.34,18.835,4.59,21.34,16.81,0.9,1.09,0.36,1019.89,11.3,3.0,0.55,partly-cloudy-day,rain,0,2,0,8,233,34,7.26225616449199,7.14659615255856,7.23977008427652,7.424281911075707,7.463592900679091
ACORN-F,2013-08-22,48,654.75,7.69908206871606,26.03,16.34,26.03,17.13,21.185000000000002,9.690000000000001,26.03,16.49,0.75,3.34,0.11,1014.88,9.96,4.0,0.59,partly-cloudy-day,rain,0,3,0,8,234,34,7.30968866899187,7.42085916049018,7.26378342169281,7.447580841994752,7.457576866881622
ACORN-F,2013-08-23,48,654.020833333333,7.48587803519061,19.51,14.94,18.51,13.18,17.225,4.570000000000002,19.59,14.94,0.9,2.57,0.56,1010.79,5.58,3.0,0.62,fog,rain,0,4,0,8,235,34,7.69908206871606,7.36572742500691,7.35684154094249,7.487326971741306,7.459445142905628
ACORN-F,2013-08-24,48,655.916666666667,7.93392071321278,22.74,13.18,22.74,16.37,17.96,9.559999999999999,22.74,13.18,0.83,2.66,0.5,1012.96,10.07,4.0,0.66,partly-cloudy-day,rain,0,5,1,8,236,34,7.48587803519061,7.56094403360103,7.2630493026625,7.504491344624691,7.461348306918069
ACORN-F,2013-08-25,48,655.9375,7.84321936587949,24.32,16.37,24.32,12.82,20.345,7.949999999999999,24.32,16.37,0.69,2.65,0.38,1018.33,11.27,4.0,0.69,partly-cloudy-day,rain,0,6,1,8,237,34,7.93392071321278,7.86240974383515,7.53057359620637,7.55777372742637,7.470746734215615
ACORN-F,2013-08-26,48,656.0,7.65897560929878,22.78,12.82,22.78,12.45,17.8,9.96,22.78,12.82,0.69,1.89,0.23,1018.6,11.3,4.0,0.72,partly-cloudy-day,rain,1,0,0,8,238,35,7.84321936587949,7.35118069754613,7.2541296068368,7.555032244861276,7.469994009563066
ACORN-F,2013-08-27,48,656.916666666667,7.48202660020441,23.38,12.45,23.38,14.16,17.915,10.93,23.38,12.45,0.69,0.85,0.37,1022.24,11.52,4.0,0.75,partly-cloudy-day,rain,0,1,0,8,239,35,7.65897560929878,7.26225616449199,7.20588098833379,7.599002946540225,7.472817529938633
ACORN-F,2013-08-28,48,657.0,7.38248858401827,23.19,14.16,23.19,15.34,18.675,9.030000000000001,23.19,14.16,0.56,2.75,0.31,1021.8,11.65,4.0,0.78,partly-cloudy-day,rain,0,2,0,8,240,35,7.48202660020441,7.30968866899187,7.14659615255856,7.630398723070572,7.470175576793084
ACORN-F,2013-08-29,48,657.0,7.3153318109589,24.03,15.34,24.03,14.22,19.685000000000002,8.690000000000001,24.03,15.34,0.64,3.91,0.31,1019.63,12.78,3.0,0.81,partly-cloudy-day,rain,0,3,0,8,241,35,7.38248858401827,7.69908206871606,7.42085916049018,7.640798710931485,7.465179322014464
ACORN-F,2013-08-30,48,655.041666666667,7.49934085583813,19.87,14.22,19.87,10.17,17.045,5.65,19.87,14.22,0.6,3.37,0.12,1025.01,13.86,4.0,0.84,partly-cloudy-day,rain,0,4,0,8,242,35,7.3153318109589,7.48587803519061,7.36572742500691,7.585977245537605,7.459777129337035
ACORN-F,2013-08-31,48,655.916666666667,7.5623553992126,21.07,10.17,21.07,11.88,15.620000000000001,10.9,21.07,10.17,0.63,3.36,0.33,1029.46,14.79,3.0,0.87,partly-cloudy-day,rain,0,5,1,8,243,35,7.49934085583813,7.93392071321278,7.56094403360103,7.587900505630109,7.4579367504353185
ACORN-F,2013-09-01,48,654.041666666667,7.82510660865593,24.94,11.88,24.94,14.04,18.41,13.06,24.94,11.88,0.7,3.28,0.33,1027.0,14.03,3.0,0.9,partly-cloudy-day,rain,0,6,1,9,244,35,7.5623553992126,7.84321936587949,7.86240974383515,7.5348197464872255,7.461667467979898
ACORN-F,2013-09-02,48,656.9375,7.56027249879701,23.92,14.04,23.92,14.09,18.98,9.880000000000003,23.92,14.04,0.76,0.5,0.33,1027.04,12.67,3.0,0.93,partly-cloudy-day,rain,0,0,0,9,245,36,7.82510660865593,7.65897560929878,7.35118069754613,7.532232209741003,7.462668245139688
ACORN-F,2013-09-03,48,655.041666666667,7.56585305450777,27.04,14.09,27.04,15.46,20.564999999999998,12.95,27.31,14.09,0.75,1.86,0.1,1021.14,11.2,4.0,0.96,clear-day,rain,0,1,0,9,246,36,7.56027249879701,7.48202660020441,7.26225616449199,7.5181317653836075,7.462788745637849
ACORN-F,2013-09-04,48,655.979166666667,7.60850202598236,28.49,15.46,28.49,15.05,21.975,13.029999999999998,28.59,15.54,0.71,0.78,0.12,1011.32,9.08,4.0,0.99,fog,rain,0,2,0,9,247,36,7.56585305450777,7.38248858401827,7.30968866899187,7.53010697314123,7.471697921141566
ACORN-F,2013-09-05,48,655.0,7.60553087539681,18.32,13.26,17.04,11.39,15.79,5.0600000000000005,18.32,13.26,0.81,1.92,0.39,1008.5,11.17,2.0,0.03,partly-cloudy-day,rain,0,3,0,9,248,36,7.60850202598236,7.3153318109589,7.69908206871606,7.562394607707529,7.484866919059631
ACORN-F,2013-09-06,48,656.770833333333,7.71646303443865,17.7,11.39,17.7,9.13,14.545,6.309999999999999,17.7,11.39,0.75,3.43,0.26,1013.82,12.6,4.0,0.06,partly-cloudy-day,rain,0,4,0,9,249,36,7.60553087539681,7.49934085583813,7.48587803519061,7.603851616912945,7.497072185263346
ACORN-F,2013-09-07,48,656.979166666667,7.7993479144483,16.86,9.13,16.86,9.2,12.995000000000001,7.729999999999999,16.86,9.13,0.8,2.74,0.37,1017.99,12.57,2.0,0.1,partly-cloudy-day,rain,0,5,1,9,250,36,7.71646303443865,7.5623553992126,7.93392071321278,7.634869070998732,7.509915810031066
ACORN-F,2013-09-08,48,656.979166666667,8.13781653164421,10.63,9.2,10.29,9.38,9.915,1.4300000000000015,10.63,8.03,0.88,1.61,0.03,1018.08,10.3,4.0,0.13,clear-day,rain,0,6,1,9,251,36,7.7993479144483,7.82510660865593,7.84321936587949,7.668725144603833,7.529069331880558
ACORN-F,2013-09-09,48,657.895833333333,8.04236350834235,16.65,9.38,16.65,12.47,13.015,7.269999999999998,16.65,7.53,0.77,4.22,0.64,1020.2,11.54,2.0,0.17,partly-cloudy-day,rain,0,0,0,9,252,37,8.13781653164421,7.56027249879701,7.65897560929878,7.713397990745016,7.550756579574767
ACORN-F,2013-09-10,48,656.020833333333,7.94142727118513,16.49,12.47,16.49,12.58,14.48,4.019999999999998,16.49,12.47,0.77,4.01,0.75,1020.96,11.72,2.0,0.21,partly-cloudy-day,rain,0,1,0,9,253,37,8.04236350834235,7.56585305450777,7.48202660020441,7.782268134965778,7.578907790342823
ACORN-F,2013-09-11,48,656.0,8.12990091295732,18.02,12.58,18.02,15.33,15.3,5.4399999999999995,18.02,12.58,0.87,1.24,0.72,1019.29,9.24,2.0,0.24,partly-cloudy-day,rain,0,2,0,9,254,37,7.94142727118513,7.60850202598236,7.38248858401827,7.835921594491116,7.605177300444656
ACORN-F,2013-09-12,48,655.979166666667,7.89389376669266,18.09,14.78,18.09,9.3,16.435,3.3100000000000005,18.3,14.82,0.95,0.97,1.0,1017.09,5.91,2.0,0.28,cloudy,rain,0,3,0,9,255,37,8.12990091295732,7.60553087539681,7.3153318109589,7.9104071497732535,7.640295327601755
ACORN-F,2013-09-13,48,655.916666666667,8.18325405345696,13.85,9.3,13.85,6.72,11.575,4.549999999999999,13.85,7.1,0.89,2.95,0.69,1015.54,9.64,2.0,0.32,partly-cloudy-day,rain,0,4,0,9,256,37,7.89389376669266,7.71646303443865,7.49934085583813,7.951601848529803,7.657189420680415
ACORN-F,2013-09-14,48,657.833333333333,8.63241253384609,15.36,6.72,14.82,8.24,11.04,8.64,15.36,5.13,0.86,4.65,0.41,1010.26,9.93,2.0,0.36,wind,rain,0,5,1,9,257,37,8.18325405345696,7.7993479144483,7.5623553992126,8.018286279818133,7.6863868002679165
ACORN-F,2013-09-15,48,657.020833333333,9.26488764598224,14.08,8.24,14.08,8.19,11.16,5.84,14.08,5.59,0.67,5.55,0.31,1002.85,13.55,2.0,0.39,wind,rain,0,6,1,9,258,37,8.63241253384609,8.13781653164421,7.82510660865593,8.137295511160675,7.724653532419525
ACORN-F,2013-09-16,48,656.854166666667,8.38195626854827,13.7,8.19,13.08,10.77,10.945,5.51,13.7,5.6,0.84,3.33,0.61,1000.28,11.44,2.0,0.43,partly-cloudy-day,rain,0,0,0,9,259,38,9.26488764598224,8.04236350834235,7.56027249879701,8.298305670351821,7.774742028924779
ACORN-F,2013-09-17,48,657.0,8.5046864543379,15.18,10.77,15.18,8.33,12.975,4.41,15.18,10.77,0.78,3.44,0.61,1003.41,11.18,2.0,0.46,partly-cloudy-day,rain,0,1,0,9,260,38,8.38195626854827,7.94142727118513,7.56585305450777,8.34681892180981,7.811555442174856
ACORN-F,2013-09-18,48,657.9375,8.2688869096017,15.84,8.33,15.84,9.84,12.085,7.51,15.86,6.46,0.84,3.76,0.49,1010.33,11.99,2.0,0.49,partly-cloudy-day,rain,0,2,0,9,261,38,8.5046864543379,8.12990091295732,7.60850202598236,8.427284519403063,7.8559279525264945
ACORN-F,2013-09-19,48,657.979166666667,8.55233553934389,18.41,9.84,18.41,10.33,14.125,8.57,18.41,8.16,0.75,2.45,0.51,1017.72,12.5,2.0,0.54,partly-cloudy-day,rain,0,3,0,9,262,38,8.2688869096017,7.89389376669266,7.60553087539681,8.447139661780831,7.890185032548274
ACORN-F,2013-09-20,48,655.979166666667,8.35025520924648,18.18,10.33,18.18,16.43,14.254999999999999,7.85,18.24,10.33,0.87,2.8,0.56,1024.26,10.83,2.0,0.57,partly-cloudy-day,rain,0,4,0,9,263,38,8.55233553934389,8.18325405345696,7.71646303443865,8.54120277215958,7.920658370784983
ACORN-F,2013-09-21,48,654.041666666667,8.44557596388034,18.84,14.25,18.84,13.03,16.545,4.59,18.89,14.25,0.9,1.96,0.69,1027.75,10.57,2.0,0.6,partly-cloudy-day,rain,0,5,1,9,264,38,8.35025520924648,8.63241253384609,7.7993479144483,8.56506008012951,7.951528984144121
ACORN-F,2013-09-22,48,653.666666666667,8.88956823994825,19.64,13.03,19.64,11.53,16.335,6.610000000000001,19.64,13.03,0.89,0.88,0.52,1024.98,9.43,2.0,0.64,fog,rain,0,6,1,9,265,38,8.44557596388034,9.26488764598224,8.13781653164421,8.538369141562976,7.969802385953677
ACORN-F,2013-09-23,48,655.770833333333,8.26322703578531,21.47,11.53,21.47,13.67,16.5,9.94,21.47,11.53,0.89,1.18,0.17,1016.64,4.39,3.0,0.67,fog,rain,0,0,0,9,266,39,8.88956823994825,8.38195626854827,8.04236350834235,8.484752083558119,8.007171988598989
ACORN-F,2013-09-24,48,654.791666666667,7.99932083797456,20.87,13.67,20.87,13.96,17.27,7.200000000000001,20.87,13.67,0.86,0.51,0.36,1011.86,3.75,2.0,0.7,fog,rain,0,1,0,9,267,39,8.26322703578531,8.5046864543379,7.94142727118513,8.467790764591982,8.028752396687795
ACORN-F,2013-09-25,48,654.916666666667,7.97227916583377,18.88,13.12,18.88,10.58,16.0,5.76,18.88,13.12,0.79,3.1,0.51,1016.43,10.07,2.0,0.73,partly-cloudy-day,rain,0,2,0,9,268,39,7.99932083797456,8.2688869096017,8.12990091295732,8.395595676540077,8.047227190893873
ACORN-F,2013-09-26,48,655.854166666667,7.99928494593216,16.99,10.58,16.99,12.43,13.785,6.409999999999998,16.99,10.58,0.8,3.45,0.36,1016.27,13.39,2.0,0.76,partly-cloudy-day,rain,0,3,0,9,269,39,7.97227916583377,8.55233553934389,7.89389376669266,8.353223141716086,8.068291140244424
ACORN-F,2013-09-27,48,655.75,7.92661134428202,18.36,12.43,18.36,13.57,15.395,5.93,18.36,12.43,0.81,4.46,0.17,1009.88,9.78,2.0,0.79,partly-cloudy-day,rain,0,4,0,9,270,39,7.99928494593216,8.35025520924648,8.18325405345696,8.27421591408584,8.092718037922042
ACORN-F,2013-09-28,48,655.729166666667,8.34730027554403,17.36,13.44,17.36,13.44,15.399999999999999,3.92,17.36,13.44,0.79,4.76,0.45,1006.89,12.25,2.0,0.82,partly-cloudy-day,rain,0,5,1,9,271,39,7.92661134428202,8.44557596388034,8.63241253384609,8.213695361948059,8.107977698223609
ACORN-F,2013-09-29,48,656.0,8.77447103719512,18.81,13.21,18.81,11.76,16.009999999999998,5.599999999999998,18.81,13.21,0.79,3.68,0.37,1006.77,12.6,2.0,0.85,partly-cloudy-day,rain,0,6,1,9,272,39,8.34730027554403,8.88956823994825,9.26488764598224,8.199655977900013,8.136011443806874
ACORN-F,2013-09-30,48,652.916666666667,8.21617524267818,17.28,11.76,17.28,13.62,14.52,5.520000000000001,17.28,11.76,0.82,4.02,0.54,1009.02,9.11,2.0,0.88,partly-cloudy-day,rain,0,0,0,9,273,40,8.77447103719512,8.26322703578531,8.38195626854827,8.183213520363854,8.169917316254702
ACORN-F,2013-10-01,48,653.729166666667,8.28659994529142,19.02,13.62,19.02,14.03,16.32,5.4,19.1,13.62,0.87,3.51,0.59,1010.58,7.87,2.0,0.91,fog,rain,0,1,0,10,274,40,8.21617524267818,7.99932083797456,8.5046864543379,8.176491835634263,8.19334241425046
ACORN-F,2013-10-02,48,653.875,8.09403662627953,18.45,14.03,18.45,16.62,16.24,4.42,18.68,14.03,0.93,3.37,0.43,1008.9,7.03,2.0,0.94,partly-cloudy-day,rain,0,2,0,10,275,40,8.28659994529142,7.97227916583377,8.2688869096017,8.2175317081081,8.21908337463559
ACORN-F,2013-10-03,48,654.0,8.25791437247706,20.82,15.23,20.82,13.67,18.025,5.59,20.84,15.23,0.87,4.04,0.62,1009.01,11.68,1.0,0.98,partly-cloudy-day,rain,0,3,0,10,276,40,8.09403662627953,7.99928494593216,8.55233553934389,8.234925631028924,8.236423896074774
ACORN-F,2013-10-04,48,652.791666666667,8.07466250801175,17.94,13.67,17.94,8.76,15.805,4.270000000000001,17.94,13.67,0.87,1.58,0.49,1019.72,11.91,1.0,0.01,partly-cloudy-day,rain,0,4,0,10,277,40,8.25791437247706,7.92661134428202,8.35025520924648,8.271872691963909,8.259723306684782
ACORN-F,2013-10-05,48,652.020833333333,8.40566872987881,19.19,8.76,19.19,10.37,13.975000000000001,10.430000000000001,19.19,8.76,0.82,1.53,0.41,1025.61,11.14,1.0,0.05,partly-cloudy-day,rain,0,5,1,10,278,40,8.07466250801175,8.34730027554403,8.44557596388034,8.293022858211012,8.27251614502668
ACORN-F,2013-10-06,48,652.979166666667,8.61809460628999,18.57,10.37,18.57,13.36,14.469999999999999,8.200000000000001,18.57,10.37,0.87,2.43,0.47,1025.51,8.71,1.0,0.08,fog,rain,0,6,1,10,279,40,8.40566872987881,8.77447103719512,8.88956823994825,8.301361208830267,8.294170459863482
ACORN-F,2013-10-07,48,653.8125,8.31680907858688,19.62,13.36,19.62,13.51,16.490000000000002,6.260000000000002,19.62,13.36,0.85,3.13,0.55,1024.75,10.3,1.0,0.12,partly-cloudy-day,rain,0,0,0,10,280,41,8.61809460628999,8.21617524267818,8.26322703578531,8.279021718700962,8.31132324824369
ACORN-F,2013-10-08,48,653.958333333333,8.11767824697191,16.48,9.04,16.48,7.6,12.76,7.440000000000001,16.48,6.37,0.76,3.89,0.55,1019.97,12.46,1.0,0.16,partly-cloudy-day,rain,0,1,0,10,281,41,8.31680907858688,8.28659994529142,7.99932083797456,8.293397980973635,8.321124875752421
ACORN-F,2013-10-09,48,653.979166666667,8.15376346368092,11.82,7.6,11.82,8.66,9.71,4.220000000000001,11.82,4.19,0.68,6.07,0.45,1018.36,12.41,1.0,0.19,partly-cloudy-day,rain,0,2,0,10,282,41,8.11767824697191,8.09403662627953,7.97227916583377,8.269266309785133,8.327419553459093
ACORN-F,2013-10-10,48,653.979166666667,8.56288996852658,13.16,8.66,13.16,9.39,10.91,4.5,13.16,5.62,0.86,5.86,0.77,1017.55,10.25,1.0,0.23,wind,rain,0,3,0,10,283,41,8.15376346368092,8.25791437247706,7.99928494593216,8.277798715128188,8.328271787413508
ACORN-F,2013-10-11,48,652.9375,9.03480658463282,14.17,8.46,14.17,8.46,11.315000000000001,5.709999999999999,14.17,7.6,0.83,2.36,0.43,1018.13,10.62,1.0,0.27,partly-cloudy-day,rain,0,4,0,10,284,41,8.56288996852658,8.07466250801175,7.92661134428202,8.321366657420977,8.352164508907576
ACORN-F,2013-10-12,48,653.0,8.78471363062787,11.47,8.87,11.47,8.62,10.17,2.6000000000000014,11.47,6.46,0.92,3.78,0.58,1010.8,9.38,1.0,0.31,partly-cloudy-day,rain,0,5,1,10,285,41,9.03480658463282,8.40566872987881,8.34730027554403,8.458530096938274,8.382577099306713
ACORN-F,2013-10-13,48,653.958333333333,10.1043204771389,11.34,8.62,11.34,8.75,9.98,2.7200000000000006,11.34,6.28,0.91,3.71,0.66,1007.43,9.69,1.0,0.34,partly-cloudy-day,rain,0,6,1,10,286,41,8.78471363062787,8.61809460628999,8.77447103719512,8.512679368473853,8.388016424191777
ACORN-F,2013-10-14,48,651.770833333333,9.08863038596068,12.58,8.75,12.58,6.76,10.665,3.83,12.58,6.51,0.88,2.97,0.45,1010.38,9.27,1.0,0.38,fog,rain,0,0,0,10,287,42,10.1043204771389,8.31680907858688,8.21617524267818,8.724997350023697,8.417996168161658
ACORN-F,2013-10-15,48,652.0,8.86288496993865,14.87,6.76,14.87,11.82,10.815,8.11,14.87,6.42,0.91,1.84,0.44,1010.46,7.15,1.0,0.42,fog,rain,0,1,0,10,288,42,9.08863038596068,8.11767824697191,8.28659994529142,8.835257536791383,8.443234529497817
ACORN-F,2013-10-16,48,650.8125,9.1496482405181,17.29,11.82,17.29,10.5,14.555,5.469999999999999,17.29,11.82,0.84,4.15,0.26,1013.27,12.36,1.0,0.45,partly-cloudy-day,rain,0,2,0,10,289,42,8.86288496993865,8.15376346368092,8.09403662627953,8.941715640072346,8.456027333626414
ACORN-F,2013-10-17,48,650.0,8.67637545323639,17.16,10.5,17.16,13.21,13.83,6.66,17.16,10.5,0.91,2.76,0.49,1014.16,8.75,1.0,0.48,partly-cloudy-day,rain,0,3,0,10,290,42,9.1496482405181,8.56288996852658,8.25791437247706,9.083984893906228,8.487483095444857
ACORN-F,2013-10-18,48,650.979166666667,8.63492121804325,17.52,13.21,17.52,13.18,15.365,4.309999999999999,17.52,13.21,0.91,3.06,0.52,1005.58,11.31,1.0,0.52,partly-cloudy-day,rain,0,4,0,10,291,42,8.67637545323639,9.03480658463282,8.07466250801175,9.10019710600763,8.49191309236959
ACORN-F,2013-10-19,48,649.958333333333,8.85600255687333,17.04,12.16,17.04,12.16,14.6,4.879999999999999,17.04,12.16,0.89,4.29,0.42,1005.32,11.57,1.0,0.55,partly-cloudy-day,rain,0,5,1,10,292,42,8.63492121804325,8.78471363062787,8.40566872987881,9.043070625066262,8.502079735540901
ACORN-F,2013-10-20,48,650.0,9.58646307784615,17.53,13.26,17.53,16.32,15.395,4.270000000000001,17.53,13.26,0.87,4.81,0.53,1005.88,11.25,1.0,0.58,partly-cloudy-day,rain,0,6,1,10,293,42,8.85600255687333,10.1043204771389,8.61809460628999,9.053254757387043,8.516737828147795
ACORN-F,2013-10-21,48,649.979166666667,8.6733335828733,18.03,13.79,18.03,13.79,15.91,4.240000000000002,18.04,13.79,0.86,4.84,0.44,997.55,11.67,1.0,0.61,partly-cloudy-day,rain,0,0,0,10,294,43,9.58646307784615,9.08863038596068,8.31680907858688,8.97927512891665,8.541626929501291
ACORN-F,2013-10-22,48,651.854166666667,8.53006787229642,16.53,9.99,16.53,6.83,13.260000000000002,6.540000000000001,16.53,8.92,0.8,5.29,0.34,998.6,12.42,1.0,0.65,wind,rain,0,1,0,10,295,43,8.6733335828733,8.86288496993865,8.11767824697191,8.919947014189882,8.556273591897291
ACORN-F,2013-10-23,48,650.0,8.45929916965714,16.91,6.83,16.91,13.14,11.870000000000001,10.08,16.91,6.83,0.86,2.1,0.36,1013.45,12.05,1.0,0.68,partly-cloudy-day,rain,0,2,0,10,296,43,8.53006787229642,9.1496482405181,8.15376346368092,8.872401714526706,8.575228843123071
ACORN-F,2013-10-24,48,650.0,8.505126152,18.47,13.16,18.47,14.39,15.815,5.309999999999999,18.47,13.16,0.86,4.14,0.47,1005.16,10.91,1.0,0.7,partly-cloudy-day,rain,0,3,0,10,297,43,8.45929916965714,8.67637545323639,8.56288996852658,8.773780418689425,8.592622414688192
ACORN-F,2013-10-25,48,648.666666666667,8.4162841541815,16.66,14.34,16.66,11.66,15.5,2.3200000000000003,16.66,14.34,0.85,6.35,0.49,1004.52,11.31,1.0,0.73,wind,rain,0,4,0,10,298,43,8.505126152,8.63492121804325,9.03480658463282,8.749316232798513,8.610688172047757
ACORN-F,2013-10-26,48,649.0,8.76753312758089,15.87,11.66,15.87,11.7,13.765,4.209999999999999,15.87,11.66,0.81,7.05,0.32,996.66,11.18,1.0,0.76,wind,rain,0,5,1,10,299,43,8.4162841541815,8.85600255687333,8.78471363062787,8.718082366532547,8.628176486687025
ACORN-F,2013-10-27,48,650.958333333333,9.51663070774037,15.965,10.33,14.92,9.684999999999999,13.1475,5.634999999999999,15.974999999999998,9.12,0.81,7.365,0.405,994.5799999999999,11.19,1.0,0.78,wind,rain,0,6,1,10,300,43,8.76753312758089,9.58646307784615,10.1043204771389,8.705443876633629,8.643184802831199
ACORN-F,2013-10-28,48,650.833333333333,9.0346545717235,16.06,9.0,13.97,7.67,12.53,7.059999999999999,16.08,6.58,0.81,7.68,0.49,992.5,11.2,1.0,0.8,wind,rain,0,0,0,10,301,44,9.51663070774037,8.6733335828733,9.08863038596068,8.695467823761375,8.66969050535067
ACORN-F,2013-10-29,48,649.854166666667,9.05182596008966,12.38,6.86,12.38,4.47,9.620000000000001,5.5200000000000005,12.38,4.43,0.77,4.77,0.25,1010.58,13.66,1.0,0.83,partly-cloudy-day,rain,0,1,0,10,302,44,9.0346545717235,8.53006787229642,8.86288496993865,8.747085107882834,8.698921909959433
ACORN-F,2013-10-30,48,650.354166666667,9.0704300373026,13.57,4.47,13.57,12.03,9.02,9.100000000000001,13.57,2.27,0.8,3.67,0.33,1020.1,13.36,1.0,0.86,partly-cloudy-day,rain,0,2,0,10,303,44,9.05182596008966,8.45929916965714,9.1496482405181,8.82162197756758,8.726251410487942
ACORN-F,2013-10-31,48,650.9375,9.20102899000615,13.11,11.61,12.59,11.48,12.36,1.5,13.11,11.61,0.89,4.42,0.74,1016.56,11.36,1.0,0.89,partly-cloudy-day,rain,0,3,0,10,304,44,9.0704300373026,8.505126152,8.67637545323639,8.908926387231217,8.761122603738766
ACORN-F,2013-11-01,48,650.4375,9.03970715873733,13.97,11.48,13.97,10.47,12.725000000000001,2.49,13.97,11.48,0.89,2.95,0.55,1008.97,11.57,1.0,0.93,partly-cloudy-day,rain,0,4,0,11,305,44,9.20102899000615,8.4162841541815,8.63492121804325,9.008341078374952,8.794805268650517
ACORN-F,2013-11-02,48,651.875,9.21582401283344,15.08,10.27,15.08,7.56,12.675,4.8100000000000005,15.08,10.27,0.82,4.55,0.43,998.6,9.46,1.0,0.96,wind,rain,0,5,1,11,306,44,9.03970715873733,8.76753312758089,8.85600255687333,9.097401507597215,8.829271149033575
ACORN-F,2013-11-03,48,651.958333333333,10.0304276708221,11.43,7.56,11.43,6.04,9.495,3.87,11.43,3.89,0.74,5.3,0.22,998.64,11.99,1.0,0.0,wind,rain,0,6,1,11,307,44,9.21582401283344,9.51663070774037,9.58646307784615,9.161443062633294,8.858205266281955
ACORN-F,2013-11-04,48,649.583333333333,9.38665247482989,9.98,4.78,9.98,4.41,7.380000000000001,5.2,8.24,2.11,0.82,2.94,0.29,991.64,11.14,1.0,0.03,partly-cloudy-day,rain,0,0,0,11,308,45,10.0304276708221,9.0346545717235,8.6733335828733,9.234842628787826,8.908645732872387
ACORN-F,2013-11-05,48,650.625,9.58076248934427,12.39,4.41,12.39,9.31,8.4,7.98,12.39,2.98,0.83,3.96,0.56,994.74,12.1,1.0,0.07,partly-cloudy-day,rain,0,1,0,11,309,45,9.38665247482989,9.05182596008966,8.53006787229642,9.28512804351731,8.946854425595351
ACORN-F,2013-11-06,48,649.041666666667,9.63403848926104,14.87,9.31,14.79,9.31,12.09,5.559999999999999,14.87,6.77,0.88,4.86,0.62,999.46,10.19,1.0,0.11,wind,rain,0,2,0,11,310,45,9.58076248934427,9.0704300373026,8.45929916965714,9.360690404839398,8.999107434251508
ACORN-F,2013-11-07,48,647.916666666667,9.20968954886936,14.7,7.37,11.0,5.29,11.035,7.329999999999999,14.7,6.25,0.83,2.89,0.66,1006.38,13.9,1.0,0.14,partly-cloudy-day,rain,0,3,0,11,311,45,9.63403848926104,9.20102899000615,8.505126152,9.441205897976317,9.051974399450797
ACORN-F,2013-11-08,48,647.958333333333,9.55909539663618,11.0,5.29,11.0,3.28,8.145,5.71,11.0,2.54,0.9,2.0,0.5,1005.53,12.1,1.0,0.18,partly-cloudy-day,rain,0,4,0,11,312,45,9.20968954886936,9.03970715873733,8.4162841541815,9.442443120671062,9.07507438446304
ACORN-F,2013-11-09,48,647.708333333333,10.44687031379,7.06,3.28,7.06,4.79,5.17,3.78,7.04,1.24,0.9,1.9,0.41,1006.05,11.43,1.0,0.22,partly-cloudy-day,rain,0,5,1,11,313,45,9.55909539663618,9.21582401283344,8.76753312758089,9.516641440370895,9.09379898489173
ACORN-F,2013-11-10,48,649.291666666667,10.7672439210585,9.22,2.58,9.22,2.53,5.9,6.640000000000001,7.3,0.71,0.79,2.61,0.18,1015.79,12.68,1.0,0.26,partly-cloudy-day,rain,0,6,1,11,314,45,10.44687031379,10.0304276708221,9.51663070774037,9.692505197650405,9.153161723576092
ACORN-F,2013-11-11,48,647.041666666667,9.90868229492088,12.63,2.53,12.11,9.79,7.58,10.100000000000001,12.63,1.21,0.91,3.65,0.65,1022.52,7.81,1.0,0.29,cloudy,rain,0,0,0,11,315,46,10.7672439210585,9.38665247482989,9.0346545717235,9.797764661969891,9.176837560858937
ACORN-F,2013-11-12,48,646.583333333333,9.51300437889554,13.11,6.08,12.36,2.11,9.594999999999999,7.029999999999999,13.11,4.61,0.85,2.26,0.56,1026.13,9.91,1.0,0.33,partly-cloudy-day,rain,0,1,0,11,316,46,9.90868229492088,9.58076248934427,9.05182596008966,9.87234035055432,9.206125129036085
ACORN-F,2013-11-13,48,646.833333333333,9.67727229245984,9.94,2.11,9.94,6.54,6.0249999999999995,7.83,9.09,0.39,0.82,2.3,0.45,1032.0,12.99,1.0,0.37,partly-cloudy-day,rain,0,2,0,11,317,46,9.51300437889554,9.63403848926104,9.0704300373026,9.862660620490216,9.229343679355974
ACORN-F,2013-11-14,48,645.833333333333,9.83325878956686,9.62,5.18,9.62,4.65,7.3999999999999995,4.4399999999999995,6.61,2.32,0.74,4.6,0.32,1023.75,13.18,1.0,0.4,partly-cloudy-day,rain,0,3,0,11,318,46,9.67727229245984,9.20968954886936,9.20102899000615,9.868836878090042,9.248187395496752
ACORN-F,2013-11-15,48,645.9375,9.90492483717018,9.25,3.33,9.25,1.38,6.29,5.92,7.41,1.74,0.72,2.57,0.27,1032.71,13.12,1.0,0.43,partly-cloudy-day,rain,0,4,0,11,319,46,9.83325878956686,9.55909539663618,9.03970715873733,9.957918198189686,9.289504657508553
ACORN-F,2013-11-16,48,645.020833333333,10.3930872920222,9.14,1.38,9.14,7.59,5.26,7.760000000000001,8.36,-0.1,0.87,1.4,0.35,1031.84,9.66,1.0,0.47,partly-cloudy-day,rain,0,5,1,11,320,46,9.90492483717018,10.44687031379,9.21582401283344,10.007322403980258,9.33486192962023
ACORN-F,2013-11-17,48,645.0,10.8196248015504,9.57,8.28,9.57,8.08,8.925,1.290000000000001,9.57,7.78,0.87,0.87,1.0,1024.24,6.41,1.0,0.5,fog,rain,0,6,1,11,321,46,10.3930872920222,10.7672439210585,10.0304276708221,9.999639115156285,9.389757813018404
ACORN-F,2013-11-18,48,645.708333333333,9.90375140479616,9.3,7.37,9.3,2.19,8.335,1.9300000000000006,8.54,5.02,0.92,1.77,0.98,1010.92,5.39,1.0,0.53,fog,rain,0,0,0,11,322,47,10.8196248015504,9.90868229492088,9.38665247482989,10.0071220980837,9.433799303150696
ACORN-F,2013-11-19,48,645.895833333333,10.0960728469868,6.78,0.6,5.73,-1.27,3.69,6.180000000000001,4.33,-2.23,0.74,3.57,0.19,1013.76,13.5,1.0,0.56,partly-cloudy-day,rain,0,1,0,11,323,47,9.90375140479616,9.51300437889554,9.58076248934427,10.00641768520874,9.477742796790801
ACORN-F,2013-11-20,48,644.020833333333,10.6209550301958,6.38,-1.27,6.38,3.12,2.5549999999999997,7.65,3.21,-4.81,0.85,3.41,0.52,1003.95,12.18,1.0,0.59,partly-cloudy-day,rain,0,2,0,11,324,47,10.0960728469868,9.67727229245984,9.63403848926104,10.08971318065035,9.533671545886886
ACORN-F,2013-11-21,48,645.541666666667,10.5062833818137,7.91,3.12,7.91,3.52,5.515000000000001,4.79,4.39,-0.77,0.78,4.83,0.48,1004.26,11.96,1.0,0.62,partly-cloudy-day,rain,0,3,0,11,325,47,10.6209550301958,9.83325878956686,9.20968954886936,10.224525000326915,9.610873540906123
ACORN-F,2013-11-22,48,645.895833333333,10.4918878585735,7.89,3.52,7.89,3.41,5.705,4.369999999999999,4.74,0.0,0.76,4.31,0.27,1017.66,12.36,1.0,0.65,partly-cloudy-day,rain,0,4,0,11,326,47,10.5062833818137,9.90492483717018,9.55909539663618,10.32067137064789,9.682343441970897
ACORN-F,2013-11-23,48,642.083333333333,10.7664642723055,7.41,3.41,7.41,6.14,5.41,4.0,4.72,0.61,0.82,3.37,0.46,1024.21,11.2,1.0,0.68,partly-cloudy-day,rain,0,5,1,11,327,47,10.4918878585735,10.3930872920222,10.44687031379,10.404523230848367,9.756472145699183
ACORN-F,2013-11-24,48,640.666666666667,11.2677422627377,8.02,5.06,8.02,4.54,6.539999999999999,2.96,5.55,2.69,0.78,3.55,0.77,1030.42,11.78,1.0,0.71,partly-cloudy-day,rain,0,6,1,11,328,47,10.7664642723055,10.8196248015504,10.7672439210585,10.457862799460267,9.827862543725063
ACORN-F,2013-11-25,48,640.8125,10.4447671035019,7.29,4.54,7.29,2.98,5.915,2.75,4.63,1.89,0.77,3.33,0.73,1037.52,12.17,1.0,0.74,partly-cloudy-day,rain,0,0,0,11,329,48,11.2677422627377,9.90375140479616,9.90868229492088,10.52187957962988,9.890402242117826
ACORN-F,2013-11-26,48,641.979166666667,10.4105117344881,7.23,2.93,7.23,5.78,5.08,4.300000000000001,5.77,1.08,0.72,2.17,0.47,1038.71,12.63,1.0,0.77,partly-cloudy-night,rain,0,1,0,11,330,48,10.4447671035019,10.0960728469868,9.51300437889554,10.599167536587844,9.940763403967052
ACORN-F,2013-11-27,48,641.979166666667,10.0808040884563,10.32,5.78,10.32,8.58,8.05,4.54,10.32,4.12,0.89,1.35,0.88,1033.95,6.76,1.0,0.81,partly-cloudy-day,rain,0,2,0,11,331,48,10.4105117344881,10.6209550301958,9.67727229245984,10.644087377659458,9.989287895909856
ACORN-F,2013-11-28,48,639.729166666667,9.83734493646168,9.9,8.08,9.9,8.04,8.99,1.8200000000000003,9.38,7.97,0.87,1.23,0.96,1034.64,6.34,0.0,0.84,cloudy,rain,0,3,0,11,332,48,10.0808040884563,10.5062833818137,9.83325878956686,10.566922957410956,10.025372683451057
ACORN-F,2013-11-29,48,640.604166666667,9.94198937453469,10.18,6.56,10.18,6.21,8.37,3.62,10.18,2.99,0.77,4.4,0.62,1026.65,11.02,1.0,0.87,partly-cloudy-day,rain,0,4,0,11,333,48,9.83734493646168,10.4918878585735,9.90492483717018,10.471360322360669,10.048098252967327
ACORN-F,2013-11-30,48,640.875,10.4573910045247,8.38,3.53,8.38,2.43,5.955,4.850000000000001,6.01,2.19,0.73,3.68,0.5,1027.3,12.46,1.0,0.91,partly-cloudy-day,rain,0,5,1,11,334,48,9.94198937453469,10.7664642723055,10.3930872920222,10.39280339606941,10.080322617817231
ACORN-F,2013-12-01,48,641.854166666667,11.3079214027734,9.42,2.43,9.42,7.26,5.925,6.99,8.59,0.21,0.83,1.02,0.55,1032.9,11.59,1.0,0.94,partly-cloudy-day,rain,0,6,1,12,335,48,10.4573910045247,11.2677422627377,10.8196248015504,10.348650072100725,10.12466429609192
ACORN-F,2013-12-02,48,639.833333333333,10.1708208087183,9.42,6.59,9.42,6.34,8.004999999999999,2.83,8.79,6.24,0.79,1.36,0.86,1033.95,10.7,0.0,0.98,partly-cloudy-day,rain,0,0,0,12,336,49,11.3079214027734,10.4447671035019,9.90375140479616,10.354389949248683,10.170289072233038
ACORN-F,2013-12-03,48,639.9375,10.3053000328255,7.22,3.66,6.44,3.66,5.4399999999999995,3.5599999999999996,7.22,1.58,0.72,0.96,0.97,1029.5,11.99,0.0,0.02,cloudy,rain,0,1,0,12,337,49,10.1708208087183,10.4105117344881,10.0960728469868,10.315254764279597,10.198295084157623
ACORN-F,2013-12-04,48,638.041666666667,10.250974562499,8.91,2.35,8.91,1.08,5.63,6.5600000000000005,6.66,-0.58,0.77,2.87,0.56,1029.19,12.25,1.0,0.06,partly-cloudy-day,rain,0,2,0,12,338,49,10.3053000328255,10.0808040884563,10.6209550301958,10.30022452118494,10.224171424996241
ACORN-F,2013-12-05,48,637.729166666667,10.7400919103044,10.29,1.08,10.29,2.73,5.685,9.209999999999999,10.29,-2.54,0.73,6.12,0.44,1023.72,13.37,1.0,0.09,wind,rain,0,3,0,12,339,49,10.250974562499,9.83734493646168,10.5062833818137,10.324534588905324,10.24620485618331
ACORN-F,2013-12-06,48,637.0,10.5998908285711,7.85,2.73,7.85,6.55,5.29,5.119999999999999,5.72,-1.27,0.7,3.92,0.38,1027.65,12.67,1.0,0.13,partly-cloudy-day,rain,0,4,0,12,340,49,10.7400919103044,9.94198937453469,10.4918878585735,10.453498442311428,10.30086208337742
ACORN-F,2013-12-07,48,638.208333333333,10.8133355025907,8.72,6.55,8.72,5.09,7.635,2.170000000000001,6.32,4.02,0.85,3.71,0.47,1026.6,11.78,1.0,0.17,partly-cloudy-day,rain,0,5,1,12,341,49,10.5998908285711,10.4573910045247,10.7664642723055,10.54748436431663,10.338033348803664
ACORN-F,2013-12-08,48,638.895833333333,10.9160275026607,11.24,5.09,11.24,6.01,8.165,6.15,11.24,2.53,0.83,4.56,0.35,1025.35,12.87,1.0,0.2,partly-cloudy-day,rain,0,6,1,12,342,49,10.8133355025907,11.3079214027734,11.2677422627377,10.598333578326057,10.351121391260833
ACORN-F,2013-12-09,48,638.5,9.92317836886268,11.01,5.06,11.01,2.06,8.035,5.95,11.01,3.17,0.89,2.69,0.32,1028.84,10.73,1.0,0.24,partly-cloudy-day,rain,0,0,0,12,343,50,10.9160275026607,10.1708208087183,10.4447671035019,10.542348735452814,10.35643509060377
ACORN-F,2013-12-10,48,638.0,10.246222569906,9.03,2.06,9.03,2.06,5.545,6.969999999999999,7.65,2.06,0.91,1.35,0.23,1031.32,4.49,1.0,0.28,fog,rain,0,1,0,12,344,50,9.92317836886268,10.3053000328255,10.4105117344881,10.506971244044868,10.356952807530263
ACORN-F,2013-12-11,48,636.229166666667,10.3700716768965,6.4,2.06,6.4,1.52,4.23,4.34,6.34,0.46,0.93,1.45,0.03,1029.46,3.48,1.0,0.31,fog,rain,0,2,0,12,345,50,10.246222569906,10.250974562499,10.0808040884563,10.49853160648494,10.38313917149492
ACORN-F,2013-12-12,48,635.3125,10.414169055627,8.98,1.52,8.98,7.23,5.25,7.460000000000001,7.28,-0.88,0.94,2.28,0.16,1024.86,3.14,1.0,0.35,fog,rain,0,3,0,12,346,50,10.3700716768965,10.7400919103044,9.83734493646168,10.515545479970298,10.407882006653375
ACORN-F,2013-12-13,48,636.916666666667,10.2390922061565,11.73,8.15,11.73,3.79,9.940000000000001,3.58,11.73,5.42,0.85,3.44,0.51,1019.67,9.45,1.0,0.38,partly-cloudy-day,rain,0,4,0,12,347,50,10.414169055627,10.5998908285711,9.94198937453469,10.46898507215924,10.428628801869808
ACORN-F,2013-12-14,48,637.979166666667,10.6923407034748,11.33,3.79,11.33,8.11,7.5600000000000005,7.54,11.33,1.16,0.81,5.45,0.35,1022.45,12.73,1.0,0.41,wind,rain,0,5,1,12,348,50,10.2390922061565,10.8133355025907,10.4573910045247,10.417442411814296,10.440563350762176
ACORN-F,2013-12-15,48,636.770833333333,11.1984335601007,12.54,8.11,12.44,11.64,10.325,4.43,12.54,6.2,0.91,6.12,0.68,1019.25,9.14,0.0,0.44,wind,rain,0,6,1,12,349,50,10.6923407034748,10.9160275026607,11.3079214027734,10.400157440512023,10.451250972599768
ACORN-F,2013-12-16,48,636.895833333333,10.1965761747443,12.89,7.95,12.89,4.61,10.42,4.94,12.89,6.56,0.89,5.57,0.88,1016.66,10.36,0.0,0.47,wind,rain,0,0,0,12,350,51,11.1984335601007,9.92317836886268,10.1708208087183,10.440501163003452,10.46477985683371
ACORN-F,2013-12-17,48,637.9375,10.2962558414246,7.4,4.61,6.48,5.01,6.005000000000001,2.79,7.08,2.72,0.9,1.29,0.6,1021.59,9.61,0.0,0.51,fog,rain,0,1,0,12,351,51,10.1965761747443,10.246222569906,10.3053000328255,10.479557992415113,10.475237884331856
ACORN-F,2013-12-18,48,636.6875,10.2345988205874,10.29,5.01,10.27,5.14,7.6499999999999995,5.279999999999999,10.29,2.42,0.88,5.85,0.64,1007.83,9.7,0.0,0.54,wind,rain,0,2,0,12,352,51,10.2962558414246,10.3700716768965,10.250974562499,10.486705602632057,10.48238727699035
ACORN-F,2013-12-19,48,636.166666666667,10.421086865776,9.7,3.68,8.19,2.63,6.6899999999999995,6.02,7.07,0.55,0.78,3.99,0.36,1002.06,13.89,1.0,0.57,partly-cloudy-day,rain,0,3,0,12,353,51,10.2345988205874,10.414169055627,10.7400919103044,10.467352337445044,10.468588840932906
ACORN-F,2013-12-20,48,637.958333333333,10.3723985194153,10.42,2.63,9.69,9.41,6.525,7.79,10.42,-0.66,0.79,5.52,0.36,1018.73,13.82,1.0,0.6,wind,rain,0,4,0,12,354,51,10.421086865776,10.2390922061565,10.5998908285711,10.468340596037757,10.465546108217273
ACORN-F,2013-12-21,48,637.0,11.0554901870959,11.95,9.41,11.95,7.96,10.68,2.539999999999999,11.95,5.58,0.86,8.91,0.86,1012.62,9.66,0.0,0.63,wind,rain,0,5,1,12,355,51,10.3723985194153,10.6923407034748,10.8133355025907,10.487384355074727,10.461278631818766
ACORN-F,2013-12-22,48,637.895833333333,11.0808846730789,10.07,4.81,10.07,4.81,7.4399999999999995,5.260000000000001,10.07,1.58,0.73,5.66,0.25,1009.77,12.68,1.0,0.66,partly-cloudy-day,rain,0,6,1,12,356,51,11.0554901870959,11.1984335601007,10.9160275026607,10.539262852734888,10.471600985918425
ACORN-F,2013-12-23,48,637.895833333333,10.9368116238653,11.95,5.14,11.33,8.23,8.545,6.81,11.95,2.07,0.84,8.48,0.58,998.59,9.98,0.0,0.69,wind,rain,0,0,0,12,357,52,11.0808846730789,10.1965761747443,9.92317836886268,10.522470154588914,10.464927500573465
ACORN-F,2013-12-24,48,637.458333333333,10.8549700316919,11.93,5.43,9.07,3.93,8.68,6.5,11.93,2.68,0.81,6.67,0.4,979.52,10.86,1.0,0.72,partly-cloudy-day,rain,0,1,0,12,358,52,10.9368116238653,10.2962558414246,10.246222569906,10.628218075891914,10.482500519157872
ACORN-F,2013-12-25,48,637.020833333333,11.3158551636531,7.19,3.74,7.19,2.87,5.465,3.45,4.98,0.23,0.85,2.47,0.03,984.66,12.36,1.0,0.75,clear-day,rain,1,2,0,12,359,52,10.8549700316919,10.2345988205874,10.3700716768965,10.708034388787244,10.498374029772293
ACORN-F,2013-12-26,48,637.916666666667,10.3007867026744,7.64,2.87,4.29,4.29,5.255,4.77,4.53,-0.06,0.92,2.27,0.49,995.06,9.8,0.0,0.78,wind,rain,1,3,0,12,360,52,11.3158551636531,10.421086865776,10.414169055627,10.862499580653772,10.54248299674361
ACORN-F,2013-12-27,48,637.020833333333,10.7411485372374,10.99,7.47,10.41,4.27,9.23,3.5200000000000005,10.99,3.68,0.75,7.86,0.37,986.81,11.43,1.0,0.82,wind,rain,0,4,0,12,361,52,10.3007867026744,10.3723985194153,10.2390922061565,10.84531384306783,10.559034488394063
ACORN-F,2013-12-28,48,637.979166666667,10.3958771327662,7.81,2.86,7.81,0.72,5.335,4.949999999999999,5.34,0.77,0.77,3.17,0.11,997.47,13.45,1.0,0.85,partly-cloudy-day,rain,0,5,1,12,362,52,10.7411485372374,11.0554901870959,10.6923407034748,10.897992417042415,10.587575887062018
ACORN-F,2013-12-29,48,636.9375,10.9962327902707,7.56,0.72,7.15,5.23,4.14,6.84,4.44,-2.77,0.84,3.07,0.12,1014.89,14.08,1.0,0.89,partly-cloudy-night,rain,0,6,1,12,363,52,10.3958771327662,11.0808846730789,11.1984335601007,10.803761980709599,10.585378963070642
ACORN-F,2013-12-30,48,637.0,10.9931459992151,10.22,6.4,10.22,6.4,8.31,3.8200000000000003,10.22,4.21,0.83,6.58,0.55,1010.88,11.35,0.0,0.93,wind,rain,0,0,0,12,364,1,10.9962327902707,10.9368116238653,10.1965761747443,10.79166885459414,10.574247226909833
ACORN-F,2013-12-31,48,636.979166666667,10.9146832247482,10.36,5.77,10.36,5.77,8.065,4.59,10.36,2.79,0.85,4.72,0.59,1004.27,12.13,0.0,0.96,partly-cloudy-day,rain,0,1,0,12,365,1,10.9931459992151,10.8549700316919,10.2962558414246,10.799716622501256,10.603615983713288
ACORN-F,2014-01-01,48,637.875,11.4526098138792,11.34,6.59,10.83,6.54,8.965,4.75,11.34,3.18,0.86,7.2,0.495,993.32,9.95,0.5,0.01,wind,rain,1,2,0,1,1,1,10.9146832247482,11.3158551636531,10.2345988205874,10.808247078652157,10.625379669139098
ACORN-F,2014-01-02,48,637.916666666667,10.4412035775852,10.75,6.54,10.27,8.54,8.645,4.21,10.75,3.36,0.82,4.89,0.4,993.31,12.23,1.0,0.04,wind,rain,0,3,0,1,2,1,11.4526098138792,10.3007867026744,10.421086865776,10.827783457255887,10.668295213831248
ACORN-F,2014-01-03,48,638.0,10.6702915351097,10.49,7.01,10.14,7.04,8.75,3.4800000000000004,10.49,2.77,0.78,7.66,0.4,994.51,10.93,1.0,0.08,wind,rain,0,4,0,1,3,1,10.4412035775852,10.7411485372374,10.3723985194153,10.847843010814572,10.65762063051985
ACORN-F,2014-01-04,48,637.6875,10.8324623775948,9.58,4.06,9.58,1.72,6.82,5.5200000000000005,6.66,1.16,0.84,4.46,0.61,993.71,11.27,0.0,0.12,partly-cloudy-day,rain,0,5,1,1,4,1,10.6702915351097,10.3958771327662,11.0554901870959,10.837720581939186,10.660134941467657
ACORN-F,2014-01-05,48,637.770833333333,11.5330310208912,11.96,1.72,8.78,8.78,6.840000000000001,10.24,11.96,-0.88,0.87,4.4,0.44,1000.02,11.67,1.0,0.15,wind,rain,0,6,1,1,5,1,10.8324623775948,10.9962327902707,11.0808846730789,10.900089902628986,10.660818044146376
ACORN-F,2014-01-06,48,636.729166666667,10.3410238171964,12.57,9.34,12.37,10.23,10.955,3.2300000000000004,12.57,5.91,0.78,8.3,0.58,994.61,10.67,1.0,0.19,wind,rain,0,0,0,1,6,2,11.5330310208912,10.9931459992151,10.9368116238653,10.976775364146201,10.682853884083178
ACORN-F,2014-01-07,48,637.0,10.2997080047096,11.38,8.98,11.38,7.37,10.18,2.4000000000000004,11.38,5.34,0.78,7.3,0.59,1003.19,11.36,1.0,0.22,wind,rain,0,1,0,1,7,2,10.3410238171964,10.9146832247482,10.8549700316919,10.883615052429244,10.697776935809381
ACORN-F,2014-01-08,48,634.0625,9.80076793386685,11.62,7.37,11.62,9.25,9.495,4.249999999999999,11.62,4.53,0.85,4.15,0.5,1011.94,11.99,1.0,0.26,partly-cloudy-day,rain,0,2,0,1,8,2,10.2997080047096,11.4526098138792,11.3158551636531,10.795761449566585,10.69968712990951
ACORN-F,2014-01-09,48,634.625,10.1568953607189,12.01,4.86,10.29,2.68,8.435,7.1499999999999995,12.01,1.6,0.77,6.03,0.39,1006.3,12.63,1.0,0.29,wind,rain,0,3,0,1,9,2,9.80076793386685,10.4412035775852,10.3007867026744,10.559784038136248,10.679354853372738
ACORN-F,2014-01-10,48,633.020833333333,10.2998451237386,10.14,2.68,10.14,7.16,6.41,7.460000000000001,10.14,0.34,0.85,3.56,0.4,1014.26,13.0,1.0,0.33,partly-cloudy-day,rain,0,4,0,1,10,2,10.1568953607189,10.6702915351097,10.7411485372374,10.51916857858392,10.670166507126018
ACORN-F,2014-01-11,48,634.958333333333,10.5639710474546,8.59,1.02,8.41,0.38,4.805,7.57,5.91,1.02,0.81,2.68,0.2,1018.51,12.05,1.0,0.36,partly-cloudy-day,rain,0,5,1,1,11,2,10.2998451237386,10.8324623775948,10.3958771327662,10.466247662673764,10.672336254182524
ACORN-F,2014-01-12,48,632.583333333333,11.9042662421751,8.91,0.38,7.06,5.42,4.6450000000000005,8.53,6.06,-1.79,0.9,3.25,0.46,1016.63,8.27,1.0,0.39,cloudy,rain,0,6,1,1,12,2,10.5639710474546,11.5330310208912,10.9962327902707,10.427891758368022,10.667751623610373
ACORN-Q,2012-07-01,48,703.041666666667,7.26681629129728,17.58,12.47,17.58,15.43,15.024999999999999,5.109999999999998,17.58,12.47,0.83,4.51,0.56,1015.49,11.97,6.0,0.45,partly-cloudy-day,rain,0,6,1,7,183,26,,,,,
ACORN-Q,2012-07-02,48,708.833333333333,6.84509869797431,18.81,15.43,18.81,15.95,17.119999999999997,3.379999999999999,18.81,15.52,0.9,3.64,0.78,1013.77,11.54,5.0,0.49,partly-cloudy-day,rain,0,0,0,7,184,27,7.26681629129728,,,,
ACORN-Q,2012-07-03,48,706.583333333333,6.82859917211338,21.44,15.95,21.44,15.2,18.695,5.490000000000002,21.44,16.12,0.85,3.35,0.66,1009.62,11.02,6.0,0.53,partly-cloudy-day,rain,0,1,0,7,185,27,6.84509869797431,,,7.055957494635795,
ACORN-Q,2012-07-04,48,714.0625,6.7063687022381,22.33,15.2,22.33,14.78,18.765,7.129999999999999,22.33,15.2,0.71,1.35,0.48,1009.33,12.73,6.0,0.56,partly-cloudy-day,rain,0,2,0,7,186,27,6.82859917211338,,,6.980171387128323,
ACORN-Q,2012-07-05,48,728.020833333333,6.63875541029479,18.7,14.78,18.7,13.42,16.74,3.92,18.7,14.78,0.82,2.46,0.39,1007.45,11.89,5.0,0.6,partly-cloudy-day,rain,1,3,0,7,187,27,6.7063687022381,,,6.911720715905767,
ACORN-Q,2012-07-06,48,735.583333333333,6.74214639046641,18.65,13.42,18.65,14.28,16.035,5.229999999999999,18.65,13.42,0.81,3.33,0.54,1007.26,11.28,6.0,0.63,partly-cloudy-day,rain,0,4,0,7,188,27,6.63875541029479,,,6.8571276547835724,
ACORN-Q,2012-07-07,48,745.395833333333,7.02639104998607,18.77,14.28,18.77,14.38,16.525,4.49,18.77,14.28,0.89,1.08,0.55,1005.49,10.94,6.0,0.67,partly-cloudy-day,rain,0,5,1,7,189,27,6.74214639046641,,,6.837964110730712,
ACORN-Q,2012-07-08,48,747.645833333333,7.44792030852348,18.0,14.38,18.0,13.96,16.19,3.619999999999999,18.0,14.38,0.85,3.31,0.61,1010.95,11.28,5.0,0.7,partly-cloudy-day,rain,0,6,1,7,190,27,7.02639104998607,7.26681629129728,,6.864882244910048,6.864882244910048
ACORN-Q,2012-07-09,48,752.0,6.90168959425229,17.46,13.28,17.46,12.07,15.370000000000001,4.1800000000000015,17.46,13.28,0.84,3.33,0.55,1010.77,12.18,6.0,0.73,partly-cloudy-day,rain,0,0,0,7,191,28,7.44792030852348,6.84509869797431,,6.890754247370934,6.937762002861728
ACORN-Q,2012-07-10,48,760.125,6.67392519673779,18.75,12.07,18.75,10.04,15.41,6.68,18.75,12.07,0.79,4.03,0.48,1010.87,13.0,6.0,0.76,partly-cloudy-day,rain,0,1,0,7,192,28,6.90168959425229,6.82859917211338,,6.898838661124932,6.933753957460679
ACORN-Q,2012-07-11,48,766.833333333333,6.67821921639674,18.67,10.04,18.67,13.15,14.355,8.630000000000003,18.67,10.04,0.8,3.27,0.5,1012.07,12.34,6.0,0.79,partly-cloudy-day,rain,0,2,0,7,193,28,6.67392519673779,6.7063687022381,,6.8767423789284186,6.90777108138839
ACORN-Q,2012-07-12,48,774.5,6.7548015910665,19.26,14.21,19.26,13.66,16.735,5.050000000000001,19.26,14.21,0.83,4.59,0.58,1002.07,12.26,6.0,0.82,partly-cloudy-day,rain,0,3,0,7,194,28,6.67821921639674,6.63875541029479,,6.872721023808224,6.886902730025512
ACORN-Q,2012-07-13,48,783.0,6.62883898234976,16.44,13.13,16.44,12.44,14.785,3.3100000000000005,16.44,13.13,0.88,1.68,0.63,1004.61,11.91,5.0,0.85,partly-cloudy-day,rain,0,4,0,7,195,28,6.7548015910665,6.74214639046641,,6.889299049632754,6.875894301778928
ACORN-Q,2012-07-14,48,784.5625,7.12345922135822,18.26,12.44,18.26,13.05,15.350000000000001,5.820000000000002,18.26,12.44,0.69,3.45,0.39,1015.16,11.97,6.0,0.88,partly-cloudy-day,rain,0,5,1,7,196,28,6.62883898234976,7.02639104998607,,6.873112277044662,6.856890046438223
ACORN-Q,2012-07-15,48,786.8125,7.06968873178036,17.06,13.05,16.94,13.92,15.055,4.009999999999998,17.15,13.05,0.85,5.27,0.68,1019.8,12.21,5.0,0.91,partly-cloudy-day,rain,0,6,1,7,197,28,7.12345922135822,7.44792030852348,7.26681629129728,6.886979158669255,6.875930701789652
ACORN-Q,2012-07-16,48,786.0,6.84221647364765,22.44,13.92,22.44,14.91,18.18,8.520000000000001,22.48,13.92,0.77,4.9,0.55,1022.06,12.81,5.0,0.94,partly-cloudy-day,rain,0,0,0,7,198,29,7.06968873178036,6.90168959425229,6.84509869797431,6.832946076277381,6.888847903789032
ACORN-Q,2012-07-17,48,786.458333333333,6.68687472302769,18.52,14.91,18.52,13.77,16.715,3.6099999999999994,18.52,14.91,0.85,5.3,0.72,1013.52,12.47,5.0,0.97,partly-cloudy-day,rain,0,1,0,7,199,29,6.84221647364765,6.67392519673779,6.82859917211338,6.824449916191002,6.885933439405195
ACORN-Q,2012-07-18,48,783.354166666667,6.67078009520543,20.18,13.77,20.18,13.12,16.975,6.41,20.18,13.77,0.73,4.41,0.48,1010.4,12.96,6.0,0.01,partly-cloudy-day,rain,0,2,0,7,200,29,6.68687472302769,6.67821921639674,6.7063687022381,6.826299848518132,6.874224103147696
ACORN-Q,2012-07-19,48,783.0,6.58071563491873,17.77,13.12,17.77,11.83,15.445,4.65,17.77,13.12,0.79,1.52,0.54,1016.21,12.18,5.0,0.04,partly-cloudy-day,rain,0,3,0,7,201,29,6.67078009520543,6.7548015910665,6.63875541029479,6.825237116919373,6.862921658262014
ACORN-Q,2012-07-20,48,787.895833333333,6.69350081189117,19.89,11.83,19.89,12.24,15.86,8.06,19.89,11.83,0.7,0.9,0.36,1023.63,12.5,6.0,0.07,partly-cloudy-day,rain,0,4,0,7,202,29,6.58071563491873,6.62883898234976,6.74214639046641,6.800367694612548,6.848068709664998
ACORN-Q,2012-07-21,48,787.020833333333,6.65774763908887,22.86,12.24,22.86,12.47,17.55,10.62,22.86,12.24,0.66,3.0,0.22,1026.73,12.6,6.0,0.11,partly-cloudy-day,rain,0,5,1,7,203,29,6.69350081189117,7.12345922135822,7.02639104998607,6.8096050988327494,6.8403403147763076
ACORN-Q,2012-07-22,48,787.333333333333,6.71569599151681,27.18,12.47,27.18,14.21,19.825,14.709999999999999,27.18,12.47,0.58,3.21,0.19,1023.04,12.71,6.0,0.14,partly-cloudy-day,rain,0,6,1,7,204,29,6.65774763908887,7.06968873178036,7.44792030852348,6.7430748727942715,6.831645425457858
ACORN-Q,2012-07-23,48,787.520833333333,6.53418292282135,28.32,14.21,28.32,15.74,21.265,14.11,28.32,14.21,0.58,0.87,0.02,1018.25,12.31,7.0,0.18,clear-day,rain,0,0,0,7,205,30,6.71569599151681,6.84221647364765,6.90168959425229,6.69250448132805,6.826374996642357
ACORN-Q,2012-07-24,48,788.0,6.57898477043147,29.37,15.74,29.37,15.93,22.555,13.63,29.37,15.74,0.57,0.81,0.2,1016.59,12.31,6.0,0.22,partly-cloudy-day,rain,0,1,0,7,206,30,6.53418292282135,6.68687472302769,6.67392519673779,6.648499688352864,6.813670993432747
ACORN-Q,2012-07-25,48,787.104166666667,6.54357745955854,26.44,15.93,26.44,15.93,21.185000000000002,10.510000000000002,26.44,15.93,0.61,2.8,0.12,1018.08,11.7,6.0,0.26,partly-cloudy-day,rain,0,2,0,7,207,30,6.57898477043147,6.67078009520543,6.67821921639674,6.633086837981976,6.803892400807694
ACORN-Q,2012-07-26,48,788.666666666667,6.5034662892397,23.79,15.93,23.79,15.02,19.86,7.859999999999999,23.79,16.01,0.75,1.48,0.36,1012.66,9.75,5.0,0.29,partly-cloudy-night,rain,0,3,0,7,208,30,6.54357745955854,6.58071563491873,6.7548015910665,6.614915032889563,6.793479803157727
ACORN-Q,2012-07-27,48,788.020833333333,6.67866594698729,21.09,14.93,21.09,10.97,18.009999999999998,6.16,21.09,14.93,0.55,2.52,0.44,1010.56,13.26,6.0,0.33,partly-cloudy-day,rain,0,4,0,7,209,30,6.5034662892397,6.69350081189117,6.62883898234976,6.603879412078273,6.7823254372378035
ACORN-Q,2012-07-28,48,788.958333333333,6.58718626586439,17.92,10.97,17.92,9.86,14.445,6.950000000000001,17.92,10.97,0.75,3.53,0.3,1011.76,12.97,5.0,0.37,partly-cloudy-day,rain,0,5,1,7,210,30,6.67866594698729,6.65774763908887,7.12345922135822,6.601760145663433,6.778486196858155
ACORN-Q,2012-07-29,48,788.020833333333,6.96333399328907,19.69,9.86,19.69,11.52,14.775,9.830000000000002,19.69,8.53,0.65,4.22,0.31,1015.19,12.92,5.0,0.41,partly-cloudy-day,rain,0,6,1,7,211,30,6.58718626586439,6.71569599151681,7.06968873178036,6.591679949488507,6.77165405646552
ACORN-Q,2012-07-30,48,787.604166666667,6.60107843276772,20.19,11.52,20.19,13.69,15.855,8.670000000000002,20.19,11.52,0.84,3.03,0.53,1014.62,11.57,5.0,0.44,partly-cloudy-day,rain,0,0,0,7,212,31,6.96333399328907,6.53418292282135,6.84221647364765,6.627056806884545,6.760815402965227
ACORN-Q,2012-07-31,48,789.791666666667,6.62567950659242,22.57,13.69,22.57,15.61,18.13,8.88,22.57,13.69,0.79,3.24,0.41,1009.58,11.3,5.0,0.48,partly-cloudy-day,rain,0,1,0,7,213,31,6.60107843276772,6.57898477043147,6.68687472302769,6.636613308305455,6.7521003934935635
ACORN-Q,2012-08-01,48,789.729166666667,6.50641212863609,21.29,15.61,21.29,13.09,18.45,5.68,21.29,15.61,0.74,4.71,0.45,1010.31,12.63,4.0,0.52,partly-cloudy-day,rain,0,2,0,8,214,31,6.62567950659242,6.54357745955854,6.67078009520543,6.643283984899876,6.744853262582099
ACORN-Q,2012-08-02,48,789.958333333333,6.5558495066777,21.77,13.09,21.77,14.36,17.43,8.68,21.77,13.09,0.73,4.37,0.33,1012.49,12.63,5.0,0.55,partly-cloudy-day,rain,0,3,0,8,215,31,6.50641212863609,6.5034662892397,6.58071563491873,6.637974651910954,6.737711956382029
ACORN-Q,2012-08-03,48,790.0,6.49282531734177,21.04,14.36,21.04,12.98,17.7,6.68,21.04,14.36,0.77,3.97,0.41,1010.03,12.89,5.0,0.58,partly-cloudy-day,rain,0,4,0,8,216,31,6.5558495066777,6.67866594698729,6.69350081189117,6.64545796868781,6.734751031252847
ACORN-Q,2012-08-04,48,790.979166666667,6.58446532964522,20.69,12.98,20.69,14.77,16.835,7.710000000000001,20.69,12.98,0.79,2.23,0.34,1007.24,11.99,5.0,0.62,partly-cloudy-day,rain,0,5,1,8,217,31,6.49282531734177,6.58718626586439,6.65774763908887,6.618909307309879,6.725846707212682
ACORN-Q,2012-08-05,48,790.895833333333,6.96316493999046,20.95,14.77,20.95,11.49,17.86,6.18,20.95,14.77,0.77,3.26,0.41,1009.08,12.78,5.0,0.65,partly-cloudy-day,rain,0,6,1,8,218,31,6.58446532964522,6.96333399328907,6.71569599151681,6.618520602135713,6.710063645771937
ACORN-Q,2012-08-06,48,790.020833333333,6.64580121865496,19.32,11.49,19.32,14.84,15.405000000000001,7.83,19.32,11.49,0.78,3.83,0.46,1019.52,12.89,5.0,0.68,partly-cloudy-day,rain,0,0,0,8,219,32,6.96316493999046,6.60107843276772,6.53418292282135,6.618496451664483,6.6927509540386145
ACORN-Q,2012-08-07,48,790.895833333333,6.57810150976334,22.8,15.03,22.8,13.33,18.915,7.770000000000001,22.8,15.03,0.77,1.73,0.54,1022.61,11.43,4.0,0.71,partly-cloudy-day,rain,0,1,0,8,220,32,6.64580121865496,6.62567950659242,6.57898477043147,6.624885421076946,6.6836120834815675
ACORN-Q,2012-08-08,48,791.0,6.57340960847029,25.92,13.33,25.92,14.5,19.625,12.590000000000002,25.92,13.33,0.69,0.52,0.27,1025.62,11.47,5.0,0.74,partly-cloudy-day,rain,0,2,0,8,221,32,6.57810150976334,6.50641212863609,6.54357745955854,6.618088564387078,6.680189808946765
ACORN-Q,2012-08-09,48,791.979166666667,6.54881239670871,24.99,14.5,24.99,15.21,19.744999999999997,10.489999999999998,24.99,14.5,0.7,0.55,0.23,1026.05,11.7,5.0,0.77,partly-cloudy-day,rain,0,3,0,8,222,32,6.57340960847029,6.5558495066777,6.5034662892397,6.62765963293482,6.676446608663677
ACORN-Q,2012-08-10,48,791.854166666667,6.54322531401387,22.91,15.21,22.91,16.03,19.060000000000002,7.699999999999999,22.91,15.21,0.67,4.3,0.24,1020.96,11.97,5.0,0.8,partly-cloudy-day,rain,0,4,0,8,223,32,6.54881239670871,6.49282531734177,6.67866594698729,6.626654331510679,6.669089851722328
ACORN-Q,2012-08-11,48,790.041666666667,6.65938836288678,25.13,16.03,25.13,15.26,20.58,9.099999999999998,25.13,16.03,0.7,2.43,0.24,1012.34,11.18,5.0,0.83,partly-cloudy-day,rain,0,5,1,8,224,32,6.54322531401387,6.58446532964522,6.58718626586439,6.6338543310352645,6.666032220710332
ACORN-Q,2012-08-12,48,790.979166666667,6.90862227149914,22.68,15.26,22.68,17.62,18.97,7.42,22.68,15.26,0.79,2.92,0.42,1011.16,12.04,4.0,0.86,partly-cloudy-day,rain,0,6,1,8,225,32,6.65938836288678,6.96316493999046,6.96333399328907,6.644557621498344,6.649458261479209
ACORN-Q,2012-08-13,48,790.958333333333,6.55904081210933,23.97,17.62,23.97,17.87,20.795,6.349999999999998,23.97,17.81,0.75,2.31,0.44,1011.08,11.8,5.0,0.89,partly-cloudy-day,rain,0,0,0,8,226,33,6.90862227149914,6.64580121865496,6.60107843276772,6.63676581171387,6.643705887897736
ACORN-Q,2012-08-14,48,789.375,6.49269753980987,22.57,17.38,22.57,16.02,19.975,5.190000000000001,22.79,17.38,0.77,2.67,0.26,1006.5,11.96,5.0,0.92,partly-cloudy-day,rain,0,1,0,8,227,33,6.55904081210933,6.57810150976334,6.62567950659242,6.624371467921637,6.633592471414225
ACORN-Q,2012-08-15,48,790.645833333333,6.62676026473341,21.67,16.02,21.67,17.92,18.845,5.650000000000002,21.67,16.02,0.71,4.22,0.42,1014.08,12.84,4.0,0.95,partly-cloudy-day,rain,0,2,0,8,228,33,6.49269753980987,6.57340960847029,6.50641212863609,6.6121709007854275,6.626657572013589
ACORN-Q,2012-08-16,48,788.75,6.42422257835735,27.23,17.92,27.23,20.54,22.575000000000003,9.309999999999999,27.23,17.92,0.63,3.71,0.45,1013.84,13.08,4.0,0.98,partly-cloudy-day,rain,0,3,0,8,229,33,6.62676026473341,6.54881239670871,6.5558495066777,6.61979242310873,6.625085435211018
ACORN-Q,2012-08-17,48,791.166666666667,6.43119743537167,29.86,20.54,29.86,17.97,25.2,9.32,30.6,20.54,0.59,2.17,0.23,1013.75,12.87,5.0,0.03,partly-cloudy-day,rain,0,4,0,8,230,33,6.42422257835735,6.54322531401387,6.49282531734177,6.6019938776299645,6.619496397476682
ACORN-Q,2012-08-18,48,792.979166666667,6.75698634286481,28.88,17.97,28.88,16.96,23.424999999999997,10.91,29.5,18.33,0.72,0.76,0.21,1015.16,12.28,4.0,0.06,partly-cloudy-day,rain,0,5,1,8,231,33,6.43119743537167,6.65938836288678,6.58446532964522,6.585989894966793,6.610128419743843
ACORN-Q,2012-08-19,48,790.979166666667,7.08997332325443,24.54,16.96,24.54,16.27,20.75,7.579999999999998,24.54,17.05,0.75,2.78,0.34,1019.31,12.5,4.0,0.1,partly-cloudy-day,rain,0,6,1,8,232,33,6.75698634286481,6.90862227149914,6.96316493999046,6.599932463535083,6.613672659164412
ACORN-Q,2012-08-20,48,791.979166666667,6.66864182450165,22.09,16.27,22.09,13.16,19.18,5.82,22.09,16.36,0.75,2.54,0.34,1017.69,12.52,4.0,0.13,partly-cloudy-day,rain,0,0,0,8,233,34,7.08997332325443,6.55904081210933,6.64580121865496,6.625839756642982,6.627039706726469
ACORN-Q,2012-08-21,48,792.729166666667,6.50284473248035,21.48,13.16,21.48,12.96,17.32,8.32,21.48,13.16,0.72,4.6,0.34,1017.28,12.87,4.0,0.17,partly-cloudy-day,rain,0,1,0,8,234,34,6.66864182450165,6.49269753980987,6.57810150976334,6.641497044127599,6.631841810357909
ACORN-Q,2012-08-22,48,792.708333333333,6.50740873599742,22.04,12.96,22.04,14.07,17.5,9.079999999999998,22.04,12.96,0.7,2.6,0.37,1014.56,12.83,4.0,0.21,partly-cloudy-day,rain,0,2,0,8,235,34,6.50284473248035,6.62676026473341,6.57340960847029,6.642946643080523,6.629122523288226
ACORN-Q,2012-08-23,48,791.0,6.44295362792328,20.27,14.07,20.27,15.58,17.17,6.199999999999999,20.27,14.07,0.76,2.88,0.44,1005.28,12.34,4.0,0.25,partly-cloudy-day,rain,0,3,0,8,236,34,6.50740873599742,6.42422257835735,6.54881239670871,6.625896424689669,6.627830783161044
ACORN-Q,2012-08-24,48,792.0,6.36148358762626,20.93,15.04,20.93,14.26,17.985,5.890000000000001,20.93,15.04,0.88,3.94,0.52,1001.05,12.3,4.0,0.28,partly-cloudy-day,rain,0,4,0,8,237,34,6.44295362792328,6.43119743537167,6.54322531401387,6.628572288913373,6.625669616685457
ACORN-Q,2012-08-25,48,791.9375,6.71588121147697,21.01,14.26,21.01,12.62,17.635,6.750000000000002,21.01,14.26,0.69,4.39,0.51,1014.38,13.2,4.0,0.32,partly-cloudy-day,rain,0,5,1,8,238,34,6.36148358762626,6.75698634286481,6.65938836288678,6.618613167806886,6.6143416752797055
ACORN-Q,2012-08-26,48,790.854166666667,6.63081289431931,20.99,12.62,20.99,14.97,16.805,8.37,20.99,12.62,0.75,3.82,0.32,1014.33,12.46,4.0,0.36,partly-cloudy-day,rain,0,6,1,8,239,34,6.71588121147697,7.08997332325443,6.90862227149914,6.612741006180052,6.618937923337299
ACORN-Q,2012-08-27,48,791.333333333333,6.65588392906379,22.5,14.97,22.5,14.74,18.735,7.529999999999999,22.5,14.97,0.75,4.17,0.39,1012.79,12.63,4.0,0.39,partly-cloudy-day,rain,1,0,0,8,240,35,6.63081289431931,6.66864182450165,6.55904081210933,6.547146659189321,6.607062169802663
ACORN-Q,2012-08-28,48,791.708333333333,6.44162483156925,19.69,13.66,19.69,14.09,16.675,6.030000000000001,19.69,13.66,0.85,4.15,0.36,1012.74,11.84,3.0,0.43,partly-cloudy-day,rain,0,1,0,8,241,35,6.65588392906379,6.50284473248035,6.49269753980987,6.5453241026981965,6.609019508956095
ACORN-Q,2012-08-29,48,792.645833333333,6.65378364882073,16.92,11.25,16.92,7.78,14.085,5.670000000000002,16.92,11.25,0.8,2.65,0.4,1016.19,12.33,3.0,0.46,partly-cloudy-day,rain,0,2,0,8,242,35,6.44162483156925,6.50740873599742,6.62676026473341,6.53657840256804,6.602446127705268
ACORN-Q,2012-08-30,48,790.770833333333,6.57437279115952,17.72,7.78,17.72,13.11,12.75,9.939999999999998,17.72,5.92,0.6,3.21,0.33,1028.62,13.02,4.0,0.49,partly-cloudy-day,rain,0,3,0,8,243,35,6.65378364882073,6.44295362792328,6.42422257835735,6.5574891043999415,6.6077093962832905
ACORN-Q,2012-08-31,48,791.770833333333,6.38851119400006,20.53,13.11,20.53,12.57,16.82,7.420000000000002,20.53,13.11,0.72,2.53,0.55,1026.14,13.15,3.0,0.54,partly-cloudy-day,rain,0,4,0,8,244,35,6.57437279115952,6.36148358762626,6.43119743537167,6.576263270576547,6.608370942157641
ACORN-Q,2012-09-01,48,790.041666666667,6.60610216442527,18.35,12.57,18.35,15.69,15.46,5.780000000000001,18.37,12.57,0.87,3.11,0.56,1024.58,12.07,3.0,0.57,partly-cloudy-day,rain,0,5,1,9,245,35,6.38851119400006,6.71588121147697,6.75698634286481,6.580124357201376,6.60464543775258
ACORN-Q,2012-09-02,48,790.958333333333,7.08468605644962,24.34,15.69,24.34,13.71,20.015,8.65,24.34,15.69,0.72,1.15,0.5,1025.68,10.48,3.0,0.6,partly-cloudy-day,rain,0,6,1,9,246,35,6.60610216442527,6.63081289431931,7.08997332325443,6.56444163619399,6.605418181851867
ACORN-Q,2012-09-03,48,789.833333333333,6.62708432846822,24.79,13.71,24.79,12.07,19.25,11.079999999999998,24.79,13.71,0.77,1.9,0.42,1023.55,11.41,3.0,0.63,partly-cloudy-day,rain,0,0,0,9,247,36,7.08468605644962,6.65588392906379,6.66864182450165,6.629280659355463,6.609758221725408
ACORN-Q,2012-09-04,48,791.645833333333,6.66884528972593,19.97,12.07,19.97,8.67,16.02,7.899999999999999,19.97,12.07,0.6,3.26,0.27,1026.74,12.5,3.0,0.66,partly-cloudy-day,rain,1,1,0,9,248,36,6.62708432846822,6.44162483156925,6.50284473248035,6.625166430698952,6.609089761361596
ACORN-Q,2012-09-05,48,791.958333333333,6.48404717894511,20.76,8.67,20.76,11.46,14.715,12.090000000000002,20.76,8.67,0.67,1.88,0.46,1028.3,12.41,3.0,0.69,partly-cloudy-day,rain,0,2,0,9,249,36,6.66884528972593,6.65378364882073,6.50740873599742,6.657626496149907,6.612330610645975
ACORN-Q,2012-09-06,48,790.895833333333,6.49365126240289,25.76,11.46,25.76,10.41,18.61,14.3,25.76,11.46,0.63,2.97,0.18,1024.47,11.75,3.0,0.72,partly-cloudy-day,rain,0,3,0,9,250,36,6.48404717894511,6.57437279115952,6.44295362792328,6.633378429024818,6.60913909530579
ACORN-Q,2012-09-07,48,791.979166666667,6.55822948675791,27.12,10.41,27.12,11.32,18.765,16.71,27.12,10.41,0.62,1.39,0.14,1020.6,12.36,4.0,0.75,partly-cloudy-day,rain,0,4,0,9,251,36,6.49365126240289,6.38851119400006,6.36148358762626,6.621846782059586,6.607169054794867
ACORN-Q,2012-09-08,48,791.958333333333,6.7393326594673,27.78,11.32,27.78,16.93,19.55,16.46,27.78,11.32,0.67,2.97,0.22,1011.85,12.2,3.0,0.78,partly-cloudy-day,rain,0,5,1,9,252,36,6.55822948675791,6.60610216442527,6.71588121147697,6.646092252453564,6.607704918107154
ACORN-Q,2012-09-09,48,789.895833333333,6.98519266751039,20.21,16.93,20.21,14.77,18.57,3.280000000000001,20.21,16.93,0.78,5.69,0.59,1010.15,12.65,3.0,0.81,partly-cloudy-day,rain,0,6,1,9,253,36,6.7393326594673,7.08468605644962,6.63081289431931,6.665125180316712,6.610560071556458
ACORN-Q,2012-09-10,48,792.916666666667,6.80128993876922,17.82,11.73,17.82,8.24,14.775,6.09,17.82,11.73,0.62,4.84,0.37,1012.33,13.18,3.0,0.84,partly-cloudy-day,rain,0,0,0,9,254,37,6.98519266751039,6.62708432846822,6.65588392906379,6.650911839039679,6.613294728556861
ACORN-Q,2012-09-11,48,792.458333333333,6.68681221579933,17.92,8.24,17.92,8.62,13.080000000000002,9.680000000000001,17.92,6.77,0.72,3.93,0.34,1014.64,13.16,3.0,0.87,partly-cloudy-day,rain,0,1,0,9,255,37,6.80128993876922,6.66884528972593,6.44162483156925,6.675798354796965,6.621946483080428
ACORN-Q,2012-09-12,48,791.729166666667,6.6417370419087,17.64,8.62,17.64,13.61,13.129999999999999,9.020000000000001,17.64,7.17,0.68,2.92,0.37,1018.75,12.96,3.0,0.9,partly-cloudy-day,rain,0,2,0,9,256,37,6.68681221579933,6.48404717894511,6.65378364882073,6.678365058521736,6.628879150080052
ACORN-Q,2012-09-13,48,791.020833333333,6.5449406674865,20.69,13.61,20.69,9.69,17.15,7.080000000000002,20.69,13.61,0.68,5.42,0.56,1013.51,13.31,3.0,0.94,wind,rain,0,3,0,9,257,37,6.6417370419087,6.49365126240289,6.57437279115952,6.700892181802248,6.629414034979169
ACORN-Q,2012-09-14,48,790.8125,6.60507729486912,21.12,9.69,21.12,12.98,15.405000000000001,11.430000000000001,21.12,8.97,0.7,2.87,0.22,1017.25,12.92,3.0,0.97,partly-cloudy-day,rain,0,4,0,9,258,37,6.5449406674865,6.55822948675791,6.38851119400006,6.708219239671336,6.633725395305211
ACORN-Q,2012-09-15,48,792.875,6.87883796194644,18.31,12.98,18.31,13.29,15.645,5.329999999999998,18.31,12.98,0.76,3.88,0.66,1013.26,12.55,2.0,0.02,partly-cloudy-day,rain,0,5,1,9,259,37,6.60507729486912,6.7393326594673,6.60610216442527,6.7149117836872225,6.639935390287262
ACORN-Q,2012-09-16,48,791.895833333333,7.21142589267913,18.72,13.29,18.72,11.43,16.005,5.43,18.72,13.29,0.71,4.04,0.55,1012.36,13.07,3.0,0.05,partly-cloudy-day,rain,0,6,1,9,260,37,6.87883796194644,6.98519266751039,7.08468605644962,6.734841112612814,6.644287233825891
ACORN-Q,2012-09-17,48,791.583333333333,6.72395729063579,17.19,10.97,17.19,7.35,14.080000000000002,6.220000000000001,17.19,10.97,0.64,4.39,0.28,1013.39,13.02,3.0,0.08,partly-cloudy-day,rain,0,0,0,9,261,38,7.21142589267913,6.80128993876922,6.62708432846822,6.767160144779777,6.648624825591059
ACORN-Q,2012-09-18,48,792.979166666667,6.68132501476811,16.3,7.35,16.3,9.07,11.825,8.950000000000001,16.3,5.17,0.63,3.65,0.27,1021.81,12.99,3.0,0.12,partly-cloudy-day,rain,0,1,0,9,262,38,6.72395729063579,6.68681221579933,6.66884528972593,6.756112623617859,6.650600377952993
ACORN-Q,2012-09-19,48,791.979166666667,6.614547896507,17.38,9.07,17.38,10.34,13.225,8.309999999999999,17.38,8.07,0.7,3.17,0.45,1020.9,13.0,2.0,0.16,partly-cloudy-day,rain,0,2,0,9,263,38,6.68132501476811,6.6417370419087,6.48404717894511,6.755328737756256,6.6569746737489846
ACORN-Q,2012-09-20,48,791.895833333333,6.72865614518886,16.32,10.34,16.32,6.59,13.33,5.98,16.32,10.34,0.76,1.47,0.43,1015.46,12.54,2.0,0.2,partly-cloudy-day,rain,0,3,0,9,264,38,6.614547896507,6.5449406674865,6.49365126240289,6.751444574127441,6.660801072338613
ACORN-Q,2012-09-21,48,792.958333333333,6.76504936355882,15.62,6.59,15.62,8.85,11.105,9.03,15.62,5.43,0.69,1.98,0.28,1019.37,12.97,2.0,0.23,partly-cloudy-day,rain,0,4,0,9,265,38,6.72865614518886,6.60507729486912,6.55822948675791,6.777689642370636,6.671004733669526
ACORN-Q,2012-09-22,48,791.020833333333,7.10938247443339,12.31,8.85,12.31,10.96,10.58,3.460000000000001,12.31,7.69,0.86,4.46,0.48,1009.6,10.62,2.0,0.27,fog,rain,0,5,1,9,266,38,6.76504936355882,6.87883796194644,6.7393326594673,6.800542795040593,6.685417797095689
ACORN-Q,2012-09-23,48,790.958333333333,8.02916033036503,15.2,11.51,15.2,9.74,13.355,3.6899999999999995,15.2,11.51,0.88,2.53,0.66,989.47,8.1,2.0,0.31,wind,rain,0,6,1,9,267,38,7.10938247443339,7.21142589267913,6.98519266751039,6.833477725395872,6.699471413629846
ACORN-Q,2012-09-24,48,792.875,7.34627782142891,15.47,9.74,15.47,10.07,12.605,5.73,15.47,7.49,0.78,4.92,0.28,988.79,13.13,2.0,0.34,partly-cloudy-day,rain,0,0,0,9,268,39,8.02916033036503,6.72395729063579,6.80128993876922,6.9502969307795714,6.749412393488623
ACORN-Q,2012-09-25,48,791.020833333333,6.98827752611633,15.14,10.07,15.14,10.57,12.605,5.07,15.14,10.07,0.88,2.57,0.39,992.07,12.44,2.0,0.38,partly-cloudy-day,rain,0,1,0,9,269,39,7.34627782142891,6.68132501476811,6.68681221579933,7.039199863750018,6.774069318215948
ACORN-Q,2012-09-26,48,791.916666666667,7.03262083981854,16.61,10.57,16.61,9.03,13.59,6.039999999999999,16.61,10.57,0.82,2.17,0.48,1006.39,11.41,2.0,0.41,partly-cloudy-day,rain,0,2,0,9,270,39,6.98827752611633,6.614547896507,6.6417370419087,7.083050222514048,6.793592628735487
ACORN-Q,2012-09-27,48,791.0,6.90203155285305,17.07,9.03,17.07,8.74,13.05,8.040000000000001,17.07,7.44,0.85,4.08,0.39,1012.91,12.84,2.0,0.45,partly-cloudy-day,rain,0,3,0,9,271,39,7.03262083981854,6.72865614518886,6.5449406674865,7.142774928701412,6.80712252841398
ACORN-Q,2012-09-28,48,791.479166666667,6.99783424026308,15.83,8.71,15.83,6.42,12.27,7.119999999999999,15.83,6.9,0.75,3.36,0.17,1017.85,13.21,2.0,0.48,partly-cloudy-day,rain,0,4,0,9,272,39,6.90203155285305,6.76504936355882,6.60507729486912,7.167542844082009,6.818824627045892
ACORN-Q,2012-09-29,48,791.270833333333,7.17669118183615,16.46,6.42,16.46,13.66,11.440000000000001,10.040000000000001,16.46,4.87,0.81,4.6,0.48,1019.0,13.15,2.0,0.52,partly-cloudy-day,rain,0,5,1,9,273,39,6.99783424026308,7.10938247443339,6.87883796194644,7.2007978264683326,6.840586164412428
ACORN-Q,2012-09-30,48,792.979166666667,7.55049472983464,16.24,12.37,16.24,10.87,14.305,3.869999999999999,16.24,12.37,0.89,4.57,0.61,1012.11,11.43,2.0,0.55,partly-cloudy-day,rain,0,6,1,9,274,39,7.17669118183615,8.02916033036503,7.21142589267913,7.210413356097299,6.860964343605674
ACORN-Q,2012-10-01,48,793.020833333333,7.19235679907376,16.44,10.87,16.44,11.06,13.655000000000001,5.570000000000002,16.44,10.87,0.85,5.09,0.39,1010.12,12.55,2.0,0.58,partly-cloudy-day,rain,0,0,0,10,275,40,7.55049472983464,7.34627782142891,6.72395729063579,7.142032556021529,6.877600367655139
ACORN-Q,2012-10-02,48,794.541666666667,7.02371522061401,14.34,9.35,14.34,7.19,11.844999999999999,4.99,14.34,7.78,0.8,4.65,0.36,1005.61,12.99,2.0,0.61,partly-cloudy-day,rain,0,1,0,10,276,40,7.19235679907376,6.98827752611633,6.68132501476811,7.120043838542221,6.897788670176766
ACORN-Q,2012-10-03,48,795.0,7.16709182490566,14.99,7.19,14.99,10.98,11.09,7.8,14.99,5.02,0.79,3.65,0.28,1008.02,12.79,2.0,0.63,partly-cloudy-day,rain,0,2,0,10,277,40,7.02371522061401,7.03262083981854,6.614547896507,7.125106366327604,6.9104625962799116
ACORN-Q,2012-10-04,48,793.75,7.03962650792003,15.6,9.16,15.49,7.61,12.379999999999999,6.4399999999999995,15.65,8.34,0.86,3.0,0.61,1006.96,10.11,2.0,0.66,wind,rain,0,3,0,10,278,40,7.16709182490566,6.90203155285305,6.72865614518886,7.144316507054335,6.93485704792136
ACORN-Q,2012-10-05,48,794.375,7.18568338328303,14.89,7.61,14.89,5.27,11.25,7.28,14.89,5.86,0.83,1.75,0.4,1012.51,11.06,2.0,0.69,partly-cloudy-day,rain,0,4,0,10,279,40,7.03962650792003,6.99783424026308,6.76504936355882,7.163972929206762,6.954356163832686
ACORN-Q,2012-10-06,48,794.979166666667,7.41506417445495,13.64,5.27,13.64,9.49,9.455,8.370000000000001,13.64,5.17,0.87,0.4,0.25,1021.29,9.98,2.0,0.73,partly-cloudy-day,rain,0,5,1,10,280,40,7.18568338328303,7.17669118183615,7.10938247443339,7.190808521066755,6.976765231565726
ACORN-Q,2012-10-07,48,795.6875,7.77563182491514,12.22,9.51,12.22,9.07,10.865,2.710000000000001,12.22,8.84,0.92,2.49,0.61,1015.27,7.84,1.0,0.76,partly-cloudy-day,rain,0,6,1,10,281,40,7.41506417445495,7.55049472983464,8.02916033036503,7.224861805726584,7.000898499958142
ACORN-Q,2012-10-08,48,797.25,7.47797840992568,14.23,9.07,14.23,7.04,11.65,5.16,14.23,7.73,0.82,2.66,0.58,1015.96,10.12,2.0,0.79,partly-cloudy-day,rain,0,0,0,10,282,41,7.77563182491514,7.19235679907376,7.34627782142891,7.25702424788094,7.029128469865454
ACORN-Q,2012-10-09,48,800.5,7.25103626329088,14.13,7.04,14.13,9.15,10.585,7.090000000000001,14.13,6.21,0.74,2.16,0.56,1015.24,13.21,2.0,0.82,partly-cloudy-day,rain,0,1,0,10,283,41,7.47797840992568,7.02371522061401,6.98827752611633,7.2978273351455005,7.0532959152639
ACORN-Q,2012-10-10,48,801.208333333333,7.19830680367371,14.88,9.15,14.88,10.37,12.015,5.73,14.99,7.37,0.89,3.2,0.71,1004.43,8.69,1.0,0.85,partly-cloudy-day,rain,0,2,0,10,284,41,7.25103626329088,7.16709182490566,7.03262083981854,7.330301769813625,7.073446774102884
ACORN-Q,2012-10-11,48,801.375,7.40841633387303,14.72,8.51,13.99,6.47,11.615,6.210000000000001,14.73,7.12,0.75,5.42,0.48,1005.33,13.07,2.0,0.89,partly-cloudy-day,rain,0,3,0,10,285,41,7.19830680367371,7.03962650792003,6.90203155285305,7.334761052494775,7.093324265594491
ACORN-Q,2012-10-12,48,805.916666666667,7.14491633141644,11.53,6.41,11.53,2.81,8.969999999999999,5.119999999999999,11.53,4.01,0.84,2.18,0.29,1004.92,12.94,2.0,0.92,partly-cloudy-day,rain,0,4,0,10,286,41,7.40841633387303,7.18568338328303,6.99783424026308,7.387445313345203,7.124162682251153
ACORN-Q,2012-10-13,48,807.020833333333,7.59095187297533,12.32,2.81,12.32,4.09,7.565,9.51,12.32,1.64,0.8,2.36,0.2,1002.5,11.86,2.0,0.96,partly-cloudy-day,rain,0,5,1,10,287,41,7.14491633141644,7.41506417445495,7.17669118183615,7.381621448792833,7.143442647842129
ACORN-Q,2012-10-14,48,807.979166666667,8.07002356716662,13.03,4.09,13.03,9.81,8.559999999999999,8.94,13.03,2.83,0.84,2.97,0.31,1002.67,12.17,1.0,0.99,partly-cloudy-day,rain,0,6,1,10,288,41,7.59095187297533,7.77563182491514,7.55049472983464,7.406748262867174,7.168875287521732
ACORN-Q,2012-10-15,48,808.291666666667,7.49779471325679,14.74,9.06,14.74,8.8,11.9,5.68,14.74,7.15,0.74,5.37,0.39,1000.8,12.59,1.0,0.03,wind,rain,0,0,0,10,289,42,8.07002356716662,7.47797840992568,7.19235679907376,7.448804226045956,7.199539490181999
ACORN-Q,2012-10-16,48,806.916666666667,7.33438575258212,16.6,8.8,16.6,12.15,12.700000000000001,7.800000000000001,16.6,7.41,0.82,4.66,0.42,998.22,12.2,1.0,0.07,partly-cloudy-day,rain,0,1,0,10,290,42,7.49779471325679,7.25103626329088,7.02371522061401,7.451635126521829,7.227176540989892
ACORN-Q,2012-10-17,48,809.041666666667,7.3785856930844,16.04,12.15,16.04,11.98,14.094999999999999,3.889999999999999,16.04,12.15,0.85,4.18,0.44,1001.82,13.23,1.0,0.11,partly-cloudy-day,rain,0,2,0,10,291,42,7.33438575258212,7.19830680367371,7.16709182490566,7.463542196420577,7.250500138768963
ACORN-Q,2012-10-18,48,812.583333333333,7.38243179616068,13.21,11.98,13.01,9.57,12.595,1.2300000000000004,13.21,11.98,0.95,0.51,0.66,1007.63,8.42,1.0,0.15,partly-cloudy-day,rain,0,3,0,10,292,42,7.3785856930844,7.40841633387303,7.03962650792003,7.4892963234792465,7.277787202932442
ACORN-Q,2012-10-19,48,815.125,7.54826275886205,14.01,9.57,14.01,10.19,11.79,4.4399999999999995,14.01,8.9,0.91,0.86,0.61,1015.85,8.01,1.0,0.18,fog,rain,0,4,0,10,293,42,7.38243179616068,7.14491633141644,7.18568338328303,7.485584246663197,7.301136333324293
ACORN-Q,2012-10-20,48,816.0,7.82481495159314,12.41,10.19,12.41,11.6,11.3,2.2200000000000006,12.41,10.19,0.94,3.37,0.69,1018.09,9.22,1.0,0.22,fog,rain,0,5,1,10,294,42,7.54826275886205,7.59095187297533,7.41506417445495,7.543205164869713,7.329108240299409
ACORN-Q,2012-10-21,48,815.979166666667,8.35633751583829,14.73,12.02,14.73,12.51,13.375,2.710000000000001,14.79,12.02,0.98,2.57,0.9,1019.88,1.48,1.0,0.26,fog,rain,0,6,1,10,295,42,7.82481495159314,8.07002356716662,7.77563182491514,7.576614176100828,7.3546594001979715
ACORN-Q,2012-10-22,48,816.104166666667,7.52704592986053,14.05,12.46,13.51,13.08,13.255,1.5899999999999999,14.05,12.46,0.96,2.3,0.88,1023.66,1.82,1.0,0.29,fog,rain,0,0,0,10,296,43,8.35633751583829,7.49779471325679,7.47797840992568,7.61751616876821,7.366344299679158
ACORN-Q,2012-10-23,48,817.0,7.50476988910649,16.18,13.08,16.18,12.94,14.629999999999999,3.0999999999999996,16.18,13.08,0.92,3.45,0.74,1019.7,2.45,1.0,0.33,fog,rain,0,1,0,10,297,43,7.52704592986053,7.33438575258212,7.25103626329088,7.621694913997316,7.372800303551718
ACORN-Q,2012-10-24,48,818.020833333333,7.34855666149251,13.61,10.09,13.28,8.5,11.85,3.5199999999999996,13.61,10.09,0.91,5.16,0.81,1016.51,7.9,1.0,0.36,partly-cloudy-day,rain,0,2,0,10,298,43,7.50476988910649,7.3785856930844,7.19830680367371,7.646035504929368,7.391246459372794
ACORN-Q,2012-10-25,48,819.770833333333,7.48807911971511,10.11,4.19,8.96,2.49,7.15,5.919999999999999,10.11,-0.37,0.79,5.19,0.7,1012.84,12.33,1.0,0.4,partly-cloudy-day,rain,0,3,0,10,299,43,7.34855666149251,7.38243179616068,7.40841633387303,7.641745643273384,7.402529881575435
ACORN-Q,2012-10-26,48,822.291666666667,7.8394157989806,7.68,2.49,7.68,1.43,5.085,5.1899999999999995,3.78,-2.56,0.79,5.79,0.39,1015.91,13.07,1.0,0.43,partly-cloudy-day,rain,0,4,0,10,300,43,7.48807911971511,7.54826275886205,7.14491633141644,7.656838118066874,7.423460151820509
ACORN-Q,2012-10-27,48,820.9375,8.18081533757943,9.17,1.43,9.17,7.66,5.3,7.74,6.89,-0.94,0.88,3.13,0.42,1015.62,12.68,1.0,0.46,partly-cloudy-day,rain,0,5,1,10,301,43,7.8394157989806,7.82481495159314,7.59095187297533,7.698431409512382,7.453516636060421
ACORN-Q,2012-10-28,48,822.583333333333,8.62849250611459,10.785,4.545000000000001,10.785,6.615,7.665000000000001,6.24,9.645,2.265,0.885,3.04,0.435,1012.165,12.585,1.0,0.475,partly-cloudy-day,rain,0,6,1,10,302,43,8.18081533757943,8.35633751583829,8.07002356716662,7.749288607510422,7.489378213051252
ACORN-Q,2012-10-29,48,822.9375,7.85073907379901,12.4,7.66,12.4,5.57,10.030000000000001,4.74,12.4,5.47,0.89,2.95,0.45,1008.71,12.49,1.0,0.49,partly-cloudy-day,rain,0,0,0,10,303,44,8.62849250611459,7.52704592986053,7.49779471325679,7.7881678918356085,7.5278781336326785
ACORN-Q,2012-10-30,48,822.0,7.71727478896242,10.92,5.57,10.92,6.45,8.245000000000001,5.35,10.92,3.44,0.84,2.37,0.45,1004.48,11.25,1.0,0.52,partly-cloudy-day,rain,0,1,0,10,304,44,7.85073907379901,7.50476988910649,7.33438575258212,7.8344097695411055,7.551391786301437
ACORN-Q,2012-10-31,48,821.645833333333,7.92291400019634,12.36,6.45,12.36,6.85,9.405,5.909999999999999,12.36,4.43,0.79,5.32,0.49,989.93,12.99,1.0,0.55,partly-cloudy-day,rain,0,2,0,10,305,44,7.71727478896242,7.34855666149251,7.3785856930844,7.864767612377667,7.576161770885309
ACORN-Q,2012-11-01,48,822.0625,7.88066774645201,11.46,4.2,9.42,4.2,7.83,7.260000000000001,11.46,0.85,0.85,4.07,0.44,979.63,12.54,1.0,0.58,partly-cloudy-day,rain,0,3,0,11,306,44,7.92291400019634,7.48807911971511,7.38243179616068,7.946818660763929,7.6031554200028335
ACORN-Q,2012-11-02,48,820.729166666667,7.92186546349176,9.78,4.61,9.78,3.22,7.195,5.169999999999999,6.88,1.81,0.77,4.31,0.23,991.25,12.96,1.0,0.61,partly-cloudy-day,rain,0,4,0,11,307,44,7.88066774645201,7.8394157989806,7.54826275886205,8.002902750297773,7.633192607093262
ACORN-Q,2012-11-03,48,821.958333333333,8.2519137490444,9.45,3.22,9.45,2.96,6.335,6.229999999999999,6.47,1.56,0.79,3.16,0.25,996.52,12.71,1.0,0.64,partly-cloudy-day,rain,0,5,1,11,308,44,7.92186546349176,8.18081533757943,7.82481495159314,8.014681273799365,7.659484824243573
ACORN-Q,2012-11-04,48,822.0,8.95989780827251,8.67,2.96,8.67,2.94,5.8149999999999995,5.71,7.03,1.18,0.92,0.59,0.59,994.21,9.99,1.0,0.67,partly-cloudy-day,rain,0,6,1,11,309,44,8.2519137490444,8.62849250611459,8.35633751583829,8.024838189722933,7.68937230905034
ACORN-Q,2012-11-05,48,822.0,8.17940267785888,9.19,2.94,9.19,0.92,6.0649999999999995,6.25,7.08,2.62,0.83,2.09,0.41,1006.26,9.08,1.0,0.7,partly-cloudy-day,rain,0,0,0,11,310,45,8.95989780827251,7.85073907379901,7.52704592986053,8.072181804316921,7.731667522741674
ACORN-Q,2012-11-06,48,822.958333333333,8.06687969115204,9.67,0.92,9.67,4.97,5.295,8.75,7.17,-1.72,0.87,3.58,0.33,1020.29,10.41,1.0,0.74,partly-cloudy-night,rain,0,1,0,11,311,45,8.17940267785888,7.71727478896242,7.50476988910649,8.119133747754047,7.756718389453574
ACORN-Q,2012-11-07,48,821.520833333333,8.04364698822559,9.93,4.97,9.93,7.81,7.449999999999999,4.96,7.64,2.35,0.86,4.2,0.47,1024.32,12.67,1.0,0.77,partly-cloudy-night,rain,0,2,0,11,312,45,8.06687969115204,7.92291400019634,7.34855666149251,8.169077305209706,7.78585565473433
ACORN-Q,2012-11-08,48,820.770833333333,7.89519460992992,12.34,7.81,12.34,8.13,10.075,4.53,12.34,5.13,0.78,3.72,0.64,1019.18,13.36,1.0,0.8,partly-cloudy-day,rain,0,3,0,11,313,45,8.04364698822559,7.88066774645201,7.48807911971511,8.18632487492817,7.816046375611182
ACORN-Q,2012-11-09,48,822.958333333333,7.7395601402748,11.27,8.13,11.27,8.8,9.7,3.139999999999999,11.27,6.7,0.8,3.17,0.7,1010.05,13.37,1.0,0.84,partly-cloudy-day,rain,0,4,0,11,314,45,7.89519460992992,7.92186546349176,7.8394157989806,8.188400141139299,7.833431314041786
ACORN-Q,2012-11-10,48,822.833333333333,8.38008469831472,10.31,5.2,9.78,2.1,7.755000000000001,5.11,10.31,3.38,0.91,2.38,0.49,997.84,11.78,1.0,0.87,partly-cloudy-day,rain,0,5,1,11,315,45,7.7395601402748,8.2519137490444,8.18081533757943,8.162356523536877,7.854668592929584
ACORN-Q,2012-11-11,48,821.041666666667,8.62710729735719,9.87,2.1,9.87,4.52,5.984999999999999,7.77,8.39,0.46,0.88,1.98,0.22,1011.6,10.32,1.0,0.91,partly-cloudy-night,rain,0,6,1,11,316,45,8.38008469831472,8.95989780827251,8.62849250611459,8.180666659146922,7.882851908120277
ACORN-Q,2012-11-12,48,820.020833333333,8.08554151528163,12.18,4.52,12.06,10.06,8.35,7.66,12.18,3.72,0.92,3.06,0.5,1020.98,10.04,1.0,0.95,partly-cloudy-day,rain,0,0,0,11,317,46,8.62710729735719,8.17940267785888,7.85073907379901,8.13312515758759,7.902747755627083
ACORN-Q,2012-11-13,48,821.666666666667,7.66531814470261,14.66,10.06,14.66,10.47,12.36,4.6,14.66,10.06,0.88,3.23,0.54,1026.29,11.49,1.0,0.98,partly-cloudy-night,rain,0,1,0,11,318,46,8.08554151528163,8.06687969115204,7.71727478896242,8.119716420076555,7.923738712842256
ACORN-Q,2012-11-14,48,822.770833333333,7.65742665449137,12.62,7.33,12.62,6.64,9.975,5.289999999999999,12.62,7.08,0.86,1.86,0.55,1026.48,9.21,1.0,0.02,fog,rain,0,2,0,11,319,46,7.66531814470261,8.04364698822559,7.92291400019634,8.062350484869494,7.935557726846559
ACORN-Q,2012-11-15,48,823.0,7.80550546865128,9.07,6.45,9.07,5.91,7.76,2.62,9.07,5.43,0.92,0.62,0.71,1022.69,4.06,1.0,0.06,fog,rain,0,3,0,11,320,46,7.65742665449137,7.89519460992992,7.88066774645201,8.007176151478891,7.945516332611094
ACORN-Q,2012-11-16,48,821.895833333333,7.8658353445795,9.19,5.91,9.11,8.94,7.55,3.2799999999999994,7.75,4.89,0.92,2.0,0.9,1014.76,3.48,1.0,0.1,fog,rain,0,4,0,11,321,46,7.80550546865128,7.7395601402748,7.92186546349176,7.994363417010514,7.960626106628615
ACORN-Q,2012-11-17,48,823.5,8.20448224798642,12.44,8.18,12.44,2.07,10.309999999999999,4.26,12.44,7.04,0.88,1.69,0.65,1007.72,9.32,1.0,0.13,partly-cloudy-day,rain,0,5,1,11,322,46,7.8658353445795,8.38008469831472,8.2519137490444,8.012402731911186,7.971967984689952
ACORN-Q,2012-11-18,48,823.020833333333,8.61426601939978,9.42,2.07,9.42,3.42,5.745,7.35,9.42,2.07,0.82,0.72,0.3,1014.66,12.57,1.0,0.17,partly-cloudy-night,rain,0,6,1,11,323,46,8.20448224798642,8.62710729735719,8.95989780827251,7.987316667578571,7.985527530989712
ACORN-Q,2012-11-19,48,823.6875,7.99433261717122,11.23,3.49,11.23,10.79,7.36,7.74,11.23,1.42,0.82,4.13,0.5,1011.21,12.38,1.0,0.21,partly-cloudy-day,rain,0,0,0,11,324,47,8.61426601939978,8.08554151528163,8.17940267785888,7.985482199298941,7.994739263259766
ACORN-Q,2012-11-20,48,823.729166666667,7.9242336746254,13.46,10.88,13.46,9.73,12.170000000000002,2.58,13.46,10.88,0.9,5.74,0.76,1008.74,10.81,1.0,0.24,partly-cloudy-day,rain,0,1,0,11,325,47,7.99433261717122,7.66531814470261,8.06687969115204,7.972452356711741,8.011428073520861
ACORN-Q,2012-11-21,48,822.0,8.16185135990437,11.87,6.06,10.8,6.06,8.965,5.81,11.87,3.42,0.91,2.82,0.45,1007.68,10.65,1.0,0.28,wind,rain,0,2,0,11,326,47,7.9242336746254,7.65742665449137,8.04364698822559,8.009440289557853,8.02640892300368
ACORN-Q,2012-11-22,48,823.895833333333,7.85687554608813,13.09,6.56,13.09,6.02,9.825,6.53,13.09,4.09,0.81,7.58,0.54,1011.36,12.73,1.0,0.31,wind,rain,0,3,0,11,327,47,8.16185135990437,7.80550546865128,7.89519460992992,8.08150096175971,8.055455162232676
ACORN-Q,2012-11-23,48,823.875,7.73812505009954,10.7,5.12,10.7,3.64,7.91,5.579999999999999,10.7,3.97,0.89,2.71,0.38,1011.69,11.46,1.0,0.34,partly-cloudy-day,rain,0,4,0,11,328,47,7.85687554608813,7.8658353445795,7.7395601402748,8.088839544250689,8.068626463174569
ACORN-Q,2012-11-24,48,823.020833333333,8.51122564407006,9.91,3.64,9.36,7.46,6.775,6.27,7.11,2.99,0.97,3.43,0.58,1010.19,5.7,1.0,0.38,wind,rain,0,5,1,11,329,47,7.73812505009954,8.20448224798642,8.38008469831472,8.070595216467837,8.065008936428816
ACORN-Q,2012-11-25,48,823.729166666667,8.64905193637317,12.54,7.46,10.92,7.68,10.0,5.079999999999999,12.54,2.87,0.81,6.54,0.54,1001.79,12.36,1.0,0.41,wind,rain,0,6,1,11,330,47,8.51122564407006,8.61426601939978,8.62710729735719,8.114415701622644,8.076809304517768
ACORN-Q,2012-11-26,48,823.729166666667,8.00356043750934,10.69,7.17,9.52,7.17,8.93,3.5199999999999996,10.69,5.0,0.91,1.29,0.64,998.27,11.31,1.0,0.44,partly-cloudy-day,rain,0,0,0,11,331,48,8.64905193637317,7.99433261717122,8.08554151528163,8.119385118333128,8.077543569884146
ACORN-Q,2012-11-27,48,822.9375,7.99374405213511,8.47,6.42,8.47,5.84,7.445,2.0500000000000007,6.07,3.08,0.9,3.98,0.72,1003.65,9.69,1.0,0.47,partly-cloudy-day,rain,0,1,0,11,332,48,8.00356043750934,7.9242336746254,7.66531814470261,8.12070337838143,8.083001475730942
ACORN-Q,2012-11-28,48,823.979166666667,8.36359941418753,6.89,3.45,6.89,2.23,5.17,3.4399999999999995,3.34,-0.33,0.83,5.17,0.65,1012.91,13.2,1.0,0.5,partly-cloudy-day,rain,0,2,0,11,333,48,7.99374405213511,8.16185135990437,7.65742665449137,8.130633432311388,8.09287537798711
ACORN-Q,2012-11-29,48,823.0,8.35381893027211,5.84,1.63,5.84,-0.89,3.735,4.21,3.18,-1.39,0.83,3.2,0.36,1012.58,12.92,1.0,0.53,partly-cloudy-day,rain,0,3,0,11,334,48,8.36359941418753,7.85687554608813,7.80550546865128,8.159454582923269,8.10861414277251
ACORN-Q,2012-11-30,48,823.9375,8.4333447966123,4.37,-0.89,4.37,-1.35,1.74,5.26,2.52,-2.57,0.88,1.55,0.25,1011.91,10.01,1.0,0.56,partly-cloudy-night,rain,0,4,0,11,335,48,8.35381893027211,7.73812505009954,7.8658353445795,8.23044649494955,8.125512399337513
ACORN-Q,2012-12-01,48,824.0,9.08566140740291,5.73,-1.35,5.73,-1.55,2.1900000000000004,7.08,2.61,-4.31,0.88,2.68,0.31,1014.56,8.92,1.0,0.59,fog,rain,0,5,1,12,336,48,8.4333447966123,8.51122564407006,8.20448224798642,8.329763601594232,8.143779518377533
ACORN-Q,2012-12-02,48,822.958333333333,9.50997730430237,4.76,-1.55,4.76,1.77,1.605,6.31,2.71,-4.97,0.84,2.1,0.31,1016.35,12.81,1.0,0.62,partly-cloudy-night,rain,0,6,1,12,337,48,9.08566140740291,8.64905193637317,8.61426601939978,8.411825853498923,8.173556220461766
ACORN-Q,2012-12-03,48,822.25,8.53172150047832,10.22,2.94,10.22,2.33,6.58,7.280000000000001,10.22,0.57,0.87,3.55,0.58,1007.42,10.67,1.0,0.65,partly-cloudy-day,rain,0,0,0,12,338,49,9.50997730430237,8.00356043750934,7.99433261717122,8.534815191774523,8.193201916748546
ACORN-Q,2012-12-04,48,823.979166666667,8.49604461033574,7.73,1.21,7.73,-0.77,4.470000000000001,6.5200000000000005,4.36,-2.14,0.82,4.36,0.21,1003.4,12.89,1.0,0.68,partly-cloudy-day,rain,0,1,0,12,339,49,8.53172150047832,7.99374405213511,7.9242336746254,8.610266772198665,8.205784731842098
ACORN-Q,2012-12-05,48,822.020833333333,8.71233613509133,3.89,-0.77,3.89,-2.82,1.56,4.66,-0.07,-2.82,0.84,3.05,0.39,1008.05,11.14,1.0,0.71,partly-cloudy-day,rain,0,2,0,12,340,49,8.49604461033574,8.36359941418753,8.16185135990437,8.682023994798753,8.221112050384372
ACORN-Q,2012-12-06,48,823.520833333333,8.93934084376548,4.84,-2.82,4.13,2.99,1.01,7.66,0.37,-5.79,0.84,3.07,0.43,1013.58,12.55,1.0,0.75,partly-cloudy-night,rain,0,3,0,12,341,49,8.71233613509133,8.35381893027211,7.85687554608813,8.73184352635644,8.244993805629578
ACORN-Q,2012-12-07,48,824.0,8.68115898507282,6.33,2.97,6.33,3.9,4.65,3.36,2.12,-2.07,0.8,5.63,0.56,1001.72,12.84,1.0,0.78,partly-cloudy-night,rain,0,4,0,12,342,49,8.93934084376548,8.4333447966123,7.73812505009954,8.81548951399835,8.282284742552276
ACORN-Q,2012-12-08,48,823.020833333333,8.8045694809873,6.46,3.17,6.46,3.17,4.8149999999999995,3.29,4.69,0.01,0.83,2.14,0.52,1023.19,12.39,1.0,0.82,partly-cloudy-day,rain,0,5,1,12,343,49,8.68115898507282,9.08566140740291,8.51122564407006,8.850891540921282,8.315913272723634
ACORN-Q,2012-12-09,48,823.979166666667,9.47193622606156,8.66,3.86,8.66,3.21,6.26,4.800000000000001,5.37,0.49,0.8,5.44,0.53,1018.89,13.33,1.0,0.86,partly-cloudy-day,rain,0,6,1,12,344,49,8.8045694809873,9.50997730430237,8.64905193637317,8.810735551433337,8.331073443533368
ACORN-Q,2012-12-10,48,822.604166666667,8.5543070722384,5.59,1.55,5.59,-0.23,3.57,4.04,2.23,-1.04,0.79,3.93,0.27,1022.18,13.18,1.0,0.89,partly-cloudy-day,rain,0,0,0,12,345,50,9.47193622606156,8.53172150047832,8.00356043750934,8.805301111684651,8.361245905272812
ACORN-Q,2012-12-11,48,761.145833333333,8.73032592296051,2.7,-2.49,2.7,-3.83,0.10499999999999998,5.19,1.26,-2.49,0.89,1.67,0.29,1029.42,6.18,1.0,0.93,fog,snow,0,1,0,12,346,50,8.5543070722384,8.49604461033574,7.99374405213511,8.80852762193609,8.377987532306982
ACORN-Q,2012-12-12,48,821.625,8.93692831692256,1.8,-3.83,1.8,-1.35,-1.0150000000000001,5.63,1.8,-3.83,0.91,0.73,0.45,1020.51,6.49,1.0,0.97,partly-cloudy-day,snow,0,2,0,12,347,50,8.73032592296051,8.71233613509133,8.36359941418753,8.841996380882486,8.41602352438762
ACORN-Q,2012-12-13,48,823.979166666667,8.97715609920446,1.58,-1.35,1.58,0.82,0.11499999999999999,2.93,-1.1,-3.72,0.87,2.09,0.6,1005.66,6.78,1.0,0.01,fog,snow,0,3,0,12,348,50,8.93692831692256,8.93934084376548,8.35381893027211,8.874080978286946,8.461720012331591
ACORN-Q,2012-12-14,48,823.958333333333,8.8912542980643,10.34,1.93,10.34,7.54,6.135,8.41,10.34,-0.92,0.92,4.22,0.71,985.82,7.45,0.0,0.05,wind,rain,0,4,0,12,349,50,8.97715609920446,8.68115898507282,8.4333447966123,8.879483157635374,8.503564677708491
ACORN-Q,2012-12-15,48,823.916666666667,8.76254846515324,11.17,6.91,11.17,5.32,9.04,4.26,11.17,4.32,0.86,4.93,0.39,991.49,13.15,1.0,0.08,partly-cloudy-day,rain,0,5,1,12,350,50,8.8912542980643,8.8045694809873,9.08566140740291,8.909496773777013,8.54018678319009
ACORN-Q,2012-12-16,48,823.9375,8.98940059728143,9.82,5.32,9.82,5.62,7.57,4.5,7.78,3.01,0.89,3.07,0.39,999.72,12.86,1.0,0.12,partly-cloudy-day,rain,0,6,1,12,351,50,8.76254846515324,9.47193622606156,9.50997730430237,8.903493771515004,8.560117719517477
ACORN-Q,2012-12-17,48,823.583333333333,8.23869915131989,9.1,5.62,9.1,5.04,7.359999999999999,3.4799999999999995,6.39,3.08,0.86,3.79,0.32,1001.69,12.71,1.0,0.15,partly-cloudy-night,rain,0,0,0,12,352,51,8.98940059728143,8.5543070722384,8.53172150047832,8.8345601102607,8.57351538301325
ACORN-Q,2012-12-18,48,823.979166666667,8.32601201524835,7.96,4.66,7.96,3.07,6.3100000000000005,3.3,7.12,2.47,0.86,2.17,0.62,1014.41,11.65,0.0,0.19,partly-cloudy-day,rain,0,1,0,12,353,51,8.23869915131989,8.73032592296051,8.49604461033574,8.789473264415198,8.582242759232846
ACORN-Q,2012-12-19,48,824.041666666667,8.41633265918131,7.44,3.07,7.44,6.44,5.255,4.370000000000001,4.49,0.96,0.92,4.02,0.52,1016.68,7.87,1.0,0.22,partly-cloudy-day,rain,0,2,0,12,354,51,8.32601201524835,8.93692831692256,8.71233613509133,8.731714134742033,8.596591985683665
ACORN-Q,2012-12-20,48,825.0,8.41630666484848,9.57,6.53,9.57,6.75,8.05,3.04,7.93,2.82,0.96,3.54,0.76,1002.52,8.96,0.0,0.26,partly-cloudy-day,rain,0,3,0,12,355,51,8.41633265918131,8.97715609920446,8.93934084376548,8.657343326493283,8.605680603514985
ACORN-Q,2012-12-21,48,823.0,7.9703120227088,9.69,6.3,9.69,6.04,7.994999999999999,3.3899999999999997,7.58,4.44,0.91,3.21,0.44,1009.54,12.15,1.0,0.29,partly-cloudy-day,rain,0,4,0,12,356,51,8.41630666484848,8.8912542980643,8.68115898507282,8.577221978728144,8.625660286327854
ACORN-Q,2012-12-22,48,823.479166666667,8.64243578271303,13.07,6.04,13.07,12.34,9.555,7.03,13.07,4.44,0.96,3.91,0.67,1005.25,10.15,0.0,0.32,partly-cloudy-day,rain,0,5,1,12,357,51,7.9703120227088,8.76254846515324,8.8045694809873,8.4456587965345,8.633952678206755
ACORN-Q,2012-12-23,48,823.0,8.54258650637064,13.08,9.34,12.56,7.57,11.21,3.74,13.08,7.75,0.86,5.51,0.53,1003.59,12.73,1.0,0.35,partly-cloudy-day,rain,0,6,1,12,358,51,8.64243578271303,8.98940059728143,9.47193622606156,8.428499841900186,8.638638754586863
ACORN-Q,2012-12-24,48,821.958333333333,8.49862436800725,12.3,7.57,12.3,7.25,9.935,4.73,12.3,5.49,0.91,4.28,0.61,999.12,10.85,1.0,0.38,wind,rain,0,0,0,12,359,52,8.54258650637064,8.23869915131989,8.5543070722384,8.364669257484357,8.634836417801058
ACORN-Q,2012-12-25,48,823.625,9.06219285584354,9.14,6.46,9.14,4.83,7.800000000000001,2.6800000000000006,6.49,3.86,0.89,4.39,0.56,995.66,13.07,1.0,0.41,partly-cloudy-day,rain,1,1,0,12,360,52,8.49862436800725,8.32601201524835,8.73032592296051,8.401801431296837,8.652517272461697
ACORN-Q,2012-12-26,48,821.0625,8.08161919465162,10.18,4.83,10.18,6.42,7.505,5.35,10.18,1.34,0.88,5.05,0.39,1004.15,12.94,1.0,0.44,partly-cloudy-day,rain,1,2,0,12,361,52,9.06219285584354,8.41633265918131,8.93692831692256,8.506970122810436,8.690676158308426
ACORN-Q,2012-12-27,48,822.958333333333,8.32403114380945,7.97,6.42,7.97,5.45,7.195,1.5499999999999998,5.36,3.64,0.84,4.09,0.51,1005.46,12.46,1.0,0.47,partly-cloudy-night,rain,0,3,0,12,362,52,8.08161919465162,8.41630666484848,8.97715609920446,8.459153913591908,8.680605436182145
ACORN-Q,2012-12-28,48,823.895833333333,8.40678353648767,12.34,5.45,12.28,11.46,8.895,6.89,12.34,3.99,0.89,4.78,0.7,1016.76,11.46,0.0,0.51,wind,rain,0,4,0,12,363,52,8.32403114380945,7.9703120227088,8.8912542980643,8.445971696300619,8.67954158666562
ACORN-Q,2012-12-29,48,824.916666666667,8.38501674861312,11.97,7.28,11.48,5.44,9.625,4.69,11.97,3.69,0.83,7.6,0.59,1004.18,12.5,0.0,0.53,wind,rain,0,5,1,12,364,52,8.40678353648767,8.64243578271303,8.76254846515324,8.5083247696976,8.678592970232598
ACORN-Q,2012-12-30,48,824.020833333333,8.67000275215843,10.9,5.44,9.51,4.22,8.17,5.46,10.9,1.25,0.77,6.82,0.37,1009.95,13.2,1.0,0.56,wind,rain,0,6,1,12,365,52,8.38501674861312,8.54258650637064,8.98940059728143,8.47155062196904,8.653569946704392
ACORN-Q,2012-12-31,48,823.020833333333,8.66585452339947,9.24,4.22,7.49,3.31,6.73,5.0200000000000005,6.97,0.88,0.81,4.55,0.38,1007.65,13.15,1.0,0.6,partly-cloudy-night,rain,0,0,0,12,366,1,8.67000275215843,8.49862436800725,8.23869915131989,8.48975294279587,8.623570855556393
ACORN-Q,2013-01-01,48,823.958333333333,8.60551503704081,7.49,3.31,5.76,4.42,5.4,4.18,4.38,0.23,0.82,4.0,0.43,1016.89,13.15,1.0,0.63,partly-cloudy-day,rain,1,1,0,1,1,1,8.66585452339947,9.06219285584354,8.32601201524835,8.513642964994757,8.628361320660721
ACORN-Q,2013-01-02,48,823.979166666667,8.50244746322698,10.82,3.31,9.86,9.65,7.065,7.51,10.82,0.23,0.91,3.72,0.61,1023.12,11.35,1.0,0.66,partly-cloudy-night,rain,0,2,0,1,2,1,8.60551503704081,8.08161919465162,8.41633265918131,8.448403276594366,8.63227097875733
ACORN-Q,2013-01-03,48,824.0,8.29498665145631,11.41,9.65,11.41,9.55,10.530000000000001,1.7599999999999998,11.41,7.07,0.91,4.36,0.66,1032.61,11.89,1.0,0.7,partly-cloudy-day,rain,0,3,0,1,3,1,8.50244746322698,8.32403114380945,8.41630666484848,8.508521600676561,8.624774954762175
ACORN-Q,2013-01-04,48,823.958333333333,8.15979537119062,10.79,8.17,10.17,8.07,9.48,2.619999999999999,10.79,5.7,0.85,4.28,0.83,1037.15,12.34,1.0,0.73,partly-cloudy-day,rain,1,4,0,1,4,1,8.29498665145631,8.40678353648767,7.9703120227088,8.504372387483256,8.601762305036846
ACORN-Q,2013-01-05,48,824.979166666667,8.39106587145057,10.66,7.84,10.66,6.91,9.25,2.8200000000000003,10.66,5.76,0.92,3.15,0.72,1035.16,9.58,1.0,0.77,partly-cloudy-day,rain,0,5,1,1,5,1,8.15979537119062,8.38501674861312,8.64243578271303,8.46908836386939,8.583142175969625
ACORN-Q,2013-01-06,48,824.833333333333,8.80192849689243,8.61,6.91,7.97,7.1,7.76,1.6999999999999993,6.98,5.08,0.96,2.23,0.67,1032.19,5.5,1.0,0.8,fog,rain,0,6,1,1,6,1,8.39106587145057,8.67000275215843,8.54258650637064,8.469952524274742,8.568374189914742
ACORN-Q,2013-01-07,48,823.958333333333,8.29630096171871,9.08,7.1,8.56,8.19,8.09,1.9800000000000004,7.31,5.24,0.92,3.27,0.84,1026.88,9.7,1.0,0.84,partly-cloudy-day,rain,0,0,0,1,7,2,8.80192849689243,8.66585452339947,8.49862436800725,8.488799059236742,8.544445342444416
ACORN-Q,2013-01-08,48,824.979166666667,7.97399115033775,11.23,9.02,11.23,8.46,10.125,2.210000000000001,11.23,6.9,0.87,3.71,0.76,1024.17,11.73,1.0,0.88,partly-cloudy-day,rain,0,1,0,1,8,2,8.29630096171871,8.60551503704081,9.06219285584354,8.436005693282349,8.535230838497284
ACORN-Q,2013-01-09,48,822.979166666667,8.10505499497805,9.21,1.77,8.93,1.16,5.49,7.440000000000001,9.13,1.77,0.9,0.93,0.52,1021.19,8.64,1.0,0.92,partly-cloudy-day,rain,0,2,0,1,9,2,7.97399115033775,8.50244746322698,8.08161919465162,8.34578799518191,8.508218882332185
ACORN-Q,2013-01-10,48,822.583333333333,8.34600758591144,3.43,1.16,3.43,0.89,2.295,2.2700000000000005,2.36,-0.48,0.94,1.55,0.7,1015.8,5.21,1.0,0.95,partly-cloudy-day,rain,0,3,0,1,10,2,8.10505499497805,8.29498665145631,8.32403114380945,8.289017642574919,8.478509120834168
ACORN-Q,2013-01-11,48,821.708333333333,8.36236572750641,5.7,0.89,5.7,1.37,3.295,4.8100000000000005,5.7,-1.42,0.93,0.4,0.52,1017.62,5.7,1.0,0.99,partly-cloudy-day,rain,0,4,0,1,11,2,8.34600758591144,8.15979537119062,8.40678353648767,8.296306347497081,8.455968102502274
ACORN-Q,2013-01-12,48,822.833333333333,9.23070634633319,4.53,1.75,4.53,2.12,3.14,2.7800000000000002,0.07,-1.06,0.83,4.76,0.57,1012.97,10.03,1.0,0.03,partly-cloudy-day,rain,0,5,1,1,12,2,8.36236572750641,8.39106587145057,8.38501674861312,8.325244969827908,8.43707922498235
ACORN-Q,2013-01-13,48,822.833333333333,9.48162637068342,3.48,1.04,2.88,-0.41,2.26,2.44,-0.09,-2.16,0.74,3.13,0.6,1018.81,12.46,1.0,0.07,partly-cloudy-day,rain,0,6,1,1,13,2,9.23070634633319,8.80192849689243,8.67000275215843,8.445193609096854,8.453799149310205
ACORN-Q,2013-01-14,48,820.645833333333,8.95693405250075,2.94,-0.41,2.62,1.23,1.265,3.35,0.94,-3.4,0.88,2.08,0.59,1011.47,9.66,1.0,0.1,partly-cloudy-day,rain,0,0,0,1,14,3,9.48162637068342,8.29630096171871,8.66585452339947,8.542293305352711,8.471378641217418
ACORN-Q,2013-01-15,48,821.625,8.66116843098548,2.38,-0.83,2.29,-2.18,0.7749999999999999,3.21,0.89,-3.16,0.85,3.28,0.58,1008.99,11.41,1.0,0.14,partly-cloudy-day,rain,0,1,0,1,15,3,8.95693405250075,7.97399115033775,8.60551503704081,8.636669461178716,8.497029887688164
ACORN-Q,2013-01-16,48,821.854166666667,9.06556240578807,-0.06,-2.32,-0.06,-3.86,-1.19,2.26,-0.15,-4.7,0.91,0.93,0.48,1013.33,4.12,1.0,0.17,fog,snow,0,2,0,1,16,3,8.66116843098548,8.10505499497805,8.50244746322698,8.734837644128392,8.508999759678776
ACORN-Q,2013-01-17,48,822.0,8.95174573917275,2.88,-3.86,2.88,-1.44,-0.49,6.74,2.88,-3.86,0.83,1.01,0.31,1017.44,9.64,1.0,0.2,partly-cloudy-day,rain,0,3,0,1,17,3,9.06556240578807,8.34600758591144,8.29498665145631,8.872052988529822,8.532186536343303
ACORN-Q,2013-01-18,48,820.875,9.37524480346719,1.33,-1.93,-0.81,-0.81,-0.29999999999999993,3.26,-2.04,-7.8,0.85,5.2,0.67,1004.05,6.41,1.0,0.23,fog,snow,0,4,0,1,18,3,8.95174573917275,8.36236572750641,8.15979537119062,8.958587010424296,8.551309360426313
ACORN-Q,2013-01-19,48,821.020833333333,9.96117602809419,0.85,-0.65,0.85,-0.93,0.09999999999999998,1.5,-2.56,-5.37,0.86,4.16,0.84,997.28,7.53,1.0,0.26,partly-cloudy-day,snow,0,5,1,1,19,3,9.37524480346719,9.23070634633319,8.39106587145057,9.103284021275837,8.601485531167684
ACORN-Q,2013-01-20,48,820.9375,10.3503688683947,0.08,-1.45,-0.21,-0.86,-0.6849999999999999,1.53,-0.46,-5.88,0.91,3.18,0.85,994.89,5.1,1.0,0.3,fog,snow,0,6,1,1,20,3,9.96117602809419,9.48162637068342,8.80192849689243,9.207636832955979,8.648583397074153
ACORN-Q,2013-01-21,48,821.916666666667,9.27012149954406,1.17,-1.98,1.17,-3.73,-0.405,3.15,1.08,-4.23,0.9,1.22,0.68,994.61,8.14,1.0,0.33,partly-cloudy-day,snow,0,0,0,1,21,4,10.3503688683947,8.95693405250075,8.29630096171871,9.331742904057592,8.713147052860728
ACORN-Q,2013-01-22,48,819.458333333333,9.2325423031223,2.82,-3.73,2.82,1.38,-0.45500000000000007,6.55,-1.43,-5.09,0.88,3.44,0.53,1001.55,6.31,1.0,0.36,fog,rain,0,1,0,1,22,4,9.27012149954406,8.66116843098548,7.97399115033775,9.37648396792092,8.740700521844186
ACORN-Q,2013-01-23,48,820.833333333333,9.25606600818163,2.82,1.38,2.29,1.22,2.0999999999999996,1.44,-1.4,-2.47,0.82,4.23,0.75,1007.72,7.69,1.0,0.39,partly-cloudy-day,rain,0,2,0,1,23,4,9.2325423031223,9.06556240578807,8.10505499497805,9.45810880679761,8.74678443067557
ACORN-Q,2013-01-24,48,819.041666666667,9.18315692468311,2.23,-0.11,2.23,-1.19,1.06,2.34,2.08,-2.49,0.79,2.07,0.8,1016.41,10.32,1.0,0.41,partly-cloudy-day,rain,0,3,0,1,24,4,9.25606600818163,8.95174573917275,8.34600758591144,9.485323607139547,8.788728959730213
ACORN-Q,2013-01-25,48,818.895833333333,9.06461657573943,2.98,-1.19,1.85,0.96,0.895,4.17,0.81,-4.07,0.8,3.2,0.74,1014.52,10.8,1.0,0.44,partly-cloudy-day,snow,0,4,0,1,25,4,9.18315692468311,9.37524480346719,8.36236572750641,9.51838234792674,8.819412023332843
ACORN-Q,2013-01-26,48,819.645833333333,9.05692225923424,7.56,2.37,7.41,6.47,4.965,5.1899999999999995,4.69,-2.16,0.86,3.61,0.51,1006.45,10.27,1.0,0.47,wind,rain,0,5,1,1,26,4,9.06461657573943,9.96117602809419,9.23070634633319,9.474006886822774,8.842906060448978
ACORN-Q,2013-01-27,48,820.791666666667,9.20591036834928,10.26,4.72,10.26,3.02,7.49,5.54,10.26,1.49,0.77,6.6,0.43,997.84,12.01,1.0,0.52,wind,rain,0,6,1,1,27,4,9.05692225923424,10.3503688683947,9.48162637068342,9.344827776985639,8.866902685828304
ACORN-Q,2013-01-28,48,820.0,8.70861789187221,10.54,3.02,9.34,9.34,6.779999999999999,7.52,10.54,-0.68,0.84,5.95,0.47,1005.47,11.91,1.0,0.54,wind,rain,0,0,0,1,28,5,9.20591036834928,9.27012149954406,8.95693405250075,9.18133370555058,8.886042243549406
ACORN-Q,2013-01-29,48,820.416666666667,8.19639420718258,13.09,9.76,13.09,8.41,11.425,3.33,13.09,7.09,0.89,7.22,0.69,1003.25,10.88,1.0,0.57,wind,rain,0,1,0,1,29,5,8.70861789187221,9.2325423031223,8.66116843098548,9.1011189044546,8.887569506709147
ACORN-Q,2013-01-30,48,818.958333333333,8.05581141487237,12.56,7.51,11.28,7.12,10.035,5.050000000000001,12.56,3.86,0.77,7.85,0.44,1006.93,11.88,1.0,0.61,wind,rain,0,2,0,1,30,5,8.19639420718258,9.25606600818163,9.06556240578807,8.953097747891784,8.872958048499923
ACORN-Q,2013-01-31,48,818.708333333333,8.02178268454029,9.94,7.12,9.94,5.24,8.53,2.8199999999999994,6.38,3.29,0.74,7.3,0.35,1012.39,12.89,1.0,0.64,wind,rain,0,3,0,1,31,5,8.05581141487237,9.18315692468311,8.95174573917275,8.78163280599046,8.857006761058686
ACORN-Q,2013-02-01,48,816.916666666667,8.0934605514256,8.03,4.16,7.33,2.9,6.095,3.869999999999999,5.33,2.49,0.85,2.83,0.49,1002.38,12.5,1.0,0.68,partly-cloudy-day,rain,0,4,0,2,32,5,8.02178268454029,9.06461657573943,9.37524480346719,8.615722200255771,8.847249476525972
ACORN-Q,2013-02-02,48,818.9375,8.71138874980844,5.56,1.48,5.14,0.11,3.5199999999999996,4.08,1.9,-1.71,0.71,4.97,0.43,1015.47,13.42,1.0,0.71,partly-cloudy-day,rain,0,5,1,2,33,5,8.0934605514256,9.05692225923424,9.96117602809419,8.476985625353796,8.844880375820079
ACORN-Q,2013-02-03,48,819.479166666667,9.28709357776035,9.12,0.11,8.78,8.43,4.614999999999999,9.01,6.66,-2.93,0.82,4.32,0.55,1018.69,13.12,1.0,0.75,partly-cloudy-day,rain,0,6,1,2,34,5,8.71138874980844,9.20591036834928,10.3503688683947,8.427623695435825,8.856320478618574
ACORN-Q,2013-02-04,48,819.8125,8.2012249419858,10.2,6.48,10.16,2.16,8.34,3.719999999999999,10.2,2.41,0.71,6.82,0.5,1012.2,13.0,1.0,0.79,wind,rain,0,0,0,2,35,6,9.28709357776035,8.70861789187221,9.27012149954406,8.439221296780262,8.873647802935286
ACORN-Q,2013-02-05,48,818.041666666667,8.29535828028147,6.44,2.16,5.36,3.48,4.300000000000001,4.28,2.38,-2.91,0.73,7.3,0.48,1000.03,12.84,1.0,0.83,partly-cloudy-day,rain,0,1,0,2,36,6,8.2012249419858,8.19639420718258,9.2325423031223,8.366736589653632,8.870252230801968
ACORN-Q,2013-02-06,48,818.875,8.51175340128724,6.16,2.86,5.67,1.24,4.51,3.3000000000000003,2.56,-1.46,0.75,6.04,0.61,1006.64,13.23,1.0,0.86,partly-cloudy-day,rain,0,2,0,2,37,6,8.29535828028147,8.05581141487237,9.25606600818163,8.380874314382044,8.881729628299956
ACORN-Q,2013-02-07,48,818.916666666667,8.49430445504262,5.53,1.24,5.53,0.81,3.3850000000000002,4.29,2.42,-2.68,0.71,3.57,0.39,1017.82,12.49,1.0,0.9,partly-cloudy-day,rain,0,3,0,2,38,6,8.51175340128724,8.02178268454029,9.18315692468311,8.446008883869885,8.896254571382428
ACORN-Q,2013-02-08,48,818.958333333333,8.39591920915273,5.59,0.81,5.59,1.58,3.2,4.779999999999999,2.73,-2.13,0.78,3.08,0.41,1019.29,10.54,1.0,0.94,partly-cloudy-day,rain,0,4,0,2,39,6,8.49430445504262,8.0934605514256,9.06461657573943,8.513511993941647,8.901550888137113
ACORN-Q,2013-02-09,48,817.520833333333,8.97450524066873,3.68,1.58,3.68,3.01,2.63,2.1,2.1,-0.57,0.86,0.68,0.7,1018.79,10.38,1.0,0.97,partly-cloudy-day,rain,0,5,1,2,40,6,8.39591920915273,8.71138874980844,9.05692225923424,8.556720373616951,8.90274922676734
ACORN-Q,2013-02-10,48,818.375,9.49654491265478,4.73,1.06,4.73,0.55,2.8950000000000005,3.6700000000000004,1.58,-4.17,0.93,4.86,0.84,999.65,7.07,1.0,0.02,partly-cloudy-day,rain,0,6,1,2,41,6,8.97450524066873,9.28709357776035,9.20591036834928,8.594308443739848,8.893599187279323
ACORN-Q,2013-02-11,48,817.854166666667,8.90333102497369,1.88,0.55,1.88,1.22,1.2149999999999999,1.3299999999999998,-1.66,-3.92,0.93,3.36,0.87,999.17,4.36,1.0,0.05,partly-cloudy-day,rain,0,0,0,2,42,7,9.49654491265478,8.2012249419858,8.70861789187221,8.624230063010483,8.894131992349728
ACORN-Q,2013-02-12,48,817.041666666667,8.86070593021881,2.24,1.14,2.24,0.6,1.69,1.1000000000000003,-0.19,-2.29,0.76,2.87,0.86,1015.13,7.32,1.0,0.08,partly-cloudy-day,rain,0,1,0,2,43,7,8.90333102497369,8.29535828028147,8.19639420718258,8.724530932008753,8.892217598509477
ACORN-Q,2013-02-13,48,817.958333333333,8.76382647195072,3.09,0.6,2.35,1.39,1.845,2.4899999999999998,1.23,-3.18,0.73,3.48,0.68,1021.27,6.92,1.0,0.11,partly-cloudy-day,rain,0,2,0,2,44,7,8.86070593021881,8.51175340128724,8.05581141487237,8.805294881999801,8.89934393776781
ACORN-Q,2013-02-14,48,817.625,8.45976071869089,10.59,4.07,10.59,2.27,7.33,6.52,10.59,-0.11,0.81,2.96,0.55,1011.45,10.56,1.0,0.15,partly-cloudy-day,rain,0,3,0,2,45,7,8.76382647195072,8.49430445504262,8.02178268454029,8.841305320666011,8.888567654416475
ACORN-Q,2013-02-15,48,815.583333333333,8.21238236081173,9.76,2.27,9.76,4.7,6.015,7.49,7.75,-0.06,0.77,2.49,0.41,1019.7,13.04,1.0,0.18,partly-cloudy-day,rain,0,4,0,2,46,7,8.45976071869089,8.39591920915273,8.0934605514256,8.836370501187192,8.870996760827838
ACORN-Q,2013-02-16,48,816.979166666667,8.28051723574996,10.13,3.7,10.13,2.16,6.915000000000001,6.430000000000001,10.13,3.7,0.7,1.11,0.48,1023.52,12.97,1.0,0.21,partly-cloudy-day,rain,0,5,1,2,47,7,8.21238236081173,8.97450524066873,8.71138874980844,8.810150951424193,8.829465959304429
ACORN-Q,2013-02-17,48,817.979166666667,8.70055659187992,9.49,2.16,9.49,2.02,5.825,7.33,7.33,0.27,0.84,2.79,0.33,1021.74,7.26,1.0,0.24,partly-cloudy-night,rain,0,6,1,2,48,7,8.28051723574996,9.49654491265478,9.28709357776035,8.711009807864368,8.76944243100642
ACORN-Q,2013-02-18,48,817.958333333333,8.29721634356603,7.65,1.16,7.65,-1.43,4.405,6.49,5.22,-0.63,0.83,2.86,0.33,1020.42,7.23,1.0,0.27,fog,rain,0,0,0,2,49,8,8.70055659187992,8.90333102497369,8.2012249419858,8.597297190610817,8.710520563988036
ACORN-Q,2013-02-19,48,817.875,8.12682852505333,10.12,-1.43,10.12,1.93,4.345,11.549999999999999,10.12,-1.43,0.79,0.4,0.11,1019.55,6.95,2.0,0.3,fog,rain,0,1,0,2,50,8,8.29721634356603,8.86070593021881,8.29535828028147,8.51070937898115,8.675773951274534
ACORN-Q,2013-02-20,48,816.916666666667,8.47323253603691,4.88,1.83,4.88,1.28,3.355,3.05,3.78,-3.42,0.78,4.86,0.68,1023.08,8.93,1.0,0.33,fog,rain,0,2,0,2,51,8,8.12682852505333,8.76382647195072,8.51175340128724,8.405869749671798,8.636284173486356
ACORN-Q,2013-02-21,48,815.041666666667,8.73830916683738,2.28,0.86,2.28,0.2,1.5699999999999998,1.42,-2.51,-3.9,0.59,5.58,0.8,1023.97,13.24,1.0,0.36,partly-cloudy-day,rain,0,3,0,2,52,8,8.47323253603691,8.45976071869089,8.49430445504262,8.364356330255537,8.608325835195474
ACORN-Q,2013-02-22,48,815.0,8.84618650171779,1.36,0.2,1.36,0.19,0.78,1.1600000000000001,-3.32,-4.29,0.63,4.79,0.81,1020.5,13.04,1.0,0.39,partly-cloudy-day,snow,0,4,0,2,53,8,8.73830916683738,8.21238236081173,8.39591920915273,8.404148965705037,8.592438415272412
ACORN-Q,2013-02-23,48,815.0,9.1781680992638,1.74,0.19,1.74,0.85,0.965,1.55,-1.89,-4.2,0.68,3.92,0.83,1020.81,11.64,1.0,0.42,partly-cloudy-day,rain,0,5,1,2,54,8,8.84618650171779,8.28051723574996,8.97450524066873,8.494692414405902,8.58463734120021
ACORN-Q,2013-02-24,48,815.0,9.69532024417178,2.35,0.85,2.35,1.74,1.6,1.5,-2.08,-3.26,0.71,4.47,0.86,1023.88,13.0,1.0,0.45,partly-cloudy-day,rain,0,6,1,2,55,8,9.1781680992638,8.70055659187992,9.49654491265478,8.622928252050738,8.588967549772693
ACORN-Q,2013-02-25,48,813.854166666667,9.03530497199387,4.39,1.74,4.39,2.98,3.065,2.6499999999999995,0.59,-2.46,0.83,4.8,0.84,1026.97,9.78,1.0,0.48,partly-cloudy-day,rain,0,0,0,2,56,9,9.69532024417178,8.29721634356603,8.90333102497369,8.765037345235289,8.606446473909212
ACORN-Q,2013-02-26,48,812.895833333333,8.91728927593957,4.93,2.98,4.93,2.33,3.955,1.9499999999999997,1.8,-1.18,0.91,4.34,0.86,1032.15,3.48,1.0,0.52,fog,rain,0,1,0,2,57,9,9.03530497199387,8.12682852505333,8.86070593021881,8.870478577867837,8.618113869627843
ACORN-Q,2013-02-27,48,812.458333333333,8.44811577319946,6.11,2.33,6.11,2.41,4.220000000000001,3.7800000000000002,2.67,-1.82,0.83,4.4,0.69,1034.17,8.92,1.0,0.55,partly-cloudy-day,rain,0,2,0,2,58,9,8.91728927593957,8.47323253603691,8.76382647195072,8.983401542280157,8.64386012208345
ACORN-Q,2013-02-28,48,812.9375,8.30694868831262,7.26,2.41,7.26,2.58,4.835,4.85,4.09,-1.18,0.8,4.25,0.64,1029.69,12.67,1.0,0.59,partly-cloudy-day,rain,0,3,0,2,59,9,8.44811577319946,8.73830916683738,8.45976071869089,8.979813433303379,8.657870992023703
ACORN-Q,2013-03-01,48,813.0,8.438528900123,6.62,2.58,6.62,2.58,4.6,4.04,3.28,-1.08,0.78,3.77,0.83,1029.18,10.27,1.0,0.62,partly-cloudy-day,rain,0,4,0,3,60,9,8.30694868831262,8.84618650171779,8.21238236081173,8.91819050779984,8.668055492158429
ACORN-Q,2013-03-02,48,811.854166666667,8.86755264835242,4.69,0.63,4.69,-1.14,2.66,4.0600000000000005,3.13,-0.01,0.72,2.02,0.66,1027.67,13.05,1.0,0.66,partly-cloudy-day,rain,0,5,1,3,61,9,8.438528900123,9.1781680992638,8.28051723574996,8.859953707572014,8.680379361754765
ACORN-Q,2013-03-03,48,812.895833333333,8.93815473974204,7.83,-1.14,7.83,2.14,3.345,8.97,5.04,-1.14,0.8,2.2,0.58,1023.52,10.12,1.0,0.7,partly-cloudy-day,rain,0,6,1,3,62,9,8.86755264835242,9.69532024417178,8.70055659187992,8.815580071727533,8.685956643845623
ACORN-Q,2013-03-04,48,811.625,8.04656829728338,8.99,2.14,8.99,1.87,5.565,6.85,6.17,-1.41,0.78,3.66,0.27,1013.74,7.02,2.0,0.74,partly-cloudy-day,rain,0,0,0,3,63,10,8.93815473974204,9.03530497199387,8.29721634356603,8.70741357109471,8.673494542487825
ACORN-Q,2013-03-05,48,811.666666666667,7.62761785349781,16.06,1.87,16.06,7.65,8.965,14.189999999999998,16.06,1.49,0.74,1.6,0.12,1004.57,8.11,2.0,0.77,fog,rain,0,1,0,3,64,10,8.04656829728338,8.91728927593957,8.12682852505333,8.5661654747075,8.66797109089131
ACORN-Q,2013-03-06,48,811.9375,7.74103127878524,13.14,7.65,13.14,7.43,10.395,5.49,13.14,6.51,0.72,2.41,0.17,1000.69,8.37,2.0,0.81,fog,rain,0,2,0,3,65,10,7.62761785349781,8.44811577319946,8.47323253603691,8.381926700072961,8.644123218506179
ACORN-Q,2013-03-07,48,810.604166666667,7.7896557929587,9.63,7.43,9.63,8.19,8.530000000000001,2.200000000000001,7.99,6.67,0.93,2.2,0.68,996.96,2.78,2.0,0.85,fog,rain,0,3,0,3,66,10,7.74103127878524,8.30694868831262,8.73830916683738,8.280914629442359,8.616597428416823
ACORN-Q,2013-03-08,48,810.625,7.89008246621363,9.61,8.02,9.61,5.86,8.815,1.5899999999999999,9.04,6.61,0.96,1.75,0.83,997.56,1.93,2.0,0.89,fog,rain,0,4,0,3,67,10,7.7896557929587,8.438528900123,8.84618650171779,8.207015644391799,8.591431404770967
ACORN-Q,2013-03-09,48,810.604166666667,8.34461296990722,8.01,3.88,6.84,2.38,5.945,4.13,7.53,0.97,0.9,2.52,0.84,1002.41,5.68,2.0,0.92,fog,rain,0,5,1,3,68,10,7.89008246621363,8.86755264835242,9.1781680992638,8.128666153833317,8.573365806808857
ACORN-Q,2013-03-10,48,811.958333333333,9.11992978752468,3.45,1.23,3.37,-0.4,2.34,2.22,0.33,-4.03,0.82,5.05,0.81,1005.94,12.26,2.0,0.96,partly-cloudy-day,rain,0,6,1,3,69,10,8.34461296990722,8.93815473974204,9.69532024417178,8.053960485484001,8.55086965428166
ACORN-Q,2013-03-11,48,810.583333333333,8.91422732305579,1.22,-1.57,0.04,-1.89,-0.17500000000000004,2.79,-4.11,-8.57,0.73,8.17,0.6,1007.26,10.83,2.0,0.99,wind,snow,0,0,0,3,70,11,9.11992978752468,8.04656829728338,9.03530497199387,8.079928349452953,8.537419114098443
ACORN-Q,2013-03-12,48,809.9375,8.88496735270847,3.86,-1.89,3.86,1.14,0.985,5.75,-0.56,-8.88,0.63,6.81,0.54,1008.83,12.34,2.0,0.03,wind,rain,0,1,0,3,71,11,8.91422732305579,7.62761785349781,8.91728927593957,8.20387963884901,8.537808267601374
ACORN-Q,2013-03-13,48,809.8125,8.53907354057654,6.42,1.14,6.42,-0.91,3.78,5.28,3.01,-2.39,0.73,3.65,0.37,1010.59,13.04,2.0,0.06,partly-cloudy-day,rain,0,2,0,3,72,11,8.88496735270847,7.74103127878524,8.44811577319946,8.383500995879103,8.538674746976005
ACORN-Q,2013-03-14,48,809.958333333333,8.3781282294636,6.56,-0.91,6.56,2.99,2.8249999999999997,7.47,5.17,-3.72,0.67,1.81,0.27,1015.57,10.54,2.0,0.09,partly-cloudy-night,rain,0,3,0,3,73,11,8.53907354057654,7.7896557929587,8.30694868831262,8.497507033277861,8.530647856569784
ACORN-Q,2013-03-15,48,809.416666666667,8.14592557607286,8.27,2.99,8.27,6.36,5.63,5.279999999999999,4.56,-0.32,0.81,5.82,0.65,1007.6,12.36,2.0,0.12,wind,rain,0,4,0,3,74,11,8.3781282294636,7.89008246621363,8.438528900123,8.581574524207133,8.527732410525953
ACORN-Q,2013-03-16,48,810.0,8.69347160876543,7.51,5.79,7.33,3.17,6.65,1.7199999999999998,3.91,1.78,0.85,6.75,0.69,996.08,12.13,2.0,0.15,wind,rain,0,5,1,3,75,11,8.14592557607286,8.34461296990722,8.86755264835242,8.618123539901308,8.525358953928135
ACORN-Q,2013-03-17,48,808.5625,9.06227922360558,7.3,2.36,7.3,-0.22,4.83,4.9399999999999995,5.13,-0.32,0.88,2.1,0.64,990.34,11.52,2.0,0.19,partly-cloudy-day,rain,0,6,1,3,76,11,8.69347160876543,9.11992978752468,8.93815473974204,8.667960488309625,8.540107324392974
ACORN-Q,2013-03-18,48,808.5,8.3871618530985,7.35,-0.22,7.35,3.33,3.565,7.569999999999999,7.06,-1.32,0.91,0.73,0.5,991.02,7.97,2.0,0.22,partly-cloudy-day,rain,0,0,0,3,77,12,9.06227922360558,8.91422732305579,8.04656829728338,8.659724693464039,8.553025989811747
ACORN-Q,2013-03-19,48,808.791666666667,8.09692857564269,7.72,2.81,7.72,2.37,5.265,4.91,5.81,0.65,0.83,1.56,0.59,997.51,8.32,2.0,0.25,partly-cloudy-day,rain,0,1,0,3,78,12,8.3871618530985,8.88496735270847,7.62761785349781,8.584429626327282,8.556238329437907
ACORN-Q,2013-03-20,48,809.0,8.22378986353523,5.87,2.37,5.87,1.18,4.12,3.5,3.49,0.18,0.86,2.37,0.78,1006.74,5.73,2.0,0.27,partly-cloudy-day,rain,0,2,0,3,79,12,8.09692857564269,8.53907354057654,7.74103127878524,8.471852658175028,8.555170474101812
ACORN-Q,2013-03-21,48,809.0,8.07886031953028,6.27,1.18,6.27,2.59,3.7249999999999996,5.09,2.57,-1.24,0.75,4.73,0.61,1015.96,10.8,2.0,0.31,partly-cloudy-day,rain,0,3,0,3,80,12,8.22378986353523,8.3781282294636,7.7896557929587,8.426812132883413,8.546261807226752
ACORN-Q,2013-03-22,48,807.020833333333,8.56669582206129,5.01,2.59,5.01,0.95,3.8,2.42,0.07,-2.8,0.79,7.92,0.69,1009.8,6.1,3.0,0.34,wind,rain,0,4,0,3,81,12,8.07886031953028,8.14592557607286,7.89008246621363,8.38405957432151,8.522710062680071
ACORN-Q,2013-03-23,48,807.854166666667,9.30575734293205,3.06,0.92,1.45,0.14,1.99,2.14,-2.27,-4.48,0.92,6.42,0.85,1009.85,3.73,2.0,0.37,fog,rain,0,5,1,3,82,12,8.56669582206129,8.69347160876543,8.34461296990722,8.444169609462714,8.512728252692337
ACORN-Q,2013-03-24,48,807.979166666667,9.78815056504181,1.53,-0.32,1.23,0.71,0.605,1.85,-2.86,-6.34,0.78,6.06,0.83,1012.85,9.37,2.0,0.4,partly-cloudy-day,snow,0,6,1,3,83,12,9.30575734293205,9.06227922360558,9.11992978752468,8.531639000057945,8.517285011394776
ACORN-Q,2013-03-25,48,806.645833333333,9.00991406471429,1.81,0.71,1.81,0.77,1.26,1.1,-2.89,-4.96,0.65,5.95,0.68,1014.28,12.76,2.0,0.43,partly-cloudy-day,rain,0,0,0,3,84,13,9.78815056504181,8.3871618530985,8.91422732305579,8.635334905977407,8.520600379997278
ACORN-Q,2013-03-26,48,807.0,8.85139033197026,1.75,0.77,1.75,-0.29,1.26,0.98,-2.29,-4.31,0.65,4.99,0.69,1013.39,12.81,2.0,0.46,partly-cloudy-day,rain,0,1,0,3,85,13,9.00991406471429,8.09692857564269,8.88496735270847,8.724299507636806,8.51969356188015
ACORN-Q,2013-03-27,48,805.020833333333,8.56479912804448,3.82,-0.29,3.82,-0.89,1.765,4.109999999999999,-0.19,-4.06,0.64,3.95,0.48,1011.63,12.86,3.0,0.49,partly-cloudy-day,rain,0,2,0,3,86,13,8.85139033197026,8.22378986353523,8.53907354057654,8.832079758540745,8.51734002816696
ACORN-Q,2013-03-28,48,804.875,8.49221299582955,4.08,-0.89,4.08,-0.52,1.595,4.97,0.31,-3.85,0.66,3.57,0.5,1012.3,11.64,2.0,0.54,partly-cloudy-day,rain,0,3,0,3,87,13,8.56479912804448,8.07886031953028,8.3781282294636,8.88079536775635,8.521507290839997
ACORN-Q,2013-03-29,48,805.0,8.76121366521739,5.31,-0.52,5.31,0.94,2.3949999999999996,5.83,1.71,-2.99,0.63,3.52,0.59,1010.88,13.45,3.0,0.57,partly-cloudy-day,rain,1,4,0,3,88,13,8.49221299582955,8.56669582206129,8.14592557607286,8.93984575008482,8.528123873251314
ACORN-Q,2013-03-30,48,804.020833333333,8.54019201410417,4.87,0.94,4.87,-1.54,2.9050000000000002,3.93,1.53,-2.65,0.69,3.61,0.66,1011.38,13.1,3.0,0.61,partly-cloudy-day,rain,0,5,1,3,89,13,8.76121366521739,9.30575734293205,8.69347160876543,8.967634013392834,8.539648329147543
ACORN-Q,2013-03-31,48,804.979166666667,8.58876442088023,4.96,-1.54,4.96,1.1,1.71,6.5,1.64,-2.33,0.68,2.8,0.4,1014.56,12.67,3.0,0.65,partly-cloudy-day,rain,0,6,1,3,90,13,8.54019201410417,9.78815056504181,9.06227922360558,8.858267537845993,8.52795687792439
ACORN-Q,2013-04-01,48,803.854166666667,8.61119927354479,7.71,0.04,7.71,0.48,3.875,7.67,3.74,-4.26,0.57,5.5,0.2,1014.63,13.02,3.0,0.72,partly-cloudy-day,rain,0,0,0,4,91,14,8.58876442088023,9.00991406471429,8.3871618530985,8.686926660108623,8.515478652250755
ACORN-Q,2013-04-02,48,803.958333333333,8.01641097717391,4.09,0.48,4.09,0.98,2.285,3.61,-0.57,-3.72,0.64,5.84,0.45,1017.4,13.1,3.0,0.76,partly-cloudy-day,rain,0,1,0,4,92,14,8.61119927354479,8.85139033197026,8.09692857564269,8.629967404227267,8.535644044260092
ACORN-Q,2013-04-03,48,802.854166666667,8.37827949236805,2.91,0.98,2.91,1.88,1.945,1.9300000000000002,-1.57,-3.52,0.74,5.76,0.55,1014.22,10.8,3.0,0.8,partly-cloudy-day,rain,0,2,0,4,93,14,8.01641097717391,8.56479912804448,8.22378986353523,8.51068463925636,8.54952951296281
ACORN-Q,2013-04-04,48,804.229166666667,8.58254250958432,7.34,1.88,7.34,0.64,4.609999999999999,5.46,3.68,-2.8,0.61,5.89,0.63,1015.19,13.08,3.0,0.83,partly-cloudy-day,rain,0,3,0,4,94,14,8.37827949236805,8.49221299582955,8.07886031953028,8.48403897701687,8.572288377733624
ACORN-Q,2013-04-05,48,804.8125,8.42370616997891,9.87,0.64,9.87,-1.21,5.255,9.229999999999999,8.53,-2.67,0.63,2.75,0.23,1023.34,13.02,3.0,0.87,partly-cloudy-day,rain,0,4,0,4,95,14,8.58254250958432,8.76121366521739,8.56669582206129,8.496943193267551,8.600605760470254
ACORN-Q,2013-04-06,48,804.958333333333,8.36630602433994,10.37,-1.21,10.37,3.47,4.58,11.579999999999998,10.37,-1.21,0.62,2.04,0.4,1020.37,11.84,3.0,0.9,partly-cloudy-day,rain,0,5,1,4,96,14,8.42370616997891,8.54019201410417,9.30575734293205,8.448727836804911,8.61966374989044
ACORN-Q,2013-04-07,48,805.0,8.43337763763975,9.99,3.47,9.99,3.45,6.73,6.52,7.18,-0.38,0.65,4.97,0.36,1005.84,10.81,3.0,0.94,partly-cloudy-day,rain,0,6,1,4,97,14,8.36630602433994,8.58876442088023,9.78815056504181,8.423886981124307,8.620438501834467
ACORN-Q,2013-04-08,48,804.0,7.8356728858209,8.81,3.45,8.81,2.98,6.130000000000001,5.36,6.01,0.39,0.83,3.87,0.7,997.5,6.66,3.0,0.97,partly-cloudy-day,rain,0,0,0,4,98,15,8.43337763763975,8.61119927354479,9.00991406471429,8.40168886923281,8.595918782195719
ACORN-Q,2013-04-09,48,803.958333333333,7.89356585564447,10.59,2.98,10.59,5.93,6.785,7.609999999999999,10.59,0.4,0.79,1.07,0.61,1003.54,4.44,4.0,0.01,fog,rain,0,1,0,4,99,15,7.8356728858209,8.01641097717391,8.85139033197026,8.290899385272255,8.557398980865903
ACORN-Q,2013-04-10,48,802.5,7.68156732272371,11.3,5.93,11.3,7.09,8.615,5.370000000000001,11.3,2.98,0.9,2.28,0.69,997.1,6.07,3.0,0.04,fog,rain,0,2,0,4,100,15,7.89356585564447,8.37827949236805,8.56479912804448,8.27335008219662,8.521991784542188
ACORN-Q,2013-04-11,48,802.958333333333,7.90464801123406,11.51,7.09,11.51,4.92,9.3,4.42,11.51,4.87,0.87,3.04,0.54,997.53,11.62,3.0,0.07,partly-cloudy-day,rain,0,3,0,4,101,15,7.68156732272371,8.58254250958432,8.49221299582955,8.173819772247429,8.491366562476015
ACORN-Q,2013-04-12,48,803.0,7.58135118393524,11.42,4.92,11.29,10.92,8.17,6.5,11.42,3.3,0.87,4.42,0.57,1011.09,11.06,3.0,0.1,wind,rain,0,4,0,4,102,15,7.90464801123406,8.42370616997891,8.76121366521739,8.076977701054535,8.474456554682105
ACORN-Q,2013-04-13,48,802.958333333333,7.72202241152303,19.88,11.49,19.88,10.88,15.684999999999999,8.389999999999999,19.88,11.49,0.7,6.56,0.45,1013.12,12.36,4.0,0.13,wind,rain,0,5,1,4,103,15,7.58135118393524,8.36630602433994,8.54019201410417,7.956641274476866,8.45429318353433
ACORN-Q,2013-04-14,48,802.875,7.78285100188616,15.43,10.08,15.43,9.63,12.754999999999999,5.35,15.43,10.08,0.72,5.4,0.42,1016.86,12.96,4.0,0.16,partly-cloudy-day,rain,0,6,1,4,104,15,7.72202241152303,8.43337763763975,8.58876442088023,7.864600758360164,8.419598569347103
ACORN-Q,2013-04-15,48,801.020833333333,7.18060055333456,16.55,9.63,16.55,9.66,13.09,6.92,16.55,7.26,0.7,5.75,0.4,1015.5,12.52,4.0,0.19,partly-cloudy-day,rain,0,0,0,4,105,16,7.78285100188616,7.8356728858209,8.61119927354479,7.771668381823939,8.373904704285696
ACORN-Q,2013-04-16,48,800.625,7.09461406995542,17.95,9.66,17.95,9.13,13.805,8.29,17.95,8.26,0.77,5.53,0.54,1014.48,10.8,4.0,0.22,wind,rain,0,1,0,4,106,16,7.18060055333456,7.89356585564447,8.01641097717391,7.678086620040176,8.330813229294126
ACORN-Q,2013-04-17,48,802.291666666667,7.03363442058708,14.11,8.48,14.11,7.08,11.295,5.629999999999999,14.11,5.27,0.64,8.12,0.35,1013.1,12.81,4.0,0.25,wind,rain,0,2,0,4,107,16,7.09461406995542,7.68156732272371,8.37827949236805,7.563950650656025,8.295016282662436
ACORN-Q,2013-04-18,48,803.979166666667,7.06665204692772,11.95,6.17,11.95,2.88,9.059999999999999,5.779999999999999,11.95,3.88,0.69,2.33,0.47,1025.56,13.12,4.0,0.28,partly-cloudy-day,rain,0,3,0,4,108,16,7.03363442058708,7.90464801123406,8.58254250958432,7.471388807493649,8.252510731128575
ACORN-Q,2013-04-19,48,801.958333333333,7.17663037047229,13.14,2.88,13.14,1.46,8.01,10.260000000000002,13.14,2.88,0.66,2.21,0.16,1032.63,12.07,5.0,0.31,partly-cloudy-day,rain,0,4,0,4,109,16,7.06665204692772,7.58135118393524,8.42370616997891,7.351675098307029,8.216360435678483
ACORN-Q,2013-04-20,48,802.895833333333,7.4123525376439,14.12,1.46,14.12,6.91,7.789999999999999,12.66,14.12,1.46,0.64,2.14,0.28,1021.92,12.79,4.0,0.35,partly-cloudy-day,rain,0,5,1,4,110,16,7.17663037047229,7.72202241152303,8.36630602433994,7.293857839240894,8.166715240978878
ACORN-Q,2013-04-21,48,801.895833333333,7.75217056663458,14.32,6.91,14.32,10.02,10.615,7.41,14.32,5.12,0.74,4.12,0.66,1016.11,12.04,4.0,0.38,partly-cloudy-day,rain,0,6,1,4,111,16,7.4123525376439,7.78285100188616,8.43337763763975,7.24961928582959,8.099093640790015
ACORN-Q,2013-04-22,48,799.916666666667,7.01664495024907,20.25,10.02,20.25,9.45,15.135,10.23,20.25,10.02,0.68,3.48,0.46,1019.23,12.5,5.0,0.41,partly-cloudy-day,rain,0,0,0,4,112,17,7.75217056663458,7.18060055333456,7.8356728858209,7.2452363665079345,8.026380069418327
ACORN-Q,2013-04-23,48,801.291666666667,6.75977091437205,19.35,9.45,19.35,11.38,14.4,9.900000000000002,19.35,8.49,0.74,3.03,0.33,1023.67,11.96,4.0,0.45,partly-cloudy-day,rain,0,1,0,4,113,17,7.01664495024907,7.09461406995542,7.89356585564447,7.2218141374957225,7.955191886758855
ACORN-Q,2013-04-24,48,802.770833333333,6.75107812948417,22.08,11.38,22.08,7.05,16.73,10.699999999999998,22.08,11.38,0.72,3.2,0.27,1020.93,10.17,5.0,0.48,partly-cloudy-day,rain,0,2,0,4,114,17,6.75977091437205,7.03363442058708,7.68156732272371,7.1739794009838125,7.880491193273204
ACORN-Q,2013-04-25,48,801.020833333333,6.60817494126784,13.28,7.05,12.06,4.02,10.165,6.2299999999999995,13.28,5.04,0.65,3.42,0.51,1015.24,12.12,5.0,0.52,partly-cloudy-day,rain,0,3,0,4,115,17,6.75107812948417,7.06665204692772,7.90464801123406,7.133614216540541,7.815715443324621
ACORN-Q,2013-04-26,48,800.0,6.78277090878642,10.36,4.02,10.36,1.61,7.1899999999999995,6.34,10.36,1.82,0.71,2.7,0.39,1015.1,13.16,5.0,0.56,partly-cloudy-day,rain,0,4,0,4,116,17,6.60817494126784,7.17663037047229,7.58135118393524,7.068117487160557,7.748428369947418
ACORN-Q,2013-04-27,48,800.520833333333,7.30532805993879,11.59,1.61,11.59,7.98,6.6,9.98,11.59,1.61,0.64,3.27,0.27,1017.0,12.49,5.0,0.6,partly-cloudy-day,rain,0,5,1,4,117,17,6.78277090878642,7.4123525376439,7.72202241152303,7.011851849776861,7.677769700074884
ACORN-Q,2013-04-28,48,800.0,7.82545353589193,13.41,7.98,13.41,5.94,10.695,5.43,13.41,4.92,0.59,4.51,0.45,1016.36,13.18,4.0,0.63,partly-cloudy-day,rain,0,6,1,4,118,17,7.30532805993879,7.75217056663458,7.78285100188616,6.996562638676131,7.633667415997548
ACORN-Q,2013-04-29,48,800.979166666667,6.99660743739076,13.71,5.94,13.71,4.42,9.825000000000001,7.7700000000000005,13.71,4.3,0.62,2.84,0.22,1024.5,13.15,5.0,0.67,partly-cloudy-day,rain,0,0,0,4,119,18,7.82545353589193,7.01664495024907,7.18060055333456,7.007031634284324,7.6064063129622514
ACORN-Q,2013-04-30,48,799.9375,6.77636838032096,16.32,4.42,16.32,5.43,10.370000000000001,11.9,16.32,2.32,0.62,2.95,0.26,1024.26,12.7,5.0,0.71,partly-cloudy-day,rain,0,1,0,4,120,18,6.99660743739076,6.75977091437205,7.09461406995542,7.004169132447423,7.548742318813893
ACORN-Q,2013-05-01,48,799.979166666667,6.76870937590723,16.96,5.43,16.96,4.48,11.195,11.530000000000001,16.96,3.39,0.43,2.9,0.2,1022.7,15.34,5.0,0.75,partly-cloudy-day,rain,0,2,0,5,121,18,6.77636838032096,6.75107812948417,7.03363442058708,7.006540199011553,7.504455083212002
ACORN-Q,2013-05-02,48,798.958333333333,6.67826860127446,19.71,4.48,19.71,8.05,12.095,15.23,19.71,4.48,0.56,2.71,0.34,1019.76,14.76,5.0,0.78,partly-cloudy-day,rain,0,3,0,5,122,18,6.76870937590723,6.60817494126784,7.06665204692772,7.009058948500561,7.446970436195544
ACORN-Q,2013-05-03,48,798.020833333333,6.69231890395435,16.31,8.05,16.31,6.87,12.18,8.259999999999998,16.31,5.78,0.64,5.16,0.34,1017.3,13.24,4.0,0.82,partly-cloudy-day,rain,0,4,0,5,123,18,6.67826860127446,6.78277090878642,7.17663037047229,7.019072328501507,7.3789606537559065
ACORN-Q,2013-05-04,48,796.0,7.04511169254794,17.79,6.87,17.79,10.48,12.33,10.919999999999998,17.79,5.5,0.68,2.26,0.36,1021.76,12.91,4.0,0.85,partly-cloudy-day,rain,0,5,1,5,124,18,6.69231890395435,7.30532805993879,7.4123525376439,7.006150613525498,7.31712539425503
ACORN-Q,2013-05-05,48,797.5,6.98286103547606,20.99,10.48,20.99,8.63,15.735,10.509999999999998,20.99,10.48,0.63,1.13,0.22,1020.13,13.5,5.0,0.89,partly-cloudy-day,rain,0,6,1,5,125,18,7.04511169254794,7.82545353589193,7.75217056663458,6.968976846755376,7.269939882405316
ACORN-Q,2013-05-06,48,797.958333333333,6.83170068615941,19.82,8.63,19.82,11.72,14.225000000000001,11.19,19.82,8.63,0.6,2.07,0.16,1016.51,14.19,5.0,0.92,partly-cloudy-day,rain,0,0,0,5,126,19,6.98286103547606,6.99660743739076,7.01664495024907,6.8486064895531085,7.218135718042327
ACORN-Q,2013-05-07,48,797.020833333333,6.52228351462109,16.81,11.33,16.81,7.28,14.07,5.479999999999999,16.81,11.33,0.77,3.21,0.52,1007.4,9.8,4.0,0.95,partly-cloudy-day,rain,0,1,0,5,127,19,6.83170068615941,6.77636838032096,6.75977091437205,6.8250483822343435,7.182279568054416
ACORN-Q,2013-05-08,48,795.979166666667,6.72708670095117,14.28,7.28,14.28,10.18,10.78,6.999999999999999,14.28,5.0,0.71,7.13,0.47,1008.69,11.97,4.0,0.99,wind,rain,0,2,0,5,128,19,6.52228351462109,6.76870937590723,6.75107812948417,6.78875054427722,7.133305198732153
ACORN-Q,2013-05-09,48,795.625,6.66097598064684,17.17,10.2,17.17,7.06,13.685,6.970000000000002,17.17,10.2,0.72,6.74,0.63,1010.14,12.39,5.0,0.02,wind,rain,0,3,0,5,129,19,6.72708670095117,6.67826860127446,6.60817494126784,6.782804447854926,7.0992166050974195
ACORN-Q,2013-05-10,48,795.0,6.55679909775098,13.18,7.06,13.18,6.04,10.12,6.12,13.18,4.29,0.78,4.83,0.56,1010.93,12.2,4.0,0.05,wind,rain,0,4,0,5,130,19,6.66097598064684,6.69231890395435,6.78277090878642,6.780334073479551,7.054799746862161
ACORN-Q,2013-05-11,48,796.958333333333,7.09294769176156,14.81,6.04,14.81,10.87,10.425,8.77,14.81,2.44,0.76,5.33,0.44,1014.56,12.05,6.0,0.08,partly-cloudy-day,rain,0,5,1,5,131,19,6.55679909775098,7.04511169254794,7.30532805993879,6.760974101164784,7.018208600927009
ACORN-Q,2013-05-12,48,796.0,7.60035271738757,14.06,7.45,14.06,7.36,10.755,6.61,14.06,4.53,0.68,6.61,0.61,1011.68,11.93,5.0,0.11,wind,rain,0,6,1,5,132,19,7.09294769176156,6.98286103547606,7.82545353589193,6.767807815338158,6.9957416466498135
ACORN-Q,2013-05-13,48,794.625,6.76773614791772,10.94,7.36,10.94,7.0,9.15,3.579999999999999,10.94,4.75,0.8,3.97,0.67,1003.62,11.38,4.0,0.14,wind,rain,0,0,0,5,133,20,7.60035271738757,6.83170068615941,6.99660743739076,6.856020912754088,6.989223850774864
ACORN-Q,2013-05-14,48,795.895833333333,7.08200379191935,13.64,7.0,13.64,4.17,10.32,6.640000000000001,13.64,2.67,0.71,5.86,0.71,994.19,11.97,4.0,0.17,wind,rain,0,1,0,5,134,20,6.76773614791772,6.52228351462109,6.77636838032096,6.846883121576704,6.974478693438548
ACORN-Q,2013-05-15,48,795.958333333333,6.87240974040138,15.13,4.17,15.13,7.2,9.65,10.96,15.13,4.17,0.74,1.64,0.36,999.92,10.93,5.0,0.2,partly-cloudy-day,rain,0,2,0,5,135,20,7.08200379191935,6.72708670095117,6.76870937590723,6.926843161190741,6.974028326365832
ACORN-Q,2013-05-16,48,794.708333333333,6.70959167315237,11.3,7.2,11.3,9.12,9.25,4.1000000000000005,11.3,6.9,0.76,2.35,0.6,1005.87,11.54,4.0,0.23,partly-cloudy-day,rain,0,3,0,5,136,20,6.87240974040138,6.66097598064684,6.67826860127446,6.947603595397914,6.968270302073486
ACORN-Q,2013-05-17,48,794.020833333333,6.77686435834846,14.56,9.12,14.56,8.91,11.84,5.440000000000001,14.56,7.62,0.67,1.94,0.59,1008.08,11.93,4.0,0.26,partly-cloudy-day,rain,0,4,0,5,137,20,6.70959167315237,6.55679909775098,6.69231890395435,6.9545486943272765,6.955518145867223
ACORN-Q,2013-05-18,48,791.333333333333,7.17777345281925,17.85,8.91,17.85,11.38,13.38,8.940000000000001,17.85,8.56,0.7,2.12,0.32,1011.12,11.1,5.0,0.3,partly-cloudy-day,rain,0,5,1,5,138,20,6.77686435834846,7.09294769176156,7.04511169254794,6.985986588698344,6.941240788291371
ACORN-Q,2013-05-19,48,794.729166666667,7.30308963848789,16.87,11.38,16.77,12.44,14.125,5.49,16.87,11.38,0.84,3.7,0.81,1011.37,7.31,4.0,0.33,cloudy,rain,0,6,1,5,139,20,7.17777345281925,7.60035271738757,6.98286103547606,6.998104554563729,6.932862963833348
ACORN-Q,2013-05-20,48,793.770833333333,6.84674842319408,16.22,12.01,13.49,10.1,14.114999999999998,4.209999999999999,16.22,12.01,0.78,4.21,0.79,1015.56,10.78,4.0,0.36,partly-cloudy-day,rain,0,0,0,5,140,21,7.30308963848789,6.76773614791772,6.83170068615941,6.955638400435204,6.916824359256681
ACORN-Q,2013-05-21,48,793.833333333333,6.80764578639592,14.02,9.58,14.02,6.27,11.8,4.4399999999999995,14.02,7.13,0.7,3.25,0.74,1018.45,11.68,4.0,0.4,partly-cloudy-day,rain,0,1,0,5,141,21,6.84674842319408,7.08200379191935,6.52228351462109,6.966925868331826,6.910756626147574
ACORN-Q,2013-05-22,48,791.041666666667,6.77734269717745,10.26,6.27,10.26,5.43,8.265,3.99,10.26,3.51,0.65,4.18,0.49,1013.55,12.54,6.0,0.44,partly-cloudy-day,rain,0,2,0,5,142,21,6.80764578639592,6.87240974040138,6.72708670095117,6.927731867542765,6.912466443005569
ACORN-Q,2013-05-23,48,791.6875,6.7567442721025,8.21,5.43,8.21,5.64,6.82,2.780000000000001,6.24,1.79,0.84,2.24,0.65,1009.4,11.89,4.0,0.47,partly-cloudy-day,rain,0,3,0,5,143,21,6.77734269717745,6.70959167315237,6.66097598064684,6.914150861367917,6.9134044632803295
ACORN-Q,2013-05-24,48,791.833333333333,6.94799742959462,14.87,5.64,14.87,6.24,10.254999999999999,9.23,14.87,3.19,0.67,3.46,0.32,1020.26,12.21,5.0,0.51,partly-cloudy-day,rain,0,4,0,5,144,21,6.7567442721025,6.77686435834846,6.55679909775098,6.920886946932221,6.918710510810139
ACORN-Q,2013-05-25,48,792.916666666667,6.95989742672278,18.82,6.24,18.82,6.32,12.530000000000001,12.58,18.82,4.49,0.55,2.79,0.34,1018.43,14.76,6.0,0.55,partly-cloudy-day,rain,0,5,1,5,145,21,6.94799742959462,7.17777345281925,7.09294769176156,6.945334528538816,6.92461145798186
ACORN-Q,2013-05-26,48,793.520833333333,6.86444088751145,17.28,6.32,17.28,9.97,11.8,10.96,17.28,4.68,0.58,4.34,0.29,1009.15,13.63,6.0,0.59,wind,rain,0,6,1,5,146,21,6.95989742672278,7.30308963848789,7.60035271738757,6.914209381953605,6.912274649652717
ACORN-Q,2013-05-27,48,791.916666666667,6.8624818226037,12.13,9.78,11.88,8.38,10.955,2.3500000000000014,12.13,9.12,0.86,1.48,0.67,1000.65,9.37,4.0,0.62,partly-cloudy-day,rain,1,0,0,5,147,22,6.86444088751145,6.84674842319408,6.76773614791772,6.851545274671257,6.877952769353414
ACORN-Q,2013-05-28,48,791.3125,6.98888728970399,12.79,8.38,12.79,10.79,10.585,4.409999999999998,12.79,7.59,0.87,2.14,0.76,1004.27,9.24,4.0,0.66,partly-cloudy-day,rain,0,1,0,5,148,22,6.8624818226037,6.80764578639592,7.08200379191935,6.853792903158346,6.873162568825305
ACORN-Q,2013-05-29,48,792.375,7.11583239371706,14.69,10.79,14.69,11.27,12.739999999999998,3.9000000000000004,14.69,10.79,0.86,3.44,0.94,1010.33,8.71,4.0,0.7,partly-cloudy-day,rain,0,2,0,5,149,22,6.98888728970399,6.77734269717745,6.87240974040138,6.87968454648807,6.880752529874699
ACORN-Q,2013-05-30,48,792.645833333333,6.96385426890771,21.68,11.27,21.68,10.77,16.475,10.41,21.68,11.27,0.72,3.45,0.54,1017.87,10.59,6.0,0.73,partly-cloudy-day,rain,0,3,0,5,150,22,7.11583239371706,6.7567442721025,6.70959167315237,6.9280402174223,6.893149780510764
ACORN-Q,2013-05-31,48,793.875,6.65839655857725,17.34,10.77,17.34,9.72,14.055,6.57,17.34,10.77,0.65,3.35,0.38,1022.85,12.7,5.0,0.77,partly-cloudy-day,rain,0,4,0,5,151,22,6.96385426890771,6.94799742959462,6.77686435834846,6.957627359823044,6.903349268640524
ACORN-Q,2013-06-01,48,792.041666666667,6.74818668969958,18.83,9.72,18.83,7.24,14.274999999999999,9.109999999999998,18.83,8.97,0.59,2.4,0.27,1028.53,13.42,5.0,0.8,partly-cloudy-day,rain,0,5,1,6,152,22,6.65839655857725,6.95989742672278,7.17777345281925,6.916255806820563,6.902137756305627
ACORN-Q,2013-06-02,48,792.0,6.95446085959596,18.66,7.24,18.66,7.64,12.95,11.42,18.66,7.24,0.66,2.84,0.26,1031.47,13.28,6.0,0.84,partly-cloudy-day,rain,0,6,1,6,153,22,6.74818668969958,6.86444088751145,7.30308963848789,6.886011415817249,6.8915332919181855
ACORN-Q,2013-06-03,48,793.9375,6.41368443139154,20.07,7.64,20.07,8.96,13.855,12.43,20.07,6.1,0.6,4.16,0.27,1027.0,14.65,7.0,0.87,partly-cloudy-day,rain,0,0,0,6,154,23,6.95446085959596,6.8624818226037,6.84674842319408,6.8988714118293215,6.890518999922468
ACORN-Q,2013-06-04,48,791.041666666667,6.26007367927521,19.64,8.96,19.64,8.73,14.3,10.68,19.64,6.8,0.71,3.59,0.56,1021.53,13.31,5.0,0.9,partly-cloudy-day,rain,0,1,0,6,155,23,6.41368443139154,6.98888728970399,6.80764578639592,6.8347574987990125,6.875589847966473
ACORN-Q,2013-06-05,48,793.625,6.34879964704016,20.88,8.73,20.88,10.02,14.805,12.149999999999999,20.88,6.66,0.68,4.28,0.23,1021.53,13.34,3.0,0.93,partly-cloudy-day,rain,1,2,0,6,156,23,6.26007367927521,7.11583239371706,6.77734269717745,6.730641268737758,6.866225210989833
ACORN-Q,2013-06-06,48,791.8125,6.39675392087025,19.64,10.02,19.64,9.16,14.83,9.620000000000001,19.64,10.02,0.66,4.3,0.38,1023.0,14.39,6.0,0.97,partly-cloudy-day,rain,0,3,0,6,157,23,6.34879964704016,6.96385426890771,6.7567442721025,6.6210651620696295,6.852714959064441
ACORN-Q,2013-06-07,48,792.0,6.30977651527778,17.06,9.16,17.06,10.29,13.11,7.899999999999999,17.06,6.88,0.69,5.44,0.36,1021.44,12.44,6.0,0.99,partly-cloudy-day,rain,0,4,0,6,158,23,6.39675392087025,6.65839655857725,6.94799742959462,6.540050826635707,6.8432784569295615
ACORN-Q,2013-06-08,48,789.25,6.70032646121176,14.17,10.29,14.17,10.61,12.23,3.880000000000001,14.17,10.29,0.72,4.59,0.89,1016.69,12.38,4.0,0.03,partly-cloudy-day,rain,0,5,1,6,159,23,6.30977651527778,6.74818668969958,6.95989742672278,6.490247963307211,6.834456221841235
ACORN-Q,2013-06-09,48,792.604166666667,7.18175945396038,14.56,10.61,14.56,8.16,12.585,3.950000000000001,14.56,10.61,0.68,1.67,0.95,1015.7,12.55,4.0,0.06,cloudy,rain,0,6,1,6,160,23,6.70032646121176,6.95446085959596,6.86444088751145,6.483410787808951,6.820434035035883
ACORN-Q,2013-06-10,48,792.020833333333,6.64750497369996,16.96,8.16,16.96,14.16,12.56,8.8,16.96,6.87,0.83,3.0,0.61,1013.81,10.46,4.0,0.09,partly-cloudy-day,rain,0,0,0,6,161,24,7.18175945396038,6.41368443139154,6.8624818226037,6.515882015575296,6.805484275627769
ACORN-Q,2013-06-11,48,790.708333333333,6.52122217811496,16.96,14.16,16.96,13.03,15.56,2.8000000000000007,17.01,14.16,0.86,5.94,0.93,1011.39,10.86,5.0,0.12,wind,rain,0,1,0,6,162,24,6.64750497369996,6.26007367927521,6.98888728970399,6.549284950190786,6.801190305119993
ACORN-Q,2013-06-12,48,789.020833333333,6.71484018162948,17.59,12.96,17.59,9.13,15.275,4.629999999999999,17.59,12.96,0.75,6.8,0.78,1011.04,11.94,5.0,0.15,wind,rain,0,2,0,6,163,24,6.52122217811496,6.34879964704016,7.11583239371706,6.586591878596464,6.781162390341264
ACORN-Q,2013-06-13,48,790.875,6.66082422958301,18.81,9.13,18.81,11.01,13.969999999999999,9.679999999999998,18.81,7.72,0.69,4.12,0.45,1016.14,13.05,5.0,0.18,partly-cloudy-day,rain,0,3,0,6,164,24,6.71484018162948,6.39675392087025,6.96385426890771,6.638883383537796,6.77553490609941
ACORN-Q,2013-06-14,48,788.979166666667,6.47497958700717,16.27,11.01,16.27,11.46,13.64,5.26,16.27,11.01,0.74,6.04,0.42,1008.6,12.18,5.0,0.21,wind,rain,0,4,0,6,165,24,6.66082422958301,6.30977651527778,6.65839655857725,6.676607713353904,6.773793211686219
ACORN-Q,2013-06-15,48,789.0,6.99899746489227,17.34,11.46,17.34,12.87,14.4,5.879999999999999,17.34,11.46,0.71,3.05,0.42,1013.64,12.62,5.0,0.25,partly-cloudy-day,rain,0,5,1,6,166,24,6.47497958700717,6.70032646121176,6.74818668969958,6.700208152172388,6.763011612709745
ACORN-Q,2013-06-16,48,789.916666666667,7.09867605744926,20.4,12.87,20.4,13.33,16.634999999999998,7.529999999999999,20.4,12.87,0.66,4.6,0.5,1014.05,15.08,5.0,0.28,partly-cloudy-day,rain,0,6,1,6,167,24,6.99899746489227,7.18175945396038,6.95446085959596,6.742875438412462,6.7566267559980675
ACORN-Q,2013-06-17,48,789.729166666667,6.54666232351206,20.33,13.33,20.33,15.81,16.83,6.999999999999998,20.37,13.33,0.78,0.97,0.4,1014.27,10.81,6.0,0.31,partly-cloudy-day,rain,0,0,0,6,168,25,7.09867605744926,6.64750497369996,6.41368443139154,6.731006381768016,6.749326270960973
ACORN-Q,2013-06-18,48,790.520833333333,6.56247444856516,25.56,15.81,25.56,16.22,20.685,9.749999999999998,25.56,15.83,0.76,0.95,0.31,1014.65,9.82,6.0,0.35,partly-cloudy-day,rain,0,1,0,6,169,25,6.54666232351206,6.52122217811496,6.26007367927521,6.71660028888403,6.738608910258043
ACORN-Q,2013-06-19,48,789.520833333333,6.38549168969856,20.19,16.22,20.19,14.11,18.205,3.9700000000000024,20.2,16.22,0.81,1.34,0.47,1012.05,6.71,4.0,0.39,partly-cloudy-day,rain,0,2,0,6,170,25,6.56247444856516,6.71484018162948,6.34879964704016,6.722493470376916,6.729852791049802
ACORN-Q,2013-06-20,48,790.0,6.50744810240506,20.38,14.11,20.38,12.01,17.244999999999997,6.27,20.38,14.11,0.81,3.59,0.55,1010.05,10.03,5.0,0.42,partly-cloudy-day,rain,0,3,0,6,171,25,6.38549168969856,6.66082422958301,6.39675392087025,6.675443685815355,6.71585811221127
ACORN-Q,2013-06-21,48,787.0625,6.47407868790633,17.54,12.01,17.54,13.07,14.774999999999999,5.529999999999999,17.54,12.01,0.81,6.78,0.67,1007.11,11.33,5.0,0.46,wind,rain,0,4,0,6,172,25,6.50744810240506,6.47497958700717,6.30977651527778,6.6535328105042195,6.706954677579219
ACORN-Q,2013-06-22,48,789.9375,6.80885463972689,16.51,12.62,16.51,10.62,14.565000000000001,3.8900000000000023,16.51,12.62,0.76,6.28,0.7,1009.25,12.38,5.0,0.51,wind,rain,0,5,1,6,173,25,6.47407868790633,6.99899746489227,6.70032646121176,6.653404110632671,6.690029008233209
ACORN-Q,2013-06-23,48,787.041666666667,7.16196344867296,16.1,10.62,16.1,11.26,13.36,5.480000000000002,16.1,10.62,0.66,4.16,0.52,1021.79,12.89,5.0,0.54,partly-cloudy-day,rain,0,6,1,6,174,25,6.80885463972689,7.09867605744926,7.18175945396038,6.626240849894761,6.684634622983355
ACORN-Q,2013-06-24,48,788.9375,6.49282762469515,18.76,11.26,18.76,10.14,15.010000000000002,7.500000000000002,18.76,11.26,0.57,1.95,0.42,1028.61,14.24,6.0,0.58,partly-cloudy-day,rain,0,0,0,6,175,26,7.16196344867296,6.54666232351206,6.64750497369996,6.63528190578386,6.6952604287391235
ACORN-Q,2013-06-25,48,787.041666666667,6.37194607781149,20.61,10.14,20.61,12.2,15.375,10.469999999999999,20.61,10.14,0.64,1.98,0.42,1029.89,13.53,6.0,0.61,partly-cloudy-day,rain,0,1,0,6,176,26,6.49282762469515,6.56247444856516,6.52122217811496,6.627591234524302,6.682058493099532
ACORN-Q,2013-06-26,48,788.958333333333,6.34736540106886,19.23,12.2,19.23,12.56,15.715,7.030000000000001,19.23,12.2,0.69,2.69,0.54,1026.49,12.13,5.0,0.65,partly-cloudy-day,rain,0,2,0,6,177,26,6.37194607781149,6.38549168969856,6.71484018162948,6.600372895845205,6.660024878389087
ACORN-Q,2013-06-27,48,788.9375,6.29437052244797,20.16,12.56,20.16,13.42,16.36,7.6,20.25,12.56,0.87,3.46,0.93,1019.73,10.35,4.0,0.69,partly-cloudy-day,rain,0,3,0,6,178,26,6.34736540106886,6.50744810240506,6.66082422958301,6.59492628318382,6.6325796286516505
ACORN-Q,2013-06-28,48,787.145833333333,6.44819233474296,21.19,13.42,21.19,14.92,17.305,7.770000000000001,21.19,13.42,0.61,3.36,0.35,1022.39,13.23,5.0,0.72,partly-cloudy-day,rain,0,4,0,6,179,26,6.29437052244797,6.47407868790633,6.47497958700717,6.564486628904236,6.608669494849517
ACORN-Q,2013-06-29,48,788.979166666667,6.55768729515949,25.17,14.92,25.17,13.89,20.045,10.250000000000002,25.17,14.92,0.67,4.28,0.32,1021.6,12.7,5.0,0.75,partly-cloudy-day,rain,0,5,1,6,180,26,6.44819233474296,6.80885463972689,6.99899746489227,6.560788578452326,6.6011622011411495
ACORN-Q,2013-06-30,48,788.854166666667,6.85968027748877,19.78,13.89,19.78,11.84,16.835,5.890000000000001,19.78,13.89,0.63,3.94,0.44,1017.04,12.73,5.0,0.79,partly-cloudy-day,rain,0,6,1,6,181,26,6.55768729515949,7.16196344867296,7.09867605744926,6.52490752922841,6.594358651336146
ACORN-Q,2013-07-01,48,787.020833333333,6.4671302460226,17.5,11.84,17.5,14.31,14.67,5.66,17.5,11.84,0.72,3.08,0.6,1011.64,13.13,5.0,0.82,partly-cloudy-day,rain,0,0,0,7,182,27,6.85968027748877,6.49282762469515,6.54666232351206,6.481724219059241,6.590973630546604
ACORN-Q,2013-07-02,48,790.666666666667,6.60065031374022,19.69,14.31,19.69,12.48,17.0,5.380000000000001,19.69,14.31,0.79,3.67,0.83,1008.35,11.86,5.0,0.85,partly-cloudy-day,rain,0,1,0,7,183,27,6.4671302460226,6.37194607781149,6.56247444856516,6.478053164963163,6.592882409640569
ACORN-Q,2013-07-03,48,787.875,6.52424378444956,22.89,12.48,22.89,12.63,17.685000000000002,10.41,22.89,12.48,0.76,3.97,0.44,1019.37,11.93,5.0,0.88,partly-cloudy-day,rain,0,2,0,7,184,27,6.60065031374022,6.34736540106886,6.38549168969856,6.510725198667267,6.6050458608714635
ACORN-Q,2013-07-04,48,787.875,6.39734020361812,24.62,12.63,24.62,13.48,18.625,11.99,24.62,12.63,0.65,0.63,0.29,1028.43,13.18,6.0,0.91,partly-cloudy-day,rain,0,3,0,7,185,27,6.52424378444956,6.29437052244797,6.50744810240506,6.535993539150224,6.611311722921799
ACORN-Q,2013-07-05,48,786.020833333333,6.46584602027676,26.47,13.48,26.47,14.99,19.975,12.989999999999998,26.47,13.48,0.63,1.34,0.12,1029.5,12.89,7.0,0.94,partly-cloudy-day,rain,0,4,0,7,186,27,6.39734020361812,6.44819233474296,6.47407868790633,6.550703493603103,6.611332661591367
ACORN-Q,2013-07-06,48,786.979166666667,6.65365083202906,27.28,14.99,27.28,14.99,21.135,12.290000000000001,27.28,14.99,0.66,2.5,0.12,1031.56,10.98,6.0,0.97,partly-cloudy-day,rain,0,5,1,7,187,27,6.46584602027676,6.55768729515949,6.80885463972689,6.553225448679361,6.616906572484186
ACORN-Q,2013-07-07,48,785.041666666667,6.94751670188817,25.18,14.99,25.18,12.01,20.085,10.19,25.18,14.99,0.65,3.92,0.14,1032.66,13.5,6.0,0.01,partly-cloudy-day,rain,0,6,1,7,188,27,6.65365083202906,6.85968027748877,7.16196344867296,6.566934525375012,6.615239585727662
ACORN-Q,2013-07-08,48,785.729166666667,6.41871413766195,25.61,12.01,25.61,13.54,18.81,13.6,25.61,12.01,0.57,3.27,0.13,1028.39,14.68,6.0,0.04,partly-cloudy-day,rain,0,0,0,7,189,28,6.94751670188817,6.4671302460226,6.49282762469515,6.5794825860034996,6.606873773153653
ACORN-Q,2013-07-09,48,785.958333333333,6.42652009952481,23.19,13.36,23.19,11.99,18.275,9.830000000000002,23.19,13.36,0.64,3.88,0.22,1025.5,13.39,6.0,0.07,partly-cloudy-day,rain,0,1,0,7,190,28,6.41871413766195,6.60065031374022,6.37194607781149,6.5725659990948335,6.598702671866582
ACORN-Q,2013-07-10,48,783.3125,6.51040774982799,21.69,11.99,21.69,12.01,16.84,9.700000000000001,21.69,11.99,0.64,3.65,0.37,1025.45,13.94,6.0,0.1,partly-cloudy-day,rain,0,2,0,7,191,28,6.42652009952481,6.52424378444956,6.34736540106886,6.547690254206919,6.595320454774076
ACORN-Q,2013-07-11,48,786.9375,6.31707325290304,23.92,12.01,23.92,15.01,17.965,11.910000000000002,23.92,12.01,0.7,1.84,0.39,1025.08,13.73,6.0,0.13,partly-cloudy-day,rain,0,3,0,7,192,28,6.51040774982799,6.39734020361812,6.29437052244797,6.545713677832408,6.588019296495452
ACORN-Q,2013-07-12,48,787.0,6.27439390279543,29.16,15.01,29.16,17.28,22.085,14.15,29.24,15.01,0.67,0.86,0.11,1023.97,12.65,7.0,0.16,partly-cloudy-day,rain,0,4,0,7,193,28,6.31707325290304,6.46584602027676,6.44819233474296,6.534246970587397,6.575742475899739
ACORN-Q,2013-07-13,48,786.020833333333,6.48274567367722,27.83,17.28,27.83,17.96,22.555,10.549999999999997,27.83,17.28,0.61,0.86,0.27,1023.66,12.5,5.0,0.2,partly-cloudy-day,rain,0,5,1,7,194,28,6.27439390279543,6.65365083202906,6.55768729515949,6.506896668090064,6.568578701463606
ACORN-Q,2013-07-14,48,783.020833333333,6.9414439068858,29.3,17.96,29.3,17.03,23.630000000000003,11.34,29.3,17.96,0.45,0.84,0.4,1023.14,14.66,5.0,0.23,partly-cloudy-day,rain,0,6,1,7,195,28,6.48274567367722,6.94751670188817,6.85968027748877,6.482481645468374,6.5501411374916385
ACORN-Q,2013-07-15,48,783.958333333333,6.53423535924737,29.2,17.03,29.2,17.14,23.115000000000002,12.169999999999998,29.2,17.03,0.56,0.48,0.46,1022.88,14.87,5.0,0.27,partly-cloudy-day,rain,0,0,0,7,196,29,6.9414439068858,6.41871413766195,6.4671302460226,6.481614103325177,6.544525703542944
ACORN-Q,2013-07-16,48,784.3125,6.672298129796,30.28,17.14,30.28,17.5,23.71,13.14,30.28,17.14,0.54,1.24,0.23,1023.84,14.52,6.0,0.3,partly-cloudy-day,rain,0,1,0,7,197,29,6.53423535924737,6.42652009952481,6.60065031374022,6.498117134980238,6.544081883390634
ACORN-Q,2013-07-17,48,785.958333333333,6.6621591440176,27.56,17.5,27.56,15.62,22.53,10.059999999999999,27.56,17.5,0.6,3.24,0.18,1026.15,14.02,6.0,0.34,partly-cloudy-day,rain,0,2,0,7,198,29,6.672298129796,6.51040774982799,6.52424378444956,6.5332282821618355,6.548004157720306
ACORN-Q,2013-07-18,48,785.958333333333,6.60007078141829,27.27,15.62,27.27,16.34,21.445,11.65,27.27,15.62,0.57,4.26,0.18,1025.17,15.16,6.0,0.38,partly-cloudy-day,rain,0,3,0,7,199,29,6.6621591440176,6.31707325290304,6.39734020361812,6.554907052760351,6.557885138231701
ACORN-Q,2013-07-19,48,785.6875,6.40228997845675,22.49,16.34,22.49,16.84,19.415,6.149999999999999,22.49,16.34,0.74,4.37,0.51,1023.47,12.42,5.0,0.41,partly-cloudy-day,rain,0,4,0,7,200,29,6.60007078141829,6.27439390279543,6.46584602027676,6.595335271119673,6.561193091053602
ACORN-Q,2013-07-20,48,786.583333333333,6.57977596312645,26.03,16.84,26.03,17.21,21.435000000000002,9.190000000000001,26.07,16.84,0.71,3.44,0.51,1019.71,11.64,5.0,0.45,partly-cloudy-day,rain,0,5,1,7,201,29,6.40228997845675,6.48274567367722,6.65365083202906,6.6136061390712895,6.55862920857326
ACORN-Q,2013-07-21,48,783.9375,6.93174544791918,32.16,17.21,32.16,19.29,24.685,14.949999999999996,32.16,17.29,0.63,1.62,0.28,1016.02,11.3,4.0,0.48,partly-cloudy-day,rain,0,6,1,7,202,29,6.57977596312645,6.9414439068858,6.94751670188817,6.627467608992609,6.550447827266102
ACORN-Q,2013-07-22,48,784.979166666667,6.62193334935916,27.13,19.29,27.13,15.59,23.21,7.84,28.0,19.64,0.74,1.84,0.37,1013.38,12.1,5.0,0.53,partly-cloudy-day,rain,0,0,0,7,203,30,6.93174544791918,6.53423535924737,6.41871413766195,6.62608211485452,6.54222575581061
ACORN-Q,2013-07-23,48,784.1875,6.73718967118485,26.24,15.59,26.24,16.63,20.915,10.649999999999999,26.24,15.59,0.67,3.59,0.34,1014.24,12.89,6.0,0.57,partly-cloudy-day,rain,0,1,0,7,204,30,6.62193334935916,6.672298129796,6.42652009952481,6.638610399156204,6.54683667454861
ACORN-Q,2013-07-24,48,782.854166666667,6.57138539889038,25.13,16.63,25.13,15.26,20.88,8.5,25.13,16.86,0.74,3.05,0.45,1012.93,12.1,4.0,0.6,partly-cloudy-day,rain,0,2,0,7,205,30,6.73718967118485,6.6621591440176,6.51040774982799,6.647880619354611,6.559881088597658
ACORN-Q,2013-07-25,48,781.729166666667,6.50733509375253,26.19,15.26,26.19,14.82,20.725,10.930000000000001,26.19,15.26,0.62,1.6,0.37,1012.42,13.2,4.0,0.64,partly-cloudy-day,rain,0,3,0,7,206,30,6.57138539889038,6.60007078141829,6.31707325290304,6.634912941479294,6.5678818028055685
ACORN-Q,2013-07-26,48,782.645833333333,6.30315677028484,27.28,14.82,27.28,15.34,21.05,12.46,27.37,14.82,0.68,0.63,0.26,1006.91,11.96,6.0,0.67,partly-cloudy-day,rain,0,4,0,7,207,30,6.50733509375253,6.40228997845675,6.27439390279543,6.621664986098471,6.575487680352161
ACORN-Q,2013-07-27,48,782.020833333333,6.71332519246161,23.14,15.34,23.14,16.48,19.240000000000002,7.800000000000001,23.14,15.34,0.73,5.02,0.44,1006.68,11.72,6.0,0.71,partly-cloudy-day,rain,0,5,1,7,208,30,6.30315677028484,6.57977596312645,6.48274567367722,6.60750309921677,6.5703078387643705
ACORN-Q,2013-07-28,48,781.729166666667,6.77676636246694,22.36,16.48,22.36,15.77,19.42,5.879999999999999,22.36,16.48,0.75,5.42,0.55,1011.33,12.3,5.0,0.74,partly-cloudy-day,rain,0,6,1,7,209,30,6.71332519246161,6.93174544791918,6.9414439068858,6.626581560550364,6.57586633509659
ACORN-Q,2013-07-29,48,782.0,6.44724680332481,20.91,15.64,20.91,16.49,18.275,5.27,21.02,15.7,0.86,3.99,0.49,1013.58,11.12,4.0,0.77,partly-cloudy-day,rain,0,0,0,7,210,31,6.77676636246694,6.62193334935916,6.53423535924737,6.604441691200044,6.57290512384581
ACORN-Q,2013-07-30,48,781.020833333333,6.540240339313,23.56,16.49,23.56,16.98,20.025,7.07,23.77,16.49,0.8,4.47,0.55,1015.34,11.97,4.0,0.8,partly-cloudy-day,rain,0,1,0,7,211,31,6.44724680332481,6.73718967118485,6.672298129796,6.5794864703379945,6.572195000892317
ACORN-Q,2013-07-31,48,783.791666666667,6.46325344297948,32.4,16.98,32.4,17.41,24.689999999999998,15.419999999999998,32.42,17.18,0.65,3.68,0.2,1009.49,14.08,5.0,0.83,partly-cloudy-day,rain,0,2,0,7,212,31,6.540240339313,6.57138539889038,6.6621591440176,6.5513508514991585,6.570037501805631
ACORN-Q,2013-08-01,48,781.895833333333,6.50790455519355,24.64,17.41,24.64,15.36,21.025,7.23,24.68,17.44,0.71,3.89,0.42,1008.75,12.67,4.0,0.86,partly-cloudy-day,rain,0,3,0,8,213,31,6.46325344297948,6.50733509375253,6.60007078141829,6.535903429226173,6.567859275324556
ACORN-Q,2013-08-02,48,780.854166666667,6.5037280664182,23.17,15.36,23.17,14.79,19.265,7.810000000000002,23.17,15.36,0.71,4.85,0.34,1014.89,12.71,4.0,0.89,partly-cloudy-day,rain,0,4,0,8,214,31,6.50790455519355,6.30315677028484,6.40228997845675,6.535984780860604,6.571808002166536
ACORN-Q,2013-08-03,48,780.020833333333,6.4466797801195,22.98,14.79,22.98,17.05,18.884999999999998,8.190000000000001,22.98,14.79,0.7,4.52,0.43,1019.02,12.67,4.0,0.92,partly-cloudy-day,rain,0,5,1,8,215,31,6.5037280664182,6.71332519246161,6.57977596312645,6.56463782316537,6.573160932385874
ACORN-Q,2013-08-04,48,780.0,6.72136666692308,22.72,16.23,22.72,12.23,19.475,6.489999999999998,22.72,16.37,0.76,3.13,0.54,1012.36,12.59,4.0,0.95,partly-cloudy-day,rain,0,6,1,8,216,31,6.4466797801195,6.77676636246694,6.93174544791918,6.526545621402211,6.56576910910339
ACORN-Q,2013-08-05,48,780.833333333333,6.52936865861256,22.11,12.23,22.11,14.97,17.17,9.879999999999999,22.11,12.23,0.68,1.35,0.41,1015.69,13.53,4.0,0.98,partly-cloudy-day,rain,0,0,0,8,217,32,6.72136666692308,6.44724680332481,6.62193334935916,6.51863137918166,6.55769232214035
ACORN-Q,2013-08-06,48,779.041666666667,6.35868379265268,21.49,14.97,21.49,11.83,18.23,6.519999999999998,21.49,14.97,0.64,2.95,0.37,1014.33,13.49,4.0,0.02,partly-cloudy-day,rain,0,1,0,8,218,32,6.52936865861256,6.540240339313,6.73718967118485,6.530363072794196,6.561644269317157
ACORN-Q,2013-08-07,48,780.958333333333,6.33497371487428,23.81,11.83,23.81,15.68,17.82,11.979999999999999,23.81,11.83,0.63,1.47,0.3,1019.26,13.52,6.0,0.05,partly-cloudy-day,rain,0,2,0,8,219,32,6.35868379265268,6.46325344297948,6.57138539889038,6.504426423271292,6.559221544071725
ACORN-Q,2013-08-08,48,780.020833333333,6.25790445668275,23.85,15.68,23.85,14.1,19.765,8.170000000000002,23.85,15.72,0.67,3.0,0.48,1018.82,12.42,5.0,0.08,partly-cloudy-day,rain,0,3,0,8,220,32,6.33497371487428,6.50790455519355,6.50733509375253,6.486100747827693,6.552956042823378
ACORN-Q,2013-08-09,48,777.625,6.20238647030955,21.73,14.1,21.73,15.42,17.915,7.630000000000001,21.73,14.1,0.57,2.82,0.49,1021.99,14.42,5.0,0.11,partly-cloudy-day,rain,0,4,0,8,221,32,6.25790445668275,6.5037280664182,6.30315677028484,6.450386448040435,6.550842871529795
ACORN-Q,2013-08-10,48,780.895833333333,6.28567619262384,22.76,15.42,22.76,13.57,19.09,7.340000000000002,22.76,15.42,0.62,3.8,0.45,1018.13,13.97,5.0,0.15,partly-cloudy-day,rain,0,5,1,8,222,32,6.20238647030955,6.4466797801195,6.71332519246161,6.407337648596342,6.548271177512443
ACORN-Q,2013-08-11,48,779.041666666667,6.49996480876431,20.39,13.57,20.39,11.46,16.98,6.82,20.39,13.57,0.61,3.6,0.41,1016.89,14.11,4.0,0.18,partly-cloudy-day,rain,0,6,1,8,223,32,6.28567619262384,6.72136666692308,6.77676636246694,6.3843371360969625,6.541232981760537
ACORN-Q,2013-08-12,48,779.979166666667,6.23541528206461,19.8,11.46,19.8,11.04,15.63,8.34,19.8,11.46,0.69,3.63,0.43,1021.59,13.5,4.0,0.22,partly-cloudy-day,rain,0,0,0,8,224,33,6.49996480876431,6.52936865861256,6.44724680332481,6.352708299217139,6.52546587111334
ACORN-Q,2013-08-13,48,780.979166666667,6.21751321550937,22.04,11.04,22.04,16.16,16.54,11.0,22.04,11.04,0.78,2.79,0.39,1022.81,12.23,4.0,0.25,partly-cloudy-day,rain,0,1,0,8,225,33,6.23541528206461,6.35868379265268,6.540240339313,6.310714959710288,6.514793725499671
ACORN-Q,2013-08-14,48,779.9375,6.1944670692847,23.46,16.64,23.46,16.98,20.05,6.82,23.46,16.78,0.79,4.44,0.55,1018.77,10.88,4.0,0.29,partly-cloudy-day,rain,0,2,0,8,226,33,6.21751321550937,6.33497371487428,6.46325344297948,6.290547734404101,6.4985514071322905
ACORN-Q,2013-08-15,48,778.041666666667,6.20679431682157,21.66,16.98,21.66,14.12,19.32,4.68,21.73,16.98,0.84,3.86,0.51,1015.02,11.81,3.0,0.33,partly-cloudy-day,rain,0,3,0,8,227,33,6.1944670692847,6.25790445668275,6.50790455519355,6.270475356462733,6.481848118748973
ACORN-Q,2013-08-16,48,777.979166666667,6.25169849925377,20.22,14.12,20.22,15.92,17.169999999999998,6.1,20.22,14.12,0.82,5.13,0.57,1012.65,11.1,3.0,0.37,wind,rain,0,4,0,8,228,33,6.20679431682157,6.20238647030955,6.5037280664182,6.263173907911136,6.467802530727661
ACORN-Q,2013-08-17,48,777.791666666667,6.38868569318574,22.42,15.92,22.42,12.68,19.17,6.500000000000002,22.42,15.92,0.73,4.45,0.57,1009.48,12.76,3.0,0.4,partly-cloudy-day,rain,0,5,1,8,229,33,6.25169849925377,6.28567619262384,6.4466797801195,6.270218483474595,6.46242426361327
ACORN-Q,2013-08-18,48,779.791666666667,6.49897322308233,22.02,12.68,22.02,12.16,17.35,9.34,22.02,12.68,0.59,3.25,0.27,1019.36,14.13,3.0,0.44,partly-cloudy-day,rain,0,6,1,8,230,33,6.38868569318574,6.49996480876431,6.72136666692308,6.28493412641201,6.455599611115387
ACORN-Q,2013-08-19,48,778.979166666667,6.18475167940266,23.53,12.16,23.53,12.78,17.845,11.370000000000001,23.53,12.16,0.6,1.6,0.37,1027.38,15.13,4.0,0.48,partly-cloudy-day,rain,0,0,0,8,231,34,6.49897322308233,6.23541528206461,6.52936865861256,6.284792471314584,6.440143460228357
ACORN-Q,2013-08-20,48,779.708333333333,6.19140783497663,25.57,12.72,25.57,16.54,19.145,12.85,25.57,12.72,0.64,2.36,0.38,1023.87,14.9,4.0,0.52,partly-cloudy-day,rain,0,1,0,8,232,34,6.18475167940266,6.21751321550937,6.35868379265268,6.277554813791449,6.424529829158481
ACORN-Q,2013-08-21,48,777.666666666667,6.11837342269398,21.13,16.54,21.13,16.34,18.835,4.59,21.34,16.81,0.9,1.09,0.36,1019.89,11.3,3.0,0.55,partly-cloudy-day,rain,0,2,0,8,233,34,6.19140783497663,6.1944670692847,6.33497371487428,6.273825473715343,6.4050376207224735
ACORN-Q,2013-08-22,48,778.583333333333,6.33254573799292,26.03,16.34,26.03,17.13,21.185000000000002,9.690000000000001,26.03,16.49,0.75,3.34,0.11,1014.88,9.96,4.0,0.59,partly-cloudy-day,rain,0,3,0,8,234,34,6.11837342269398,6.20679431682157,6.25790445668275,6.262954952773811,6.388858621572603
ACORN-Q,2013-08-23,48,776.979166666667,6.2650088024745,19.51,14.94,18.51,13.18,17.225,4.570000000000002,19.59,14.94,0.9,2.57,0.56,1010.79,5.58,3.0,0.62,fog,rain,0,4,0,8,235,34,6.33254573799292,6.25169849925377,6.20238647030955,6.280919441512576,6.3826161445811875
ACORN-Q,2013-08-24,48,776.0,6.67518184473261,22.74,13.18,22.74,16.37,17.96,9.559999999999999,22.74,13.18,0.83,2.66,0.5,1012.96,10.07,4.0,0.66,partly-cloudy-day,rain,0,5,1,8,236,34,6.2650088024745,6.38868569318574,6.28567619262384,6.282820913401252,6.38125371715939
ACORN-Q,2013-08-25,48,776.0,6.50017396868557,24.32,16.37,24.32,12.82,20.345,7.949999999999999,24.32,16.37,0.69,2.65,0.38,1018.33,11.27,4.0,0.69,partly-cloudy-day,rain,0,6,1,8,237,34,6.67518184473261,6.49897322308233,6.49996480876431,6.323748935050804,6.379891454740497
ACORN-Q,2013-08-26,48,776.958333333333,6.41407972136306,22.78,12.82,22.78,12.45,17.8,9.96,22.78,12.82,0.69,1.89,0.23,1018.6,11.3,4.0,0.72,partly-cloudy-day,rain,1,0,0,8,238,35,6.50017396868557,6.18475167940266,6.23541528206461,6.323920470136981,6.3700131549625905
ACORN-Q,2013-08-27,48,776.854166666667,6.25453652315291,23.38,12.45,23.38,14.16,17.915,10.93,23.38,12.45,0.69,0.85,0.37,1022.24,11.52,4.0,0.75,partly-cloudy-day,rain,0,1,0,8,239,35,6.41407972136306,6.19140783497663,6.21751321550937,6.356681618988468,6.3688286163211005
ACORN-Q,2013-08-28,48,778.0,6.24276349627249,23.19,14.16,23.19,15.34,18.675,9.030000000000001,23.19,14.16,0.56,2.75,0.31,1021.8,11.65,4.0,0.78,partly-cloudy-day,rain,0,2,0,8,240,35,6.25453652315291,6.11837342269398,6.1944670692847,6.36570000301365,6.358624908601096
ACORN-Q,2013-08-29,48,777.958333333333,6.23521023960194,24.03,15.34,24.03,14.22,19.685000000000002,8.690000000000001,24.03,15.34,0.64,3.91,0.31,1019.63,12.78,3.0,0.81,partly-cloudy-day,rain,0,3,0,8,241,35,6.24276349627249,6.33254573799292,6.20679431682157,6.383470013524866,6.3507502676472765
ACORN-Q,2013-08-30,48,777.75,6.3586924961256,19.87,14.22,19.87,10.17,17.045,5.65,19.87,14.22,0.6,3.37,0.12,1025.01,13.86,4.0,0.84,partly-cloudy-day,rain,0,4,0,8,242,35,6.23521023960194,6.2650088024745,6.25169849925377,6.3695649423261544,6.341011184947575
ACORN-Q,2013-08-31,48,775.958333333333,6.40548287285825,21.07,10.17,21.07,11.88,15.620000000000001,10.9,21.07,10.17,0.63,3.36,0.33,1029.46,14.79,3.0,0.87,partly-cloudy-day,rain,0,5,1,8,243,35,6.3586924961256,6.67518184473261,6.38868569318574,6.382948327133454,6.335831343151411
ACORN-Q,2013-09-01,48,775.020833333333,6.73649693764799,24.94,11.88,24.94,14.04,18.41,13.06,24.94,11.88,0.7,3.28,0.33,1027.0,14.03,3.0,0.9,partly-cloudy-day,rain,0,6,1,9,244,35,6.40548287285825,6.50017396868557,6.49897322308233,6.344419902579974,6.334360025034938
ACORN-Q,2013-09-02,48,777.895833333333,6.35915035886592,23.92,14.04,23.92,14.09,18.98,9.880000000000003,23.92,14.04,0.76,0.5,0.33,1027.04,12.67,3.0,0.93,partly-cloudy-day,rain,0,0,0,9,245,36,6.73649693764799,6.41407972136306,6.18475167940266,6.378180326717462,6.334900391846541
ACORN-Q,2013-09-03,48,776.020833333333,6.37240499573277,27.04,14.09,27.04,15.46,20.564999999999998,12.95,27.31,14.09,0.75,1.86,0.1,1021.14,11.2,4.0,0.96,clear-day,rain,0,1,0,9,246,36,6.35915035886592,6.25453652315291,6.19140783497663,6.370333274932157,6.32882116685559
ACORN-Q,2013-09-04,48,775.645833333333,6.39314569937414,28.49,15.46,28.49,15.05,21.975,13.029999999999998,28.59,15.54,0.71,0.78,0.12,1011.32,9.08,4.0,0.99,fog,rain,0,2,0,9,247,36,6.37240499573277,6.24276349627249,6.11837342269398,6.387171628157851,6.329311209822736
ACORN-Q,2013-09-05,48,775.520833333333,6.44071595520907,18.32,13.26,17.04,11.39,15.79,5.0600000000000005,18.32,13.26,0.81,1.92,0.39,1008.5,11.17,2.0,0.03,partly-cloudy-day,rain,0,3,0,9,248,36,6.39314569937414,6.23521023960194,6.33254573799292,6.408654800029516,6.331388780697731
ACORN-Q,2013-09-06,48,777.729166666667,6.46103901614114,17.7,11.39,17.7,9.13,14.545,6.309999999999999,17.7,11.39,0.75,3.43,0.26,1013.82,12.6,4.0,0.06,partly-cloudy-day,rain,0,4,0,9,249,36,6.44071595520907,6.3586924961256,6.2650088024745,6.438012759401963,6.337917762787958
ACORN-Q,2013-09-07,48,777.770833333333,6.6758466943989,16.86,9.13,16.86,9.2,12.995000000000001,7.729999999999999,16.86,9.13,0.8,2.74,0.37,1017.99,12.57,2.0,0.1,partly-cloudy-day,rain,0,5,1,9,250,36,6.46103901614114,6.40548287285825,6.67518184473261,6.452633690832755,6.347155353710514
ACORN-Q,2013-09-08,48,778.0,6.93982647879177,10.63,9.2,10.29,9.38,9.915,1.4300000000000015,10.63,8.03,0.88,1.61,0.03,1018.08,10.3,4.0,0.13,clear-day,rain,0,6,1,9,251,36,6.6758466943989,6.73649693764799,6.50017396868557,6.491257093909991,6.361090014488195
ACORN-Q,2013-09-09,48,776.916666666667,6.68769053597585,16.65,9.38,16.65,12.47,13.015,7.269999999999998,16.65,7.53,0.77,4.22,0.64,1020.2,11.54,2.0,0.17,partly-cloudy-day,rain,0,0,0,9,252,37,6.93982647879177,6.35915035886592,6.41407972136306,6.520304171216244,6.376799359846318
ACORN-Q,2013-09-10,48,775.875,6.63241687143536,16.49,12.47,16.49,12.58,14.48,4.019999999999998,16.49,12.47,0.77,4.01,0.75,1020.96,11.72,2.0,0.21,partly-cloudy-day,rain,0,1,0,9,253,37,6.68769053597585,6.37240499573277,6.25453652315291,6.567238482231949,6.3929520474860055
ACORN-Q,2013-09-11,48,774.020833333333,6.83567046934011,18.02,12.58,18.02,15.33,15.3,5.4399999999999995,18.02,12.58,0.87,1.24,0.72,1019.29,9.24,2.0,0.24,partly-cloudy-day,rain,0,2,0,9,254,37,6.63241687143536,6.39314569937414,6.24276349627249,6.604383035903747,6.407770035197648
ACORN-Q,2013-09-12,48,774.979166666667,6.55356078480904,18.09,14.78,18.09,9.3,16.435,3.3100000000000005,18.3,14.82,0.95,0.97,1.0,1017.09,5.91,2.0,0.28,cloudy,rain,0,3,0,9,255,37,6.83567046934011,6.44071595520907,6.23521023960194,6.6676008601846,6.4306701566281985
ACORN-Q,2013-09-13,48,775.791666666667,6.65351109653725,13.85,9.3,13.85,6.72,11.575,4.549999999999999,13.85,7.1,0.89,2.95,0.69,1015.54,9.64,2.0,0.32,partly-cloudy-day,rain,0,4,0,9,256,37,6.55356078480904,6.46103901614114,6.3586924961256,6.683721550127453,6.443054673342037
ACORN-Q,2013-09-14,48,776.729166666667,7.14403683121741,15.36,6.72,14.82,8.24,11.04,8.64,15.36,5.13,0.86,4.65,0.41,1010.26,9.93,2.0,0.36,wind,rain,0,5,1,9,257,37,6.65351109653725,6.6758466943989,6.40548287285825,6.711217561612612,6.457405123245017
ACORN-Q,2013-09-15,48,776.020833333333,7.4951548487747,14.08,8.24,14.08,8.19,11.16,5.84,14.08,5.59,0.67,5.55,0.31,1002.85,13.55,2.0,0.39,wind,rain,0,6,1,9,258,37,7.14403683121741,6.93982647879177,6.73649693764799,6.778101866872398,6.484381949603292
ACORN-Q,2013-09-16,48,774.541666666667,6.74602805238618,13.7,8.19,13.08,10.77,10.945,5.51,13.7,5.6,0.84,3.33,0.61,1000.28,11.44,2.0,0.43,partly-cloudy-day,rain,0,0,0,9,259,38,7.4951548487747,6.68769053597585,6.35915035886592,6.857434491155675,6.51995986480659
ACORN-Q,2013-09-17,48,774.958333333333,6.8803950739435,15.18,10.77,15.18,8.33,12.975,4.41,15.18,10.77,0.78,3.44,0.61,1003.41,11.18,2.0,0.46,partly-cloudy-day,rain,0,1,0,9,260,38,6.74602805238618,6.63241687143536,6.37240499573277,6.865768422071436,6.540005449556001
ACORN-Q,2013-09-18,48,775.0,6.79683871096774,15.84,8.33,15.84,9.84,12.085,7.51,15.86,6.46,0.84,3.76,0.49,1010.33,11.99,2.0,0.49,partly-cloudy-day,rain,0,2,0,9,261,38,6.8803950739435,6.83567046934011,6.39314569937414,6.901193879572598,6.564612136661962
ACORN-Q,2013-09-19,48,774.020833333333,6.87982005103376,18.41,9.84,18.41,10.33,14.125,8.57,18.41,8.16,0.75,2.45,0.51,1017.72,12.5,2.0,0.54,partly-cloudy-day,rain,0,3,0,9,262,38,6.79683871096774,6.55356078480904,6.44071595520907,6.895646485519403,6.588843039814596
ACORN-Q,2013-09-20,48,772.041666666667,6.71938590686093,18.18,10.33,18.18,16.43,14.254999999999999,7.85,18.24,10.33,0.87,2.8,0.56,1024.26,10.83,2.0,0.57,partly-cloudy-day,rain,0,4,0,9,263,38,6.87982005103376,6.65351109653725,6.46103901614114,6.942254952122934,6.608388550994626
ACORN-Q,2013-09-21,48,774.8125,7.13819232308243,18.84,14.25,18.84,13.03,16.545,4.59,18.89,14.25,0.9,1.96,0.69,1027.75,10.57,2.0,0.6,partly-cloudy-day,rain,0,5,1,9,264,38,6.71938590686093,7.14403683121741,6.6758466943989,6.951665639312031,6.624616304722713
ACORN-Q,2013-09-22,48,773.020833333333,7.40378432780572,19.64,13.03,19.64,11.53,16.335,6.610000000000001,19.64,13.03,0.89,0.88,0.52,1024.98,9.43,2.0,0.64,fog,rain,0,6,1,9,265,38,7.13819232308243,7.4951548487747,6.93982647879177,6.9508307095784625,6.641152393235207
ACORN-Q,2013-09-23,48,772.9375,6.82299586897868,21.47,11.53,21.47,13.67,16.5,9.94,21.47,11.53,0.89,1.18,0.17,1016.64,4.39,3.0,0.67,fog,rain,0,0,0,9,266,39,7.40378432780572,6.74602805238618,6.68769053597585,6.937777778011466,6.673424191775212
ACORN-Q,2013-09-24,48,773.291666666667,6.65545788868173,20.87,13.67,20.87,13.96,17.27,7.200000000000001,20.87,13.67,0.86,0.51,0.36,1011.86,3.75,2.0,0.7,fog,rain,0,1,0,9,267,39,6.82299586897868,6.8803950739435,6.63241687143536,6.9487731803818225,6.688028339904341
ACORN-Q,2013-09-25,48,773.979166666667,6.71162107456519,18.88,13.12,18.88,10.58,16.0,5.76,18.88,13.12,0.79,3.1,0.51,1016.43,10.07,2.0,0.73,partly-cloudy-day,rain,0,2,0,9,268,39,6.65545788868173,6.79683871096774,6.83567046934011,6.916639296772999,6.702346960101798
ACORN-Q,2013-09-26,48,774.0,6.6964211881137,16.99,10.58,16.99,12.43,13.785,6.409999999999998,16.99,10.58,0.8,3.45,0.36,1016.27,13.39,2.0,0.76,partly-cloudy-day,rain,0,3,0,9,269,39,6.71162107456519,6.87982005103376,6.55356078480904,6.904465348715491,6.7190918736122525
ACORN-Q,2013-09-27,48,771.875,6.64002684356284,18.36,12.43,18.36,13.57,15.395,5.93,18.36,12.43,0.81,4.46,0.17,1009.88,9.78,2.0,0.79,partly-cloudy-day,rain,0,4,0,9,270,39,6.6964211881137,6.71938590686093,6.65351109653725,6.878265511155483,6.735563693201958
ACORN-Q,2013-09-28,48,773.958333333333,7.08351982320326,17.36,13.44,17.36,13.44,15.399999999999999,3.92,17.36,13.44,0.79,4.76,0.45,1006.89,12.25,2.0,0.82,partly-cloudy-day,rain,0,5,1,9,271,39,6.64002684356284,7.13819232308243,7.14403683121741,6.8669285021128985,6.745611348467574
ACORN-Q,2013-09-29,48,774.979166666667,7.37123809337284,18.81,13.21,18.81,11.76,16.009999999999998,5.599999999999998,18.81,13.21,0.79,3.68,0.37,1006.77,12.6,2.0,0.85,partly-cloudy-day,rain,0,6,1,9,272,39,7.08351982320326,7.40378432780572,7.4951548487747,6.8591181449873035,6.769826953837039
ACORN-Q,2013-09-30,48,771.958333333333,6.85075210521391,17.28,11.76,17.28,13.62,14.52,5.520000000000001,17.28,11.76,0.82,4.02,0.54,1009.02,9.11,2.0,0.88,partly-cloudy-day,rain,0,0,0,9,273,40,7.37123809337284,6.82299586897868,6.74602805238618,6.854468682925463,6.792496280827213
ACORN-Q,2013-10-01,48,772.145833333333,6.8603315487844,19.02,13.62,19.02,14.03,16.32,5.4,19.1,13.62,0.87,3.51,0.59,1010.58,7.87,2.0,0.91,fog,rain,0,1,0,10,274,40,6.85075210521391,6.65545788868173,6.8803950739435,6.8584338595304954,6.810053486053926
ACORN-Q,2013-10-02,48,771.979166666667,6.86713934143078,18.45,14.03,18.45,16.62,16.24,4.42,18.68,14.03,0.93,3.37,0.43,1008.9,7.03,2.0,0.94,partly-cloudy-day,rain,0,2,0,10,275,40,6.8603315487844,6.71162107456519,6.79683871096774,6.887701525259449,6.827479434377198
ACORN-Q,2013-10-03,48,772.541666666667,6.83971418284971,20.82,15.23,20.82,13.67,18.025,5.59,20.84,15.23,0.87,4.04,0.62,1009.01,11.68,1.0,0.98,partly-cloudy-day,rain,0,3,0,10,276,40,6.86713934143078,6.6964211881137,6.87982005103376,6.909918420525962,6.844407778736364
ACORN-Q,2013-10-04,48,773.666666666667,6.81115396752246,17.94,13.67,17.94,8.76,15.805,4.270000000000001,17.94,13.67,0.87,1.58,0.49,1019.72,11.91,1.0,0.01,partly-cloudy-day,rain,0,4,0,10,277,40,6.83971418284971,6.64002684356284,6.71938590686093,6.930388848345392,6.858657715437815
ACORN-Q,2013-10-05,48,774.0,7.13730103229974,19.19,8.76,19.19,10.37,13.975000000000001,10.430000000000001,19.19,8.76,0.82,1.53,0.41,1025.61,11.14,1.0,0.05,partly-cloudy-day,rain,0,5,1,10,278,40,6.81115396752246,7.08351982320326,7.13819232308243,6.954835580339624,6.871161820844291
ACORN-Q,2013-10-06,48,771.0625,7.39950361247951,18.57,10.37,18.57,13.36,14.469999999999999,8.200000000000001,18.57,10.37,0.87,2.43,0.47,1025.51,8.71,1.0,0.08,fog,rain,0,6,1,10,279,40,7.13730103229974,7.37123809337284,7.40378432780572,6.962518610210549,6.887642332912178
ACORN-Q,2013-10-07,48,770.645833333333,6.88124925169745,19.62,13.36,19.62,13.51,16.490000000000002,6.260000000000002,19.62,13.36,0.85,3.13,0.55,1024.75,10.3,1.0,0.12,partly-cloudy-day,rain,0,0,0,10,280,41,7.39950361247951,6.85075210521391,6.82299586897868,6.966556541511502,6.904059373401026
ACORN-Q,2013-10-08,48,770.895833333333,6.78632452683477,16.48,9.04,16.48,7.6,12.76,7.440000000000001,16.48,6.37,0.76,3.89,0.55,1019.97,12.46,1.0,0.16,partly-cloudy-day,rain,0,1,0,10,281,41,6.88124925169745,6.8603315487844,6.65545788868173,6.970913276723436,6.910972184676797
ACORN-Q,2013-10-09,48,772.8125,6.96220668852118,11.82,7.6,11.82,8.66,9.71,4.220000000000001,11.82,4.19,0.68,6.07,0.45,1018.36,12.41,1.0,0.19,partly-cloudy-day,rain,0,2,0,10,282,41,6.78632452683477,6.86713934143078,6.71162107456519,6.960340845016346,6.916468886655349
ACORN-Q,2013-10-10,48,773.875,6.97508842719225,13.16,8.66,13.16,9.39,10.91,4.5,13.16,5.62,0.86,5.86,0.77,1017.55,10.25,1.0,0.23,wind,rain,0,3,0,10,283,41,6.96220668852118,6.83971418284971,6.6964211881137,6.9739218946006885,6.920988037340386
ACORN-Q,2013-10-11,48,770.729166666667,7.35992946395858,14.17,8.46,14.17,8.46,11.315000000000001,5.709999999999999,14.17,7.6,0.83,2.36,0.43,1018.13,10.62,1.0,0.27,partly-cloudy-day,rain,0,4,0,10,284,41,6.97508842719225,6.81115396752246,6.64002684356284,6.993261072363908,6.93604259599693
ACORN-Q,2013-10-12,48,769.958333333333,7.42502872118753,11.47,8.87,11.47,8.62,10.17,2.6000000000000014,11.47,6.46,0.92,3.78,0.58,1010.8,9.38,1.0,0.31,partly-cloudy-day,rain,0,5,1,10,285,41,7.35992946395858,7.13730103229974,7.08351982320326,7.071657571854783,6.961271823404834
ACORN-Q,2013-10-13,48,769.958333333333,8.18485440125581,11.34,8.62,11.34,8.75,9.98,2.7200000000000006,11.34,6.28,0.91,3.71,0.66,1007.43,9.69,1.0,0.34,partly-cloudy-day,rain,0,6,1,10,286,41,7.42502872118753,7.39950361247951,7.37123809337284,7.112761527410181,6.971307248046624
ACORN-Q,2013-10-14,48,768.958333333333,7.42624547945599,12.58,8.75,12.58,6.76,10.665,3.83,12.58,6.51,0.88,2.97,0.45,1010.38,9.27,1.0,0.38,fog,rain,0,0,0,10,287,42,8.18485440125581,6.88124925169745,6.85075210521391,7.224954497235367,6.995939374920949
ACORN-Q,2013-10-15,48,770.75,7.16766936412814,14.87,6.76,14.87,11.82,10.815,8.11,14.87,6.42,0.91,1.84,0.44,1010.46,7.15,1.0,0.42,fog,rain,0,1,0,10,288,42,7.42624547945599,6.78632452683477,6.8603315487844,7.302811101200873,7.020232854459158
ACORN-Q,2013-10-16,48,768.9375,7.31630163671287,17.29,11.82,17.29,10.5,14.555,5.469999999999999,17.29,11.82,0.84,4.15,0.26,1013.27,12.36,1.0,0.45,partly-cloudy-day,rain,0,2,0,10,289,42,7.16766936412814,6.96220668852118,6.86713934143078,7.357288935099926,7.030492650537179
ACORN-Q,2013-10-17,48,770.229166666667,7.1169097221305,17.16,10.5,17.16,13.21,13.83,6.66,17.16,10.5,0.91,2.76,0.49,1014.16,8.75,1.0,0.48,partly-cloudy-day,rain,0,3,0,10,290,42,7.31630163671287,6.97508842719225,6.83971418284971,7.407873927698739,7.04904489788522
ACORN-Q,2013-10-18,48,771.979166666667,6.98734008167073,17.52,13.21,17.52,13.18,15.365,4.309999999999999,17.52,13.21,0.91,3.06,0.52,1005.58,11.31,1.0,0.52,partly-cloudy-day,rain,0,4,0,10,291,42,7.1169097221305,7.35992946395858,6.81115396752246,7.428134112689917,7.057512386138676
ACORN-Q,2013-10-19,48,770.6875,7.36525114393079,17.04,12.16,17.04,12.16,14.6,4.879999999999999,17.04,12.16,0.89,4.29,0.42,1005.32,11.57,1.0,0.55,partly-cloudy-day,rain,0,5,1,10,292,42,6.98734008167073,7.42502872118753,7.13730103229974,7.374907058077367,7.067082178096167
ACORN-Q,2013-10-20,48,769.791666666667,7.89499871289432,17.53,13.26,17.53,16.32,15.395,4.270000000000001,17.53,13.26,0.87,4.81,0.53,1005.88,11.25,1.0,0.58,partly-cloudy-day,rain,0,6,1,10,293,42,7.36525114393079,8.18485440125581,7.39950361247951,7.366367404183547,7.0751914216978955
ACORN-Q,2013-10-21,48,769.0,7.20824606682135,18.03,13.79,18.03,13.79,15.91,4.240000000000002,18.04,13.79,0.86,4.84,0.44,997.55,11.67,1.0,0.61,partly-cloudy-day,rain,0,0,0,10,294,43,7.89499871289432,7.42624547945599,6.88124925169745,7.324959448703334,7.092734792593916
ACORN-Q,2013-10-22,48,767.9375,7.14621632885647,16.53,9.99,16.53,6.83,13.260000000000002,6.540000000000001,16.53,8.92,0.8,5.29,0.34,998.6,12.42,1.0,0.65,wind,rain,0,1,0,10,295,43,7.20824606682135,7.16766936412814,6.78632452683477,7.293816675469815,7.106493728231155
ACORN-Q,2013-10-23,48,768.979166666667,6.9918073339969,16.91,6.83,16.91,13.14,11.870000000000001,10.08,16.91,6.83,0.86,2.1,0.36,1013.45,12.05,1.0,0.68,partly-cloudy-day,rain,0,2,0,10,296,43,7.14621632885647,7.31630163671287,6.96220668852118,7.29075195614529,7.124020815380253
ACORN-Q,2013-10-24,48,767.791666666667,6.95267945980799,18.47,13.16,18.47,14.39,15.815,5.309999999999999,18.47,13.16,0.86,4.14,0.47,1005.16,10.91,1.0,0.7,partly-cloudy-day,rain,0,3,0,10,297,43,6.9918073339969,7.1169097221305,6.97508842719225,7.244395627185867,7.134027467502813
ACORN-Q,2013-10-25,48,769.854166666667,6.90866445725501,16.66,14.34,16.66,11.66,15.5,2.3200000000000003,16.66,14.34,0.85,6.35,0.49,1004.52,11.31,1.0,0.73,wind,rain,0,4,0,10,298,43,6.95267945980799,6.98734008167073,7.35992946395858,7.220934161139794,7.143179548634754
ACORN-Q,2013-10-26,48,768.041666666667,7.48725786075994,15.87,11.66,15.87,11.7,13.765,4.209999999999999,15.87,11.66,0.81,7.05,0.32,996.66,11.18,1.0,0.76,wind,rain,0,5,1,10,299,43,6.90866445725501,7.36525114393079,7.42502872118753,7.209694786223261,7.152773749123759
ACORN-Q,2013-10-27,48,768.875,7.77568744191083,15.965,10.33,14.92,9.684999999999999,13.1475,5.634999999999999,15.974999999999998,9.12,0.81,7.365,0.405,994.5799999999999,11.19,1.0,0.78,wind,rain,0,6,1,10,300,43,7.48725786075994,7.89499871289432,8.18485440125581,7.227124317198855,7.167192964750783
ACORN-Q,2013-10-28,48,768.270833333333,7.54477018763342,16.06,9.0,13.97,7.67,12.53,7.059999999999999,16.08,6.58,0.81,7.68,0.49,992.5,11.2,1.0,0.8,wind,rain,0,0,0,10,301,44,7.77568744191083,7.20824606682135,7.42624547945599,7.210079849915499,7.181637584341424
ACORN-Q,2013-10-29,48,767.458333333333,7.55712163573713,12.38,6.86,12.38,4.47,9.620000000000001,5.5200000000000005,12.38,4.43,0.77,4.77,0.25,1010.58,13.66,1.0,0.83,partly-cloudy-day,rain,0,1,0,10,302,44,7.54477018763342,7.14621632885647,7.16766936412814,7.258154724317222,7.2064239444278355
ACORN-Q,2013-10-30,48,769.125,7.35527992566354,13.57,4.47,13.57,12.03,9.02,9.100000000000001,13.57,2.27,0.8,3.67,0.33,1020.1,13.36,1.0,0.86,partly-cloudy-day,rain,0,2,0,10,303,44,7.55712163573713,6.9918073339969,7.31630163671287,7.316855482443032,7.231309304676148
ACORN-Q,2013-10-31,48,766.5625,7.45279783830395,13.11,11.61,12.59,11.48,12.36,1.5,13.11,11.61,0.89,4.42,0.74,1016.56,11.36,1.0,0.89,partly-cloudy-day,rain,0,3,0,10,304,44,7.35527992566354,6.95267945980799,7.1169097221305,7.368780138395408,7.2487428969701755
ACORN-Q,2013-11-01,48,766.979166666667,7.37601677607085,13.97,11.48,13.97,10.47,12.725000000000001,2.49,13.97,11.48,0.89,2.95,0.55,1008.97,11.57,1.0,0.93,partly-cloudy-day,rain,0,4,0,11,305,44,7.45279783830395,6.90866445725501,6.98734008167073,7.440225621037689,7.2706387418078275
ACORN-Q,2013-11-02,48,768.895833333333,7.4669561639293,15.08,10.27,15.08,7.56,12.675,4.8100000000000005,15.08,10.27,0.82,4.55,0.43,998.6,9.46,1.0,0.96,wind,rain,0,5,1,11,306,44,7.37601677607085,7.48725786075994,7.36525114393079,7.50699023801138,7.2908124135416985
ACORN-Q,2013-11-03,48,768.020833333333,8.14306166797976,11.43,7.56,11.43,6.04,9.495,3.87,11.43,3.89,0.74,5.3,0.22,998.64,11.99,1.0,0.0,wind,rain,0,6,1,11,307,44,7.4669561639293,7.77568744191083,7.89499871289432,7.5040899956070035,7.302585811099896
ACORN-Q,2013-11-04,48,765.875,7.48668645583001,9.98,4.78,9.98,4.41,7.380000000000001,5.2,8.24,2.11,0.82,2.94,0.29,991.64,11.14,1.0,0.03,partly-cloudy-day,rain,0,0,0,11,308,45,8.14306166797976,7.54477018763342,7.20824606682135,7.556572027902564,7.329141455939192
ACORN-Q,2013-11-05,48,764.770833333333,7.81862642697471,12.39,4.41,12.39,9.31,8.4,7.98,12.39,2.98,0.83,3.96,0.56,994.74,12.1,1.0,0.07,partly-cloudy-day,rain,0,1,0,11,309,45,7.48668645583001,7.55712163573713,7.14621632885647,7.548274351930649,7.35076421322964
ACORN-Q,2013-11-06,48,763.791666666667,7.65736645033186,14.87,9.31,14.79,9.31,12.09,5.559999999999999,14.87,6.77,0.88,4.86,0.62,999.46,10.19,1.0,0.11,wind,rain,0,2,0,11,310,45,7.81862642697471,7.35527992566354,6.9918073339969,7.585632179250303,7.387632138234637
ACORN-Q,2013-11-07,48,766.625,7.44621667155032,14.7,7.37,11.0,5.29,11.035,7.329999999999999,14.7,6.25,0.83,2.89,0.66,1006.38,13.9,1.0,0.14,partly-cloudy-day,rain,0,3,0,11,311,45,7.65736645033186,7.45279783830395,6.95267945980799,7.628787397060063,7.412459272585019
ACORN-Q,2013-11-08,48,763.770833333333,7.63996807912878,11.0,5.29,11.0,3.28,8.145,5.71,11.0,2.54,0.9,2.0,0.5,1005.53,12.1,1.0,0.18,partly-cloudy-day,rain,0,4,0,11,312,45,7.44621667155032,7.37601677607085,6.90866445725501,7.627847230380973,7.429285281312092
ACORN-Q,2013-11-09,48,767.916666666667,8.25819091476194,7.06,3.28,7.06,4.79,5.17,3.78,7.04,1.24,0.9,1.9,0.41,1006.05,11.43,1.0,0.22,partly-cloudy-day,rain,0,5,1,11,313,45,7.63996807912878,7.4669561639293,7.48725786075994,7.665554559389249,7.4392866604253145
ACORN-Q,2013-11-10,48,765.0,8.53565550692837,9.22,2.58,9.22,2.53,5.9,6.640000000000001,7.3,0.71,0.79,2.61,0.18,1015.79,12.68,1.0,0.26,partly-cloudy-day,rain,0,6,1,11,314,45,8.25819091476194,8.14306166797976,7.77568744191083,7.778588095222482,7.469042453052971
ACORN-Q,2013-11-11,48,765.9375,7.97618579459271,12.63,2.53,12.11,9.79,7.58,10.100000000000001,12.63,1.21,0.91,3.65,0.65,1022.52,7.81,1.0,0.29,cloudy,rain,0,0,0,11,315,46,8.53565550692837,7.48668645583001,7.54477018763342,7.834672929357999,7.48157106396985
ACORN-Q,2013-11-12,48,764.0,7.47284073155086,13.11,6.08,12.36,2.11,9.594999999999999,7.029999999999999,13.11,4.61,0.85,2.26,0.56,1026.13,9.91,1.0,0.33,partly-cloudy-day,rain,0,1,0,11,316,46,7.97618579459271,7.81862642697471,7.55712163573713,7.904601406324098,7.501211789510445
ACORN-Q,2013-11-13,48,765.958333333333,7.66116865180341,9.94,2.11,9.94,6.54,6.0249999999999995,7.83,9.09,0.39,0.82,2.3,0.45,1032.0,12.99,1.0,0.37,partly-cloudy-day,rain,0,2,0,11,317,46,7.47284073155086,7.65736645033186,7.35527992566354,7.855203449834976,7.5121107669184
ACORN-Q,2013-11-14,48,766.854166666667,7.75394941108571,9.62,5.18,9.62,4.65,7.3999999999999995,4.4399999999999995,6.61,2.32,0.74,4.6,0.32,1023.75,13.18,1.0,0.4,partly-cloudy-day,rain,0,3,0,11,318,46,7.66116865180341,7.44621667155032,7.45279783830395,7.85574662147377,7.524427446028777
ACORN-Q,2013-11-15,48,765.875,7.74030317876712,9.25,3.33,9.25,1.38,6.29,5.92,7.41,1.74,0.72,2.57,0.27,1032.71,13.12,1.0,0.43,partly-cloudy-day,rain,0,4,0,11,319,46,7.75394941108571,7.63996807912878,7.37601677607085,7.899708441407397,7.547178863491462
ACORN-Q,2013-11-16,48,764.6875,8.26723197791639,9.14,1.38,9.14,7.59,5.26,7.760000000000001,8.36,-0.1,0.87,1.4,0.35,1031.84,9.66,1.0,0.47,partly-cloudy-day,rain,0,5,1,11,320,46,7.74030317876712,8.25819091476194,7.4669561639293,7.914042027070017,7.5740704026734775
ACORN-Q,2013-11-17,48,766.9375,8.68777429219539,9.57,8.28,9.57,8.08,8.925,1.290000000000001,9.57,7.78,0.87,0.87,1.0,1024.24,6.41,1.0,0.5,fog,rain,0,6,1,11,321,46,8.26723197791639,8.53565550692837,8.14306166797976,7.915333607520653,7.6062840038872475
ACORN-Q,2013-11-18,48,766.875,8.00164578933243,9.3,7.37,9.3,2.19,8.335,1.9300000000000006,8.54,5.02,0.92,1.77,0.98,1010.92,5.39,1.0,0.53,fog,rain,0,0,0,11,322,47,8.68777429219539,7.97618579459271,7.48668645583001,7.937064862558799,7.6345974174337154
ACORN-Q,2013-11-19,48,764.9375,7.91713903091635,6.78,0.6,5.73,-1.27,3.69,6.180000000000001,4.33,-2.23,0.74,3.57,0.19,1013.76,13.5,1.0,0.56,partly-cloudy-day,rain,0,1,0,11,323,47,8.00164578933243,7.47284073155086,7.81862642697471,7.940702004664473,7.662933121809111
ACORN-Q,2013-11-20,48,765.958333333333,8.1946239141697,6.38,-1.27,6.38,3.12,2.5549999999999997,7.65,3.21,-4.81,0.85,3.41,0.52,1003.95,12.18,1.0,0.59,partly-cloudy-day,rain,0,2,0,11,324,47,7.91713903091635,7.66116865180341,7.65736645033186,8.004173190288114,7.690466075454107
ACORN-Q,2013-11-21,48,765.791666666667,8.0338585925568,7.91,3.12,7.91,3.52,5.515000000000001,4.79,4.39,-0.77,0.78,4.83,0.48,1004.26,11.96,1.0,0.62,partly-cloudy-day,rain,0,3,0,11,325,47,8.1946239141697,7.75394941108571,7.44621667155032,8.080381084911869,7.733423810460278
ACORN-Q,2013-11-22,48,765.791666666667,8.01011823895886,7.89,3.52,7.89,3.41,5.705,4.369999999999999,4.74,0.0,0.76,4.31,0.27,1017.66,12.36,1.0,0.65,partly-cloudy-day,rain,0,4,0,11,326,47,8.0338585925568,7.74030317876712,7.63996807912878,8.120368110836312,7.772037350915592
ACORN-Q,2013-11-23,48,765.020833333333,8.56546664278367,7.41,3.41,7.41,6.14,5.41,4.0,4.72,0.61,0.82,3.37,0.46,1024.21,11.2,1.0,0.68,partly-cloudy-day,rain,0,5,1,11,327,47,8.01011823895886,8.26723197791639,8.25819091476194,8.158913119435132,7.811374985976444
ACORN-Q,2013-11-24,48,762.895833333333,8.90047634450433,8.02,5.06,8.02,4.54,6.539999999999999,2.96,5.55,2.69,0.78,3.55,0.77,1030.42,11.78,1.0,0.71,partly-cloudy-day,rain,0,6,1,11,328,47,8.56546664278367,8.68777429219539,8.53565550692837,8.201518071559029,7.849882442477292
ACORN-Q,2013-11-25,48,763.770833333333,8.00544467388031,7.29,4.54,7.29,2.98,5.915,2.75,4.63,1.89,0.77,3.33,0.73,1037.52,12.17,1.0,0.74,partly-cloudy-day,rain,0,0,0,11,329,48,8.90047634450433,8.00164578933243,7.97618579459271,8.231904079031734,7.890053474712774
ACORN-Q,2013-11-26,48,762.041666666667,8.09422523156855,7.23,2.93,7.23,5.78,5.08,4.300000000000001,5.77,1.08,0.72,2.17,0.47,1038.71,12.63,1.0,0.77,partly-cloudy-night,rain,0,1,0,11,330,48,8.00544467388031,7.91713903091635,7.47284073155086,8.232446776824288,7.906506134935876
ACORN-Q,2013-11-27,48,761.916666666667,8.07012276610405,10.32,5.78,10.32,8.58,8.05,4.54,10.32,4.12,0.89,1.35,0.88,1033.95,6.76,1.0,0.81,partly-cloudy-day,rain,0,2,0,11,331,48,8.09422523156855,8.1946239141697,7.66116865180341,8.257744805488889,7.9256884062155715
ACORN-Q,2013-11-28,48,761.208333333333,7.80235607402149,9.9,8.08,9.9,8.04,8.99,1.8200000000000003,9.38,7.97,0.87,1.23,0.96,1034.64,6.34,0.0,0.84,cloudy,rain,0,3,0,11,332,48,8.07012276610405,8.0338585925568,7.75394941108571,8.239958927193797,7.951218507659875
ACORN-Q,2013-11-29,48,760.979166666667,7.86366750626582,10.18,6.56,10.18,6.21,8.37,3.62,10.18,2.99,0.77,4.4,0.62,1026.65,11.02,1.0,0.87,partly-cloudy-day,rain,0,4,0,11,333,48,7.80235607402149,8.01011823895886,7.74030317876712,8.20688713883161,7.963702730364072
ACORN-Q,2013-11-30,48,757.770833333333,8.38986164044972,8.38,3.53,8.38,2.43,5.955,4.850000000000001,6.01,2.19,0.73,3.68,0.5,1027.3,12.46,1.0,0.91,partly-cloudy-day,rain,0,5,1,11,334,48,7.86366750626582,8.56546664278367,8.26723197791639,8.185965605589747,7.981118827871035
ACORN-Q,2013-12-01,48,759.916666666667,8.78203502788085,9.42,2.43,9.42,7.26,5.925,6.99,8.59,0.21,0.83,1.02,0.55,1032.9,11.59,1.0,0.94,partly-cloudy-day,rain,0,6,1,12,335,48,8.38986164044972,8.90047634450433,8.68777429219539,8.160879176684897,8.014079737746766
ACORN-Q,2013-12-02,48,760.9375,8.01443945030446,9.42,6.59,9.42,6.34,8.004999999999999,2.83,8.79,6.24,0.79,1.36,0.86,1033.95,10.7,0.0,0.98,partly-cloudy-day,rain,0,0,0,12,336,49,8.78203502788085,8.00544467388031,8.00164578933243,8.143958988595827,8.03690021488609
ACORN-Q,2013-12-03,48,761.0,8.00506964362681,7.22,3.66,6.44,3.66,5.4399999999999995,3.5599999999999996,7.22,1.58,0.72,0.96,0.97,1029.5,11.99,0.0,0.02,cloudy,rain,0,1,0,12,337,49,8.01443945030446,8.09422523156855,7.91713903091635,8.14524395665642,8.055748536117319
ACORN-Q,2013-12-04,48,760.020833333333,8.10213352130213,8.91,2.35,8.91,1.08,5.63,6.5600000000000005,6.66,-0.58,0.77,2.87,0.56,1029.19,12.25,1.0,0.06,partly-cloudy-day,rain,0,2,0,12,338,49,8.00506964362681,8.07012276610405,8.1946239141697,8.132507444093314,8.062407222426325
ACORN-Q,2013-12-05,48,760.1875,8.3732146677599,10.29,1.08,10.29,2.73,5.685,9.209999999999999,10.29,-2.54,0.73,6.12,0.44,1023.72,13.37,1.0,0.09,wind,rain,0,3,0,12,339,49,8.10213352130213,7.80235607402149,8.0338585925568,8.13708040912161,8.078291760675262
ACORN-Q,2013-12-06,48,760.9375,8.08016228756757,7.85,2.73,7.85,6.55,5.29,5.119999999999999,5.72,-1.27,0.7,3.92,0.38,1027.65,12.67,1.0,0.13,partly-cloudy-day,rain,0,4,0,12,340,49,8.3732146677599,7.86366750626582,8.01011823895886,8.218631636798527,8.111398831968462
ACORN-Q,2013-12-07,48,759.9375,8.62770269099203,8.72,6.55,8.72,5.09,7.635,2.170000000000001,6.32,4.02,0.85,3.71,0.47,1026.6,11.78,1.0,0.17,partly-cloudy-day,rain,0,5,1,12,341,49,8.08016228756757,8.38986164044972,8.56546664278367,8.249559462698777,8.127120053698418
ACORN-Q,2013-12-08,48,759.020833333333,8.85954060218414,11.24,5.09,11.24,6.01,8.165,6.15,11.24,2.53,0.83,4.56,0.35,1025.35,12.87,1.0,0.2,partly-cloudy-day,rain,0,6,1,12,342,49,8.62770269099203,8.78203502788085,8.90047634450433,8.283536755633394,8.140316902849493
ACORN-Q,2013-12-09,48,760.645833333333,8.00955536221793,11.01,5.06,11.01,2.06,8.035,5.95,11.01,3.17,0.89,2.69,0.32,1028.84,10.73,1.0,0.24,partly-cloudy-day,rain,0,0,0,12,343,50,8.85954060218414,8.01443945030446,8.00544467388031,8.294608980533862,8.151884227680055
ACORN-Q,2013-12-10,48,758.0625,8.0243826159218,9.03,2.06,9.03,2.06,5.545,6.969999999999999,7.65,2.06,0.91,1.35,0.23,1031.32,4.49,1.0,0.28,fog,rain,0,1,0,12,344,50,8.00955536221793,8.00506964362681,8.09422523156855,8.293911253664358,8.153075997952385
ACORN-Q,2013-12-11,48,756.041666666667,8.33293547756104,6.4,2.06,6.4,1.52,4.23,4.34,6.34,0.46,0.93,1.45,0.03,1029.46,3.48,1.0,0.31,fog,rain,0,2,0,12,345,50,8.0243826159218,8.10213352130213,8.07012276610405,8.2966702497065,8.172773922394205
ACORN-Q,2013-12-12,48,756.833333333333,8.2294789192273,8.98,1.52,8.98,7.23,5.25,7.460000000000001,7.28,-0.88,0.94,2.28,0.16,1024.86,3.14,1.0,0.35,fog,rain,0,3,0,12,346,50,8.33293547756104,8.3732146677599,7.80235607402149,8.329641957743487,8.19676559474269
ACORN-Q,2013-12-13,48,758.791666666667,8.03707076751701,11.73,8.15,11.73,3.79,9.940000000000001,3.58,11.73,5.42,0.85,3.44,0.51,1019.67,9.45,1.0,0.38,partly-cloudy-day,rain,0,4,0,12,347,50,8.2294789192273,8.08016228756757,7.86366750626582,8.309108279381688,8.213748791462034
ACORN-Q,2013-12-14,48,759.979166666667,8.65153719090424,11.33,3.79,11.33,8.11,7.5600000000000005,7.54,11.33,1.16,0.81,5.45,0.35,1022.45,12.73,1.0,0.41,wind,rain,0,5,1,12,348,50,8.03707076751701,8.62770269099203,8.38986164044972,8.302952347945894,8.224347633917386
ACORN-Q,2013-12-15,48,757.0625,8.95887372247097,12.54,8.11,12.44,11.64,10.325,4.43,12.54,6.2,0.91,6.12,0.68,1019.25,9.14,0.0,0.44,wind,rain,0,6,1,12,349,50,8.65153719090424,8.85954060218414,8.78203502788085,8.30635727650478,8.238072820095525
ACORN-Q,2013-12-16,48,757.6875,8.0803289221697,12.89,7.95,12.89,4.61,10.42,4.94,12.89,6.56,0.89,5.57,0.88,1016.66,10.36,0.0,0.47,wind,rain,0,0,0,12,350,51,8.95887372247097,8.00955536221793,8.01443945030446,8.320547722260041,8.247754942605367
ACORN-Q,2013-12-17,48,756.020833333333,8.0984805354889,7.4,4.61,6.48,5.01,6.005000000000001,2.79,7.08,2.72,0.9,1.29,0.6,1021.59,9.61,0.0,0.51,fog,rain,0,1,0,12,351,51,8.0803289221697,8.0243826159218,8.00506964362681,8.33065823082458,8.250565054492412
ACORN-Q,2013-12-18,48,757.916666666667,8.07127329792967,10.29,5.01,10.27,5.14,7.6499999999999995,5.279999999999999,10.29,2.42,0.88,5.85,0.64,1007.83,9.7,0.0,0.54,wind,rain,0,2,0,12,352,51,8.0984805354889,8.33293547756104,8.10213352130213,8.341243647905594,8.257041536798575
ACORN-Q,2013-12-19,48,759.729166666667,8.18761500094247,9.7,3.68,8.19,2.63,6.6899999999999995,6.02,7.07,0.55,0.78,3.99,0.36,1002.06,13.89,1.0,0.57,partly-cloudy-day,rain,0,3,0,12,353,51,8.07127329792967,8.2294789192273,8.3732146677599,8.303863336529684,8.252636157647144
ACORN-Q,2013-12-20,48,760.9375,8.110428760633,10.42,2.63,9.69,9.41,6.525,7.79,10.42,-0.66,0.79,5.52,0.36,1018.73,13.82,1.0,0.6,wind,rain,0,4,0,12,354,51,8.18761500094247,8.03707076751701,8.08016228756757,8.29788277677471,8.258127457946633
ACORN-Q,2013-12-21,48,759.979166666667,8.65389819980999,11.95,9.41,11.95,7.96,10.68,2.539999999999999,11.95,5.58,0.86,8.91,0.86,1012.62,9.66,0.0,0.63,wind,rain,0,5,1,12,355,51,8.110428760633,8.65153719090424,8.62770269099203,8.308362490076993,8.261709976577853
ACORN-Q,2013-12-22,48,758.604166666667,8.65372319252963,10.07,4.81,10.07,4.81,7.4399999999999995,5.260000000000001,10.07,1.58,0.73,5.66,0.25,1009.77,12.68,1.0,0.66,partly-cloudy-day,rain,0,6,1,12,356,51,8.65389819980999,8.95887372247097,8.85954060218414,8.308699777063529,8.264868246471648
ACORN-Q,2013-12-23,48,758.9375,8.57378864040195,11.95,5.14,11.33,8.23,8.545,6.81,11.95,2.07,0.84,8.48,0.58,998.59,9.98,0.0,0.69,wind,rain,0,0,0,12,357,52,8.65372319252963,8.0803289221697,8.00955536221793,8.265106844214767,8.256055633901125
ACORN-Q,2013-12-24,48,757.770833333333,8.72992323478978,11.93,5.43,9.07,3.93,8.68,6.5,11.93,2.68,0.81,6.67,0.4,979.52,10.86,1.0,0.72,partly-cloudy-day,rain,0,1,0,12,358,52,8.57378864040195,8.0984805354889,8.0243826159218,8.335601089676516,8.276353632705469
ACORN-Q,2013-12-25,48,756.9375,9.21931375097467,7.19,3.74,7.19,2.87,5.465,3.45,4.98,0.23,0.85,2.47,0.03,984.66,12.36,1.0,0.75,clear-day,rain,1,2,0,12,359,52,8.72992323478978,8.07127329792967,8.33293547756104,8.425807189576641,8.299057132820511
ACORN-Q,2013-12-26,48,758.916666666667,8.54006048636599,7.64,2.87,4.29,4.29,5.255,4.77,4.53,-0.06,0.92,2.27,0.49,995.06,9.8,0.0,0.78,wind,rain,1,3,0,12,360,52,9.21931375097467,8.18761500094247,8.2294789192273,8.58981296858307,8.340099667994464
ACORN-Q,2013-12-27,48,757.979166666667,8.33465156011357,10.99,7.47,10.41,4.27,9.23,3.5200000000000005,10.99,3.68,0.75,7.86,0.37,986.81,11.43,1.0,0.82,wind,rain,0,4,0,12,361,52,8.54006048636599,8.110428760633,8.03707076751701,8.640162323643574,8.366446254149624
ACORN-Q,2013-12-28,48,756.916666666667,8.27584367528999,7.81,2.86,7.81,0.72,5.335,4.949999999999999,5.34,0.77,0.77,3.17,0.11,997.47,13.45,1.0,0.85,partly-cloudy-day,rain,0,5,1,12,362,52,8.33465156011357,8.65389819980999,8.65153719090424,8.672194152140799,8.383267113215615
ACORN-Q,2013-12-29,48,758.9375,8.80388564956239,7.56,0.72,7.15,5.23,4.14,6.84,4.44,-2.77,0.84,3.07,0.12,1014.89,14.08,1.0,0.89,partly-cloudy-night,rain,0,6,1,12,363,52,8.27584367528999,8.65372319252963,8.95887372247097,8.618186362923655,8.37919504303134
ACORN-Q,2013-12-30,48,759.0,8.6515243740448,10.22,6.4,10.22,6.4,8.31,3.8200000000000003,10.22,4.21,0.83,6.58,0.55,1010.88,11.35,0.0,0.93,wind,rain,0,0,0,12,364,1,8.80388564956239,8.57378864040195,8.0803289221697,8.639638142499763,8.37997542237711
ACORN-Q,2013-12-31,48,758.916666666667,8.7493628154085,10.36,5.77,10.36,5.77,8.065,4.59,10.36,2.79,0.85,4.72,0.59,1004.27,12.13,0.0,0.96,partly-cloudy-day,rain,0,1,0,12,365,1,8.6515243740448,8.72992323478978,8.0984805354889,8.650743247305885,8.402728455367834
ACORN-Q,2014-01-01,48,756.0625,8.98216493465765,11.34,6.59,10.83,6.54,8.965,4.75,11.34,3.18,0.86,7.2,0.495,993.32,9.95,0.5,0.01,wind,rain,1,2,0,1,1,1,8.7493628154085,9.21931375097467,8.07127329792967,8.653520330251416,8.429310354360037
ACORN-Q,2014-01-02,48,756.104166666667,8.22935570023107,10.75,6.54,10.27,8.54,8.645,4.21,10.75,3.36,0.82,4.89,0.4,993.31,12.23,1.0,0.04,wind,rain,0,3,0,1,2,1,8.98216493465765,8.54006048636599,8.18761500094247,8.619641927920414,8.460740047694165
ACORN-Q,2014-01-03,48,754.8125,8.37642918583451,10.49,7.01,10.14,7.04,8.75,3.4800000000000004,10.49,2.77,0.78,7.66,0.4,994.51,10.93,1.0,0.08,wind,rain,0,4,0,1,3,1,8.22935570023107,8.33465156011357,8.110428760633,8.575255529901138,8.455602227425276
ACORN-Q,2014-01-04,48,756.854166666667,8.72753513652695,9.58,4.06,9.58,1.72,6.82,5.5200000000000005,6.66,1.16,0.84,4.46,0.61,993.71,11.27,0.0,0.12,partly-cloudy-day,rain,0,5,1,1,4,1,8.37642918583451,8.27584367528999,8.65389819980999,8.581223762146987,8.466183188077668
ACORN-Q,2014-01-05,48,754.041666666667,9.05344321046918,11.96,1.72,8.78,8.78,6.840000000000001,10.24,11.96,-0.88,0.87,4.4,0.44,1000.02,11.67,1.0,0.15,wind,rain,0,6,1,1,5,1,8.72753513652695,8.80388564956239,8.65372319252963,8.645751113752267,8.469748632561057
ACORN-Q,2014-01-06,48,755.583333333333,8.21350433977907,12.57,9.34,12.37,10.23,10.955,3.2300000000000004,12.57,5.91,0.78,8.3,0.58,994.61,10.67,1.0,0.19,wind,rain,0,0,0,1,6,2,9.05344321046918,8.6515243740448,8.57378864040195,8.681402193881807,8.476673725714095
ACORN-Q,2014-01-07,48,755.020833333333,8.1750557131019,11.38,8.98,11.38,7.37,10.18,2.4000000000000004,11.38,5.34,0.78,7.3,0.59,1003.19,11.36,1.0,0.22,wind,rain,0,1,0,1,7,2,8.21350433977907,8.7493628154085,8.72992323478978,8.618827903272418,8.48395761776985
ACORN-Q,2014-01-08,48,754.854166666667,7.93351789802677,11.62,7.37,11.62,9.25,9.495,4.249999999999999,11.62,4.53,0.85,4.15,0.5,1011.94,11.99,1.0,0.26,partly-cloudy-day,rain,0,2,0,1,8,2,8.1750557131019,8.98216493465765,9.21931375097467,8.536784031514332,8.489338799811996
ACORN-Q,2014-01-09,48,754.0,7.90286750518791,12.01,4.86,10.29,2.68,8.435,7.1499999999999995,12.01,1.6,0.77,6.03,0.39,1006.3,12.63,1.0,0.29,wind,rain,0,3,0,1,9,2,7.93351789802677,8.22935570023107,8.54006048636599,8.386977311995635,8.475073886257201
ACORN-Q,2014-01-10,48,751.0625,8.0537445439679,10.14,2.68,10.14,7.16,6.41,7.460000000000001,10.14,0.34,0.85,3.56,0.4,1014.26,13.0,1.0,0.33,partly-cloudy-day,rain,0,4,0,1,10,2,7.90286750518791,8.37642918583451,8.33465156011357,8.340336141275184,8.46340919289865
ACORN-Q,2014-01-11,48,752.916666666667,8.48225939500233,8.59,1.02,8.41,0.38,4.805,7.57,5.91,1.02,0.81,2.68,0.2,1018.51,12.05,1.0,0.36,partly-cloudy-day,rain,0,5,1,1,11,2,8.0537445439679,8.72753513652695,8.27584367528999,8.29423833529424,8.464004684914753
ACORN-Q,2014-01-12,48,749.916666666667,9.02367353492982,8.91,0.38,7.06,5.42,4.6450000000000005,8.53,6.06,-1.79,0.9,3.25,0.46,1016.63,8.27,1.0,0.39,cloudy,rain,0,6,1,1,12,2,8.48225939500233,9.05344321046918,8.80388564956239,8.259198943647865,8.45795904934683
