Acorn,Date,nb_pts,nb_clients,Conso_kWh,temperatureMax,temperatureMin,temperatureHigh,temperatureLow,temperatureMean,temperatureRange,apparentTemperatureMax,apparentTemperatureMin,humidity,windSpeed,cloudCover,pressure,visibility,uvIndex,moonPhase,icon,precipType,is_holiday,weekday,is_weekend,month,dayofyear,weekofyear
ACORN-E,2012-07-01,48,1341.02083333333,8.50171356600086,17.58,12.47,17.58,15.43,15.024999999999999,5.109999999999998,17.58,12.47,0.83,4.51,0.56,1015.49,11.97,6.0,0.45,partly-cloudy-day,rain,0,6,1,7,183,26
ACORN-E,2012-07-02,48,1348.77083333333,8.72765027923651,18.81,15.43,18.81,15.95,17.119999999999997,3.379999999999999,18.81,15.52,0.9,3.64,0.78,1013.77,11.54,5.0,0.49,partly-cloudy-day,rain,0,0,0,7,184,27
ACORN-E,2012-07-03,48,1339.77083333333,8.48988934954563,21.44,15.95,21.44,15.2,18.695,5.490000000000002,21.44,16.12,0.85,3.35,0.66,1009.62,11.02,6.0,0.53,partly-cloudy-day,rain,0,1,0,7,185,27
ACORN-E,2012-07-04,48,1339.10416666667,8.17353877763288,22.33,15.2,22.33,14.78,18.765,7.129999999999999,22.33,15.2,0.71,1.35,0.48,1009.33,12.73,6.0,0.56,partly-cloudy-day,rain,0,2,0,7,186,27
ACORN-E,2012-07-05,48,1375.54166666667,8.1592572700775,18.7,14.78,18.7,13.42,16.74,3.92,18.7,14.78,0.82,2.46,0.39,1007.45,11.89,5.0,0.6,partly-cloudy-day,rain,1,3,0,7,187,27
ACORN-E,2012-07-06,48,1393.125,8.34319407169233,18.65,13.42,18.65,14.28,16.035,5.229999999999999,18.65,13.42,0.81,3.33,0.54,1007.26,11.28,6.0,0.63,partly-cloudy-day,rain,0,4,0,7,188,27
ACORN-E,2012-07-07,48,1411.6875,8.36175406950066,18.77,14.28,18.77,14.38,16.525,4.49,18.77,14.28,0.89,1.08,0.55,1005.49,10.94,6.0,0.67,partly-cloudy-day,rain,0,5,1,7,189,27
ACORN-E,2012-07-08,48,1418.27083333333,8.98856795578906,18.0,14.38,18.0,13.96,16.19,3.619999999999999,18.0,14.38,0.85,3.31,0.61,1010.95,11.28,5.0,0.7,partly-cloudy-day,rain,0,6,1,7,190,27
ACORN-E,2012-07-09,48,1432.85416666667,8.62759025264418,17.46,13.28,17.46,12.07,15.370000000000001,4.1800000000000015,17.46,13.28,0.84,3.33,0.55,1010.77,12.18,6.0,0.73,partly-cloudy-day,rain,0,0,0,7,191,28
ACORN-E,2012-07-10,48,1457.20833333333,8.42082828150929,18.75,12.07,18.75,10.04,15.41,6.68,18.75,12.07,0.79,4.03,0.48,1010.87,13.0,6.0,0.76,partly-cloudy-day,rain,0,1,0,7,192,28
ACORN-E,2012-07-11,48,1476.375,8.31229351922195,18.67,10.04,18.67,13.15,14.355,8.630000000000003,18.67,10.04,0.8,3.27,0.5,1012.07,12.34,6.0,0.79,partly-cloudy-day,rain,0,2,0,7,193,28
ACORN-E,2012-07-12,48,1490.25,8.23480078267337,19.26,14.21,19.26,13.66,16.735,5.050000000000001,19.26,14.21,0.83,4.59,0.58,1002.07,12.26,6.0,0.82,partly-cloudy-day,rain,0,3,0,7,194,28
ACORN-E,2012-07-13,48,1503.04166666667,8.16999570134805,16.44,13.13,16.44,12.44,14.785,3.3100000000000005,16.44,13.13,0.88,1.68,0.63,1004.61,11.91,5.0,0.85,partly-cloudy-day,rain,0,4,0,7,195,28
ACORN-E,2012-07-14,48,1514.27083333333,8.37154480601552,18.26,12.44,18.26,13.05,15.350000000000001,5.820000000000002,18.26,12.44,0.69,3.45,0.39,1015.16,11.97,6.0,0.88,partly-cloudy-day,rain,0,5,1,7,196,28
ACORN-E,2012-07-15,48,1518.8125,8.38424893887832,17.06,13.05,16.94,13.92,15.055,4.009999999999998,17.15,13.05,0.85,5.27,0.68,1019.8,12.21,5.0,0.91,partly-cloudy-day,rain,0,6,1,7,197,28
ACORN-E,2012-07-16,48,1518.625,8.52240390492448,22.44,13.92,22.44,14.91,18.18,8.520000000000001,22.48,13.92,0.77,4.9,0.55,1022.06,12.81,5.0,0.94,partly-cloudy-day,rain,0,0,0,7,198,29
ACORN-E,2012-07-17,48,1518.47916666667,8.06810189135483,18.52,14.91,18.52,13.77,16.715,3.6099999999999994,18.52,14.91,0.85,5.3,0.72,1013.52,12.47,5.0,0.97,partly-cloudy-day,rain,0,1,0,7,199,29
ACORN-E,2012-07-18,48,1519.39583333333,8.24442489808782,20.18,13.77,20.18,13.12,16.975,6.41,20.18,13.77,0.73,4.41,0.48,1010.4,12.96,6.0,0.01,partly-cloudy-day,rain,0,2,0,7,200,29
ACORN-E,2012-07-19,48,1519.9375,8.0712780460735,17.77,13.12,17.77,11.83,15.445,4.65,17.77,13.12,0.79,1.52,0.54,1016.21,12.18,5.0,0.04,partly-cloudy-day,rain,0,3,0,7,201,29
ACORN-E,2012-07-20,48,1521.33333333333,8.09502295271336,19.89,11.83,19.89,12.24,15.86,8.06,19.89,11.83,0.7,0.9,0.36,1023.63,12.5,6.0,0.07,partly-cloudy-day,rain,0,4,0,7,202,29
ACORN-E,2012-07-21,48,1521.97916666667,7.97360211467229,22.86,12.24,22.86,12.47,17.55,10.62,22.86,12.24,0.66,3.0,0.22,1026.73,12.6,6.0,0.11,partly-cloudy-day,rain,0,5,1,7,203,29
ACORN-E,2012-07-22,48,1522.0,8.07427463758213,27.18,12.47,27.18,14.21,19.825,14.709999999999999,27.18,12.47,0.58,3.21,0.19,1023.04,12.71,6.0,0.14,partly-cloudy-day,rain,0,6,1,7,204,29
ACORN-E,2012-07-23,48,1520.02083333333,7.80939622971406,28.32,14.21,28.32,15.74,21.265,14.11,28.32,14.21,0.58,0.87,0.02,1018.25,12.31,7.0,0.18,clear-day,rain,0,0,0,7,205,30
ACORN-E,2012-07-24,48,1520.1875,7.73662661686905,29.37,15.74,29.37,15.93,22.555,13.63,29.37,15.74,0.57,0.81,0.2,1016.59,12.31,6.0,0.22,partly-cloudy-day,rain,0,1,0,7,206,30
ACORN-E,2012-07-25,48,1520.83333333333,7.88533699590507,26.44,15.93,26.44,15.93,21.185000000000002,10.510000000000002,26.44,15.93,0.61,2.8,0.12,1018.08,11.7,6.0,0.26,partly-cloudy-day,rain,0,2,0,7,207,30
ACORN-E,2012-07-26,48,1521.9375,7.7541863372174,23.79,15.93,23.79,15.02,19.86,7.859999999999999,23.79,16.01,0.75,1.48,0.36,1012.66,9.75,5.0,0.29,partly-cloudy-night,rain,0,3,0,7,208,30
ACORN-E,2012-07-27,48,1521.875,7.99279630868773,21.09,14.93,21.09,10.97,18.009999999999998,6.16,21.09,14.93,0.55,2.52,0.44,1010.56,13.26,6.0,0.33,partly-cloudy-day,rain,0,4,0,7,209,30
ACORN-E,2012-07-28,48,1521.02083333333,7.82572019141558,17.92,10.97,17.92,9.86,14.445,6.950000000000001,17.92,10.97,0.75,3.53,0.3,1011.76,12.97,5.0,0.37,partly-cloudy-day,rain,0,5,1,7,210,30
ACORN-E,2012-07-29,48,1521.0,8.26708415601578,19.69,9.86,19.69,11.52,14.775,9.830000000000002,19.69,8.53,0.65,4.22,0.31,1015.19,12.92,5.0,0.41,partly-cloudy-day,rain,0,6,1,7,211,30
ACORN-E,2012-07-30,48,1521.8125,7.84197417662368,20.19,11.52,20.19,13.69,15.855,8.670000000000002,20.19,11.52,0.84,3.03,0.53,1014.62,11.57,5.0,0.44,partly-cloudy-day,rain,0,0,0,7,212,31
ACORN-E,2012-07-31,48,1520.91666666667,7.99475320955583,22.57,13.69,22.57,15.61,18.13,8.88,22.57,13.69,0.79,3.24,0.41,1009.58,11.3,5.0,0.48,partly-cloudy-day,rain,0,1,0,7,213,31
ACORN-E,2012-08-01,48,1520.91666666667,7.8848090891369,21.29,15.61,21.29,13.09,18.45,5.68,21.29,15.61,0.74,4.71,0.45,1010.31,12.63,4.0,0.52,partly-cloudy-day,rain,0,2,0,8,214,31
ACORN-E,2012-08-02,48,1521.72916666667,7.69172213329506,21.77,13.09,21.77,14.36,17.43,8.68,21.77,13.09,0.73,4.37,0.33,1012.49,12.63,5.0,0.55,partly-cloudy-day,rain,0,3,0,8,215,31
ACORN-E,2012-08-03,48,1522.91666666667,7.795282179157,21.04,14.36,21.04,12.98,17.7,6.68,21.04,14.36,0.77,3.97,0.41,1010.03,12.89,5.0,0.58,partly-cloudy-day,rain,0,4,0,8,216,31
ACORN-E,2012-08-04,48,1522.58333333333,7.94268837389163,20.69,12.98,20.69,14.77,16.835,7.710000000000001,20.69,12.98,0.79,2.23,0.34,1007.24,11.99,5.0,0.62,partly-cloudy-day,rain,0,5,1,8,217,31
ACORN-E,2012-08-05,48,1522.875,8.37991468243255,20.95,14.77,20.95,11.49,17.86,6.18,20.95,14.77,0.77,3.26,0.41,1009.08,12.78,5.0,0.65,partly-cloudy-day,rain,0,6,1,8,218,31
ACORN-E,2012-08-06,48,1523.97916666667,8.00973388305635,19.32,11.49,19.32,14.84,15.405000000000001,7.83,19.32,11.49,0.78,3.83,0.46,1019.52,12.89,5.0,0.68,partly-cloudy-day,rain,0,0,0,8,219,32
ACORN-E,2012-08-07,48,1521.77083333333,8.00964217991407,22.8,15.03,22.8,13.33,18.915,7.770000000000001,22.8,15.03,0.77,1.73,0.54,1022.61,11.43,4.0,0.71,partly-cloudy-day,rain,0,1,0,8,220,32
ACORN-E,2012-08-08,48,1521.85416666667,7.75897328452718,25.92,13.33,25.92,14.5,19.625,12.590000000000002,25.92,13.33,0.69,0.52,0.27,1025.62,11.47,5.0,0.74,partly-cloudy-day,rain,0,2,0,8,221,32
ACORN-E,2012-08-09,48,1520.875,7.6371585716167,24.99,14.5,24.99,15.21,19.744999999999997,10.489999999999998,24.99,14.5,0.7,0.55,0.23,1026.05,11.7,5.0,0.77,partly-cloudy-day,rain,0,3,0,8,222,32
ACORN-E,2012-08-10,48,1522.66666666667,7.68725346354972,22.91,15.21,22.91,16.03,19.060000000000002,7.699999999999999,22.91,15.21,0.67,4.3,0.24,1020.96,11.97,5.0,0.8,partly-cloudy-day,rain,0,4,0,8,223,32
ACORN-E,2012-08-11,48,1522.72916666667,7.73363596649591,25.13,16.03,25.13,15.26,20.58,9.099999999999998,25.13,16.03,0.7,2.43,0.24,1012.34,11.18,5.0,0.83,partly-cloudy-day,rain,0,5,1,8,224,32
ACORN-E,2012-08-12,48,1523.95833333333,8.0929491666132,22.68,15.26,22.68,17.62,18.97,7.42,22.68,15.26,0.79,2.92,0.42,1011.16,12.04,4.0,0.86,partly-cloudy-day,rain,0,6,1,8,225,32
ACORN-E,2012-08-13,48,1523.85416666667,7.83135366092229,23.97,17.62,23.97,17.87,20.795,6.349999999999998,23.97,17.81,0.75,2.31,0.44,1011.08,11.8,5.0,0.89,partly-cloudy-day,rain,0,0,0,8,226,33
ACORN-E,2012-08-14,48,1522.41666666667,7.64852163368753,22.57,17.38,22.57,16.02,19.975,5.190000000000001,22.79,17.38,0.77,2.67,0.26,1006.5,11.96,5.0,0.92,partly-cloudy-day,rain,0,1,0,8,227,33
ACORN-E,2012-08-15,48,1521.91666666667,7.86948073338728,21.67,16.02,21.67,17.92,18.845,5.650000000000002,21.67,16.02,0.71,4.22,0.42,1014.08,12.84,4.0,0.95,partly-cloudy-day,rain,0,2,0,8,228,33
ACORN-E,2012-08-16,48,1522.95833333333,7.67701375506604,27.23,17.92,27.23,20.54,22.575000000000003,9.309999999999999,27.23,17.92,0.63,3.71,0.45,1013.84,13.08,4.0,0.98,partly-cloudy-day,rain,0,3,0,8,229,33
ACORN-E,2012-08-17,48,1521.45833333333,7.41106305577526,29.86,20.54,29.86,17.97,25.2,9.32,30.6,20.54,0.59,2.17,0.23,1013.75,12.87,5.0,0.03,partly-cloudy-day,rain,0,4,0,8,230,33
ACORN-E,2012-08-18,48,1522.91666666667,7.62444782249128,28.88,17.97,28.88,16.96,23.424999999999997,10.91,29.5,18.33,0.72,0.76,0.21,1015.16,12.28,4.0,0.06,partly-cloudy-day,rain,0,5,1,8,231,33
ACORN-E,2012-08-19,48,1520.97916666667,7.87956474509692,24.54,16.96,24.54,16.27,20.75,7.579999999999998,24.54,17.05,0.75,2.78,0.34,1019.31,12.5,4.0,0.1,partly-cloudy-day,rain,0,6,1,8,232,33
ACORN-E,2012-08-20,48,1519.91666666667,7.77197096745722,22.09,16.27,22.09,13.16,19.18,5.82,22.09,16.36,0.75,2.54,0.34,1017.69,12.52,4.0,0.13,partly-cloudy-day,rain,0,0,0,8,233,34
ACORN-E,2012-08-21,48,1521.45833333333,7.7285193349415,21.48,13.16,21.48,12.96,17.32,8.32,21.48,13.16,0.72,4.6,0.34,1017.28,12.87,4.0,0.17,partly-cloudy-day,rain,0,1,0,8,234,34
ACORN-E,2012-08-22,48,1521.95833333333,7.59440486641175,22.04,12.96,22.04,14.07,17.5,9.079999999999998,22.04,12.96,0.7,2.6,0.37,1014.56,12.83,4.0,0.21,partly-cloudy-day,rain,0,2,0,8,235,34
ACORN-E,2012-08-23,48,1523.91666666667,7.56183429561669,20.27,14.07,20.27,15.58,17.17,6.199999999999999,20.27,14.07,0.76,2.88,0.44,1005.28,12.34,4.0,0.25,partly-cloudy-day,rain,0,3,0,8,236,34
ACORN-E,2012-08-24,48,1521.89583333333,7.57671459001978,20.93,15.04,20.93,14.26,17.985,5.890000000000001,20.93,15.04,0.88,3.94,0.52,1001.05,12.3,4.0,0.28,partly-cloudy-day,rain,0,4,0,8,237,34
ACORN-E,2012-08-25,48,1520.04166666667,7.8198234837277,21.01,14.26,21.01,12.62,17.635,6.750000000000002,21.01,14.26,0.69,4.39,0.51,1014.38,13.2,4.0,0.32,partly-cloudy-day,rain,0,5,1,8,238,34
ACORN-E,2012-08-26,48,1522.91666666667,7.64153750364866,20.99,12.62,20.99,14.97,16.805,8.37,20.99,12.62,0.75,3.82,0.32,1014.33,12.46,4.0,0.36,partly-cloudy-day,rain,0,6,1,8,239,34
ACORN-E,2012-08-27,48,1523.72916666667,8.0578797164911,22.5,14.97,22.5,14.74,18.735,7.529999999999999,22.5,14.97,0.75,4.17,0.39,1012.79,12.63,4.0,0.39,partly-cloudy-day,rain,1,0,0,8,240,35
ACORN-E,2012-08-28,48,1522.0,7.83573753416743,19.69,13.66,19.69,14.09,16.675,6.030000000000001,19.69,13.66,0.85,4.15,0.36,1012.74,11.84,3.0,0.43,partly-cloudy-day,rain,0,1,0,8,241,35
ACORN-E,2012-08-29,48,1522.16666666667,8.14192341413161,16.92,11.25,16.92,7.78,14.085,5.670000000000002,16.92,11.25,0.8,2.65,0.4,1016.19,12.33,3.0,0.46,partly-cloudy-day,rain,0,2,0,8,242,35
ACORN-E,2012-08-30,48,1524.1875,8.23381399806165,17.72,7.78,17.72,13.11,12.75,9.939999999999998,17.72,5.92,0.6,3.21,0.33,1028.62,13.02,4.0,0.49,partly-cloudy-day,rain,0,3,0,8,243,35
ACORN-E,2012-08-31,48,1522.02083333333,7.91796462501529,20.53,13.11,20.53,12.57,16.82,7.420000000000002,20.53,13.11,0.72,2.53,0.55,1026.14,13.15,3.0,0.54,partly-cloudy-day,rain,0,4,0,8,244,35
ACORN-E,2012-09-01,48,1523.54166666667,8.01117529705142,18.35,12.57,18.35,15.69,15.46,5.780000000000001,18.37,12.57,0.87,3.11,0.56,1024.58,12.07,3.0,0.57,partly-cloudy-day,rain,0,5,1,9,245,35
ACORN-E,2012-09-02,48,1523.375,8.77766274119923,24.34,15.69,24.34,13.71,20.015,8.65,24.34,15.69,0.72,1.15,0.5,1025.68,10.48,3.0,0.6,partly-cloudy-day,rain,0,6,1,9,246,35
ACORN-E,2012-09-03,48,1524.97916666667,8.17533891948741,24.79,13.71,24.79,12.07,19.25,11.079999999999998,24.79,13.71,0.77,1.9,0.42,1023.55,11.41,3.0,0.63,partly-cloudy-day,rain,0,0,0,9,247,36
ACORN-E,2012-09-04,48,1524.45833333333,8.16020262626859,19.97,12.07,19.97,8.67,16.02,7.899999999999999,19.97,12.07,0.6,3.26,0.27,1026.74,12.5,3.0,0.66,partly-cloudy-day,rain,1,1,0,9,248,36
ACORN-E,2012-09-05,48,1524.97916666667,8.0343441008399,20.76,8.67,20.76,11.46,14.715,12.090000000000002,20.76,8.67,0.67,1.88,0.46,1028.3,12.41,3.0,0.69,partly-cloudy-day,rain,0,2,0,9,249,36
ACORN-E,2012-09-06,48,1524.5,7.92850128224785,25.76,11.46,25.76,10.41,18.61,14.3,25.76,11.46,0.63,2.97,0.18,1024.47,11.75,3.0,0.72,partly-cloudy-day,rain,0,3,0,9,250,36
ACORN-E,2012-09-07,48,1525.0,7.84642032839344,27.12,10.41,27.12,11.32,18.765,16.71,27.12,10.41,0.62,1.39,0.14,1020.6,12.36,4.0,0.75,partly-cloudy-day,rain,0,4,0,9,251,36
ACORN-E,2012-09-08,48,1524.9375,7.98876899444685,27.78,11.32,27.78,16.93,19.55,16.46,27.78,11.32,0.67,2.97,0.22,1011.85,12.2,3.0,0.78,partly-cloudy-day,rain,0,5,1,9,252,36
ACORN-E,2012-09-09,48,1523.79166666667,8.34107382679113,20.21,16.93,20.21,14.77,18.57,3.280000000000001,20.21,16.93,0.78,5.69,0.59,1010.15,12.65,3.0,0.81,partly-cloudy-day,rain,0,6,1,9,253,36
ACORN-E,2012-09-10,48,1525.0,8.4566006557377,17.82,11.73,17.82,8.24,14.775,6.09,17.82,11.73,0.62,4.84,0.37,1012.33,13.18,3.0,0.84,partly-cloudy-day,rain,0,0,0,9,254,37
ACORN-E,2012-09-11,48,1525.08333333333,8.15379090243284,17.92,8.24,17.92,8.62,13.080000000000002,9.680000000000001,17.92,6.77,0.72,3.93,0.34,1014.64,13.16,3.0,0.87,partly-cloudy-day,rain,0,1,0,9,255,37
ACORN-E,2012-09-12,48,1525.97916666667,8.3301211178588,17.64,8.62,17.64,13.61,13.129999999999999,9.020000000000001,17.64,7.17,0.68,2.92,0.37,1018.75,12.96,3.0,0.9,partly-cloudy-day,rain,0,2,0,9,256,37
ACORN-E,2012-09-13,48,1525.875,8.3286883202445,20.69,13.61,20.69,9.69,17.15,7.080000000000002,20.69,13.61,0.68,5.42,0.56,1013.51,13.31,3.0,0.94,wind,rain,0,3,0,9,257,37
ACORN-E,2012-09-14,48,1525.95833333333,8.24396900280166,21.12,9.69,21.12,12.98,15.405000000000001,11.430000000000001,21.12,8.97,0.7,2.87,0.22,1017.25,12.92,3.0,0.97,partly-cloudy-day,rain,0,4,0,9,258,37
ACORN-E,2012-09-15,48,1526.0,8.22805111415465,18.31,12.98,18.31,13.29,15.645,5.329999999999998,18.31,12.98,0.76,3.88,0.66,1013.26,12.55,2.0,0.02,partly-cloudy-day,rain,0,5,1,9,259,37
ACORN-E,2012-09-16,48,1525.97916666667,8.86154918563058,18.72,13.29,18.72,11.43,16.005,5.43,18.72,13.29,0.71,4.04,0.55,1012.36,13.07,3.0,0.05,partly-cloudy-day,rain,0,6,1,9,260,37
ACORN-E,2012-09-17,48,1525.0,8.68758639515384,17.19,10.97,17.19,7.35,14.080000000000002,6.220000000000001,17.19,10.97,0.64,4.39,0.28,1013.39,13.02,3.0,0.08,partly-cloudy-day,rain,0,0,0,9,261,38
ACORN-E,2012-09-18,48,1526.83333333333,8.47381622568208,16.3,7.35,16.3,9.07,11.825,8.950000000000001,16.3,5.17,0.63,3.65,0.27,1021.81,12.99,3.0,0.12,partly-cloudy-day,rain,0,1,0,9,262,38
ACORN-E,2012-09-19,48,1526.0,8.65275224398452,17.38,9.07,17.38,10.34,13.225,8.309999999999999,17.38,8.07,0.7,3.17,0.45,1020.9,13.0,2.0,0.16,partly-cloudy-day,rain,0,2,0,9,263,38
ACORN-E,2012-09-20,48,1525.5625,8.73173747947996,16.32,10.34,16.32,6.59,13.33,5.98,16.32,10.34,0.76,1.47,0.43,1015.46,12.54,2.0,0.2,partly-cloudy-day,rain,0,3,0,9,264,38
ACORN-E,2012-09-21,48,1527.97916666667,8.92216311144752,15.62,6.59,15.62,8.85,11.105,9.03,15.62,5.43,0.69,1.98,0.28,1019.37,12.97,2.0,0.23,partly-cloudy-day,rain,0,4,0,9,265,38
ACORN-E,2012-09-22,48,1527.0,8.91642403065745,12.31,8.85,12.31,10.96,10.58,3.460000000000001,12.31,7.69,0.86,4.46,0.48,1009.6,10.62,2.0,0.27,fog,rain,0,5,1,9,266,38
ACORN-E,2012-09-23,48,1526.625,10.5689685485921,15.2,11.51,15.2,9.74,13.355,3.6899999999999995,15.2,11.51,0.88,2.53,0.66,989.47,8.1,2.0,0.31,wind,rain,0,6,1,9,267,38
ACORN-E,2012-09-24,48,1529.14583333333,9.80675196219801,15.47,9.74,15.47,10.07,12.605,5.73,15.47,7.49,0.78,4.92,0.28,988.79,13.13,2.0,0.34,partly-cloudy-day,rain,0,0,0,9,268,39
ACORN-E,2012-09-25,48,1529.77083333333,9.44463016845665,15.14,10.07,15.14,10.57,12.605,5.07,15.14,10.07,0.88,2.57,0.39,992.07,12.44,2.0,0.38,partly-cloudy-day,rain,0,1,0,9,269,39
ACORN-E,2012-09-26,48,1525.75,9.47987261528339,16.61,10.57,16.61,9.03,13.59,6.039999999999999,16.61,10.57,0.82,2.17,0.48,1006.39,11.41,2.0,0.41,partly-cloudy-day,rain,0,2,0,9,270,39
ACORN-E,2012-09-27,48,1530.0,9.40962374997569,17.07,9.03,17.07,8.74,13.05,8.040000000000001,17.07,7.44,0.85,4.08,0.39,1012.91,12.84,2.0,0.45,partly-cloudy-day,rain,0,3,0,9,271,39
ACORN-E,2012-09-28,48,1528.91666666667,9.28670152978685,15.83,8.71,15.83,6.42,12.27,7.119999999999999,15.83,6.9,0.75,3.36,0.17,1017.85,13.21,2.0,0.48,partly-cloudy-day,rain,0,4,0,9,272,39
ACORN-E,2012-09-29,48,1529.8125,9.32168574824404,16.46,6.42,16.46,13.66,11.440000000000001,10.040000000000001,16.46,4.87,0.81,4.6,0.48,1019.0,13.15,2.0,0.52,partly-cloudy-day,rain,0,5,1,9,273,39
ACORN-E,2012-09-30,48,1529.89583333333,10.2944903166716,16.24,12.37,16.24,10.87,14.305,3.869999999999999,16.24,12.37,0.89,4.57,0.61,1012.11,11.43,2.0,0.55,partly-cloudy-day,rain,0,6,1,9,274,39
ACORN-E,2012-10-01,48,1527.97916666667,9.69849088705951,16.44,10.87,16.44,11.06,13.655000000000001,5.570000000000002,16.44,10.87,0.85,5.09,0.39,1010.12,12.55,2.0,0.58,partly-cloudy-day,rain,0,0,0,10,275,40
ACORN-E,2012-10-02,48,1532.8125,9.55884087946461,14.34,9.35,14.34,7.19,11.844999999999999,4.99,14.34,7.78,0.8,4.65,0.36,1005.61,12.99,2.0,0.61,partly-cloudy-day,rain,0,1,0,10,276,40
ACORN-E,2012-10-03,48,1534.5625,9.47168158668271,14.99,7.19,14.99,10.98,11.09,7.8,14.99,5.02,0.79,3.65,0.28,1008.02,12.79,2.0,0.63,partly-cloudy-day,rain,0,2,0,10,277,40
ACORN-E,2012-10-04,48,1534.64583333333,9.50293957451972,15.6,9.16,15.49,7.61,12.379999999999999,6.4399999999999995,15.65,8.34,0.86,3.0,0.61,1006.96,10.11,2.0,0.66,wind,rain,0,3,0,10,278,40
ACORN-E,2012-10-05,48,1534.4375,9.53534979682508,14.89,7.61,14.89,5.27,11.25,7.28,14.89,5.86,0.83,1.75,0.4,1012.51,11.06,2.0,0.69,partly-cloudy-day,rain,0,4,0,10,279,40
ACORN-E,2012-10-06,48,1535.60416666667,9.50786514585861,13.64,5.27,13.64,9.49,9.455,8.370000000000001,13.64,5.17,0.87,0.4,0.25,1021.29,9.98,2.0,0.73,partly-cloudy-day,rain,0,5,1,10,280,40
ACORN-E,2012-10-07,48,1536.95833333333,10.2137187571197,12.22,9.51,12.22,9.07,10.865,2.710000000000001,12.22,8.84,0.92,2.49,0.61,1015.27,7.84,1.0,0.76,partly-cloudy-day,rain,0,6,1,10,281,40
ACORN-E,2012-10-08,48,1535.79166666667,10.4182588103338,14.23,9.07,14.23,7.04,11.65,5.16,14.23,7.73,0.82,2.66,0.58,1015.96,10.12,2.0,0.79,partly-cloudy-day,rain,0,0,0,10,282,41
ACORN-E,2012-10-09,48,1535.41666666667,9.9409568070846,14.13,7.04,14.13,9.15,10.585,7.090000000000001,14.13,6.21,0.74,2.16,0.56,1015.24,13.21,2.0,0.82,partly-cloudy-day,rain,0,1,0,10,283,41
ACORN-E,2012-10-10,48,1536.8125,9.82858206428657,14.88,9.15,14.88,10.37,12.015,5.73,14.99,7.37,0.89,3.2,0.71,1004.43,8.69,1.0,0.85,partly-cloudy-day,rain,0,2,0,10,284,41
ACORN-E,2012-10-11,48,1539.47916666667,10.2712599160703,14.72,8.51,13.99,6.47,11.615,6.210000000000001,14.73,7.12,0.75,5.42,0.48,1005.33,13.07,2.0,0.89,partly-cloudy-day,rain,0,3,0,10,285,41
ACORN-E,2012-10-12,48,1537.20833333333,9.84529990747694,11.53,6.41,11.53,2.81,8.969999999999999,5.119999999999999,11.53,4.01,0.84,2.18,0.29,1004.92,12.94,2.0,0.92,partly-cloudy-day,rain,0,4,0,10,286,41
ACORN-E,2012-10-13,48,1538.91666666667,10.2061475897938,12.32,2.81,12.32,4.09,7.565,9.51,12.32,1.64,0.8,2.36,0.2,1002.5,11.86,2.0,0.96,partly-cloudy-day,rain,0,5,1,10,287,41
ACORN-E,2012-10-14,48,1539.95833333333,10.8630162017317,13.03,4.09,13.03,9.81,8.559999999999999,8.94,13.03,2.83,0.84,2.97,0.31,1002.67,12.17,1.0,0.99,partly-cloudy-day,rain,0,6,1,10,288,41
ACORN-E,2012-10-15,48,1541.14583333333,10.4938348749275,14.74,9.06,14.74,8.8,11.9,5.68,14.74,7.15,0.74,5.37,0.39,1000.8,12.59,1.0,0.03,wind,rain,0,0,0,10,289,42
ACORN-E,2012-10-16,48,1540.4375,10.1435598291009,16.6,8.8,16.6,12.15,12.700000000000001,7.800000000000001,16.6,7.41,0.82,4.66,0.42,998.22,12.2,1.0,0.07,partly-cloudy-day,rain,0,1,0,10,290,42
ACORN-E,2012-10-17,48,1543.1875,10.0868702362863,16.04,12.15,16.04,11.98,14.094999999999999,3.889999999999999,16.04,12.15,0.85,4.18,0.44,1001.82,13.23,1.0,0.11,partly-cloudy-day,rain,0,2,0,10,291,42
ACORN-E,2012-10-18,48,1543.77083333333,9.75525370540638,13.21,11.98,13.01,9.57,12.595,1.2300000000000004,13.21,11.98,0.95,0.51,0.66,1007.63,8.42,1.0,0.15,partly-cloudy-day,rain,0,3,0,10,292,42
ACORN-E,2012-10-19,48,1547.33333333333,10.2467055343943,14.01,9.57,14.01,10.19,11.79,4.4399999999999995,14.01,8.9,0.91,0.86,0.61,1015.85,8.01,1.0,0.18,fog,rain,0,4,0,10,293,42
ACORN-E,2012-10-20,48,1548.95833333333,9.9830448169714,12.41,10.19,12.41,11.6,11.3,2.2200000000000006,12.41,10.19,0.94,3.37,0.69,1018.09,9.22,1.0,0.22,fog,rain,0,5,1,10,294,42
ACORN-E,2012-10-21,48,1548.02083333333,10.840407477744,14.73,12.02,14.73,12.51,13.375,2.710000000000001,14.79,12.02,0.98,2.57,0.9,1019.88,1.48,1.0,0.26,fog,rain,0,6,1,10,295,42
ACORN-E,2012-10-22,48,1551.0625,10.3450675737846,14.05,12.46,13.51,13.08,13.255,1.5899999999999999,14.05,12.46,0.96,2.3,0.88,1023.66,1.82,1.0,0.29,fog,rain,0,0,0,10,296,43
ACORN-E,2012-10-23,48,1552.3125,10.1758472876812,16.18,13.08,16.18,12.94,14.629999999999999,3.0999999999999996,16.18,13.08,0.92,3.45,0.74,1019.7,2.45,1.0,0.33,fog,rain,0,1,0,10,297,43
ACORN-E,2012-10-24,48,1554.14583333333,9.70876101627052,13.61,10.09,13.28,8.5,11.85,3.5199999999999996,13.61,10.09,0.91,5.16,0.81,1016.51,7.9,1.0,0.36,partly-cloudy-day,rain,0,2,0,10,298,43
ACORN-E,2012-10-25,48,1554.89583333333,9.95281184217005,10.11,4.19,8.96,2.49,7.15,5.919999999999999,10.11,-0.37,0.79,5.19,0.7,1012.84,12.33,1.0,0.4,partly-cloudy-day,rain,0,3,0,10,299,43
ACORN-E,2012-10-26,48,1557.02083333333,10.6709478401949,7.68,2.49,7.68,1.43,5.085,5.1899999999999995,3.78,-2.56,0.79,5.79,0.39,1015.91,13.07,1.0,0.43,partly-cloudy-day,rain,0,4,0,10,300,43
ACORN-E,2012-10-27,48,1558.91666666667,11.4488496631383,9.17,1.43,9.17,7.66,5.3,7.74,6.89,-0.94,0.88,3.13,0.42,1015.62,12.68,1.0,0.46,partly-cloudy-day,rain,0,5,1,10,301,43
ACORN-E,2012-10-28,48,1557.5,12.3908506882924,10.785,4.545,10.785,6.615,7.665000000000001,6.24,9.645,2.265,0.885,3.04,0.435,1012.165,12.585,1.0,0.475,partly-cloudy-day,rain,0,6,1,10,302,43
ACORN-E,2012-10-29,48,1557.0,11.3928789394176,12.4,7.66,12.4,5.57,10.030000000000001,4.74,12.4,5.47,0.89,2.95,0.45,1008.71,12.49,1.0,0.49,partly-cloudy-day,rain,0,0,0,10,303,44
ACORN-E,2012-10-30,48,1557.375,11.1665514102928,10.92,5.57,10.92,6.45,8.245000000000001,5.35,10.92,3.44,0.84,2.37,0.45,1004.48,11.25,1.0,0.52,partly-cloudy-day,rain,0,1,0,10,304,44
ACORN-E,2012-10-31,48,1558.45833333333,11.1959592391731,12.36,6.45,12.36,6.85,9.405,5.909999999999999,12.36,4.43,0.79,5.32,0.49,989.93,12.99,1.0,0.55,partly-cloudy-day,rain,0,2,0,10,305,44
ACORN-E,2012-11-01,48,1556.08333333333,11.2868905118732,11.46,4.2,9.42,4.2,7.83,7.260000000000001,11.46,0.85,0.85,4.07,0.44,979.63,12.54,1.0,0.58,partly-cloudy-day,rain,0,3,0,11,306,44
ACORN-E,2012-11-02,48,1555.9375,11.3800960291083,9.78,4.61,9.78,3.22,7.195,5.169999999999999,6.88,1.81,0.77,4.31,0.23,991.25,12.96,1.0,0.61,partly-cloudy-day,rain,0,4,0,11,307,44
ACORN-E,2012-11-03,48,1558.64583333333,11.6848046408958,9.45,3.22,9.45,2.96,6.335,6.229999999999999,6.47,1.56,0.79,3.16,0.25,996.52,12.71,1.0,0.64,partly-cloudy-day,rain,0,5,1,11,308,44
ACORN-E,2012-11-04,48,1557.52083333333,13.0046517592003,8.67,2.96,8.67,2.94,5.8149999999999995,5.71,7.03,1.18,0.92,0.59,0.59,994.21,9.99,1.0,0.67,partly-cloudy-day,rain,0,6,1,11,309,44
ACORN-E,2012-11-05,48,1557.0,11.8490949449002,9.19,2.94,9.19,0.92,6.0649999999999995,6.25,7.08,2.62,0.83,2.09,0.41,1006.26,9.08,1.0,0.7,partly-cloudy-day,rain,0,0,0,11,310,45
ACORN-E,2012-11-06,48,1557.6875,12.1819464056884,9.67,0.92,9.67,4.97,5.295,8.75,7.17,-1.72,0.87,3.58,0.33,1020.29,10.41,1.0,0.74,partly-cloudy-night,rain,0,1,0,11,311,45
ACORN-E,2012-11-07,48,1557.89583333333,11.8504062345655,9.93,4.97,9.93,7.81,7.449999999999999,4.96,7.64,2.35,0.86,4.2,0.47,1024.32,12.67,1.0,0.77,partly-cloudy-night,rain,0,2,0,11,312,45
ACORN-E,2012-11-08,48,1551.54166666667,11.4372556377143,12.34,7.81,12.34,8.13,10.075,4.53,12.34,5.13,0.78,3.72,0.64,1019.18,13.36,1.0,0.8,partly-cloudy-day,rain,0,3,0,11,313,45
ACORN-E,2012-11-09,48,1556.66666666667,11.3539556599605,11.27,8.13,11.27,8.8,9.7,3.139999999999999,11.27,6.7,0.8,3.17,0.7,1010.05,13.37,1.0,0.84,partly-cloudy-day,rain,0,4,0,11,314,45
ACORN-E,2012-11-10,48,1557.6875,11.687926188073,10.31,5.2,9.78,2.1,7.755000000000001,5.11,10.31,3.38,0.91,2.38,0.49,997.84,11.78,1.0,0.87,partly-cloudy-day,rain,0,5,1,11,315,45
ACORN-E,2012-11-11,48,1558.8125,12.2103859898435,9.87,2.1,9.87,4.52,5.984999999999999,7.77,8.39,0.46,0.88,1.98,0.22,1011.6,10.32,1.0,0.91,partly-cloudy-night,rain,0,6,1,11,316,45
ACORN-E,2012-11-12,48,1558.9375,11.8313791990953,12.18,4.52,12.06,10.06,8.35,7.66,12.18,3.72,0.92,3.06,0.5,1020.98,10.04,1.0,0.95,partly-cloudy-day,rain,0,0,0,11,317,46
ACORN-E,2012-11-13,48,1558.75,11.1306926580039,14.66,10.06,14.66,10.47,12.36,4.6,14.66,10.06,0.88,3.23,0.54,1026.29,11.49,1.0,0.98,partly-cloudy-night,rain,0,1,0,11,318,46
ACORN-E,2012-11-14,48,1557.97916666667,10.9857086543709,12.62,7.33,12.62,6.64,9.975,5.289999999999999,12.62,7.08,0.86,1.86,0.55,1026.48,9.21,1.0,0.02,fog,rain,0,2,0,11,319,46
ACORN-E,2012-11-15,48,1558.60416666667,11.2059730567414,9.07,6.45,9.07,5.91,7.76,2.62,9.07,5.43,0.92,0.62,0.71,1022.69,4.06,1.0,0.06,fog,rain,0,3,0,11,320,46
ACORN-E,2012-11-16,48,1558.27083333333,11.6231602503719,9.19,5.91,9.11,8.94,7.55,3.2799999999999994,7.75,4.89,0.92,2.0,0.9,1014.76,3.48,1.0,0.1,fog,rain,0,4,0,11,321,46
ACORN-E,2012-11-17,48,1559.0,11.8445381793449,12.44,8.18,12.44,2.07,10.309999999999999,4.26,12.44,7.04,0.88,1.69,0.65,1007.72,9.32,1.0,0.13,partly-cloudy-day,rain,0,5,1,11,322,46
ACORN-E,2012-11-18,48,1559.91666666667,12.3704750294552,9.42,2.07,9.42,3.42,5.745,7.35,9.42,2.07,0.82,0.72,0.3,1014.66,12.57,1.0,0.17,partly-cloudy-night,rain,0,6,1,11,323,46
ACORN-E,2012-11-19,48,1558.70833333333,11.9024602992275,11.23,3.49,11.23,10.79,7.36,7.74,11.23,1.42,0.82,4.13,0.5,1011.21,12.38,1.0,0.21,partly-cloudy-day,rain,0,0,0,11,324,47
ACORN-E,2012-11-20,48,1558.72916666667,11.6395174224226,13.46,10.88,13.46,9.73,12.170000000000002,2.58,13.46,10.88,0.9,5.74,0.76,1008.74,10.81,1.0,0.24,partly-cloudy-day,rain,0,1,0,11,325,47
ACORN-E,2012-11-21,48,1559.95833333333,11.7726125261207,11.87,6.06,10.8,6.06,8.965,5.81,11.87,3.42,0.91,2.82,0.45,1007.68,10.65,1.0,0.28,wind,rain,0,2,0,11,326,47
ACORN-E,2012-11-22,48,1556.83333333333,11.4448877592623,13.09,6.56,13.09,6.02,9.825,6.53,13.09,4.09,0.81,7.58,0.54,1011.36,12.73,1.0,0.31,wind,rain,0,3,0,11,327,47
ACORN-E,2012-11-23,48,1555.04166666667,11.2748765921023,10.7,5.12,10.7,3.64,7.91,5.579999999999999,10.7,3.97,0.89,2.71,0.38,1011.69,11.46,1.0,0.34,partly-cloudy-day,rain,0,4,0,11,328,47
ACORN-E,2012-11-24,48,1555.89583333333,12.4155595332429,9.91,3.64,9.36,7.46,6.775,6.27,7.11,2.99,0.97,3.43,0.58,1010.19,5.7,1.0,0.38,wind,rain,0,5,1,11,329,47
ACORN-E,2012-11-25,48,1557.5,12.4913727882321,12.54,7.46,10.92,7.68,10.0,5.079999999999999,12.54,2.87,0.81,6.54,0.54,1001.79,12.36,1.0,0.41,wind,rain,0,6,1,11,330,47
ACORN-E,2012-11-26,48,1555.52083333333,12.0561068443259,10.69,7.17,9.52,7.17,8.93,3.5199999999999996,10.69,5.0,0.91,1.29,0.64,998.27,11.31,1.0,0.44,partly-cloudy-day,rain,0,0,0,11,331,48
ACORN-E,2012-11-27,48,1554.66666666667,12.4917411960237,8.47,6.42,8.47,5.84,7.445,2.0500000000000007,6.07,3.08,0.9,3.98,0.72,1003.65,9.69,1.0,0.47,partly-cloudy-day,rain,0,1,0,11,332,48
ACORN-E,2012-11-28,48,1558.66666666667,12.7180720255389,6.89,3.45,6.89,2.23,5.17,3.4399999999999995,3.34,-0.33,0.83,5.17,0.65,1012.91,13.2,1.0,0.5,partly-cloudy-day,rain,0,2,0,11,333,48
ACORN-E,2012-11-29,48,1558.5625,12.7921204443332,5.84,1.63,5.84,-0.89,3.735,4.21,3.18,-1.39,0.83,3.2,0.36,1012.58,12.92,1.0,0.53,partly-cloudy-day,rain,0,3,0,11,334,48
ACORN-E,2012-11-30,48,1557.72916666667,13.0054258380061,4.37,-0.89,4.37,-1.35,1.74,5.26,2.52,-2.57,0.88,1.55,0.25,1011.91,10.01,1.0,0.56,partly-cloudy-night,rain,0,4,0,11,335,48
ACORN-E,2012-12-01,48,1557.97916666667,13.8283908058217,5.73,-1.35,5.73,-1.55,2.1900000000000004,7.08,2.61,-4.31,0.88,2.68,0.31,1014.56,8.92,1.0,0.59,fog,rain,0,5,1,12,336,48
ACORN-E,2012-12-02,48,1557.95833333333,14.4302297242811,4.76,-1.55,4.76,1.77,1.605,6.31,2.71,-4.97,0.84,2.1,0.31,1016.35,12.81,1.0,0.62,partly-cloudy-night,rain,0,6,1,12,337,48
ACORN-E,2012-12-03,48,1556.39583333333,13.0552316252724,10.22,2.94,10.22,2.33,6.58,7.280000000000001,10.22,0.57,0.87,3.55,0.58,1007.42,10.67,1.0,0.65,partly-cloudy-day,rain,0,0,0,12,338,49
ACORN-E,2012-12-04,48,1556.77083333333,13.1499866142245,7.73,1.21,7.73,-0.77,4.470000000000001,6.5200000000000005,4.36,-2.14,0.82,4.36,0.21,1003.4,12.89,1.0,0.68,partly-cloudy-day,rain,0,1,0,12,339,49
ACORN-E,2012-12-05,48,1558.33333333333,13.5833811859539,3.89,-0.77,3.89,-2.82,1.56,4.66,-0.07,-2.82,0.84,3.05,0.39,1008.05,11.14,1.0,0.71,partly-cloudy-day,rain,0,2,0,12,340,49
ACORN-E,2012-12-06,48,1558.02083333333,13.8995778472499,4.84,-2.82,4.13,2.99,1.01,7.66,0.37,-5.79,0.84,3.07,0.43,1013.58,12.55,1.0,0.75,partly-cloudy-night,rain,0,3,0,12,341,49
ACORN-E,2012-12-07,48,1558.97916666667,13.7399119219173,6.33,2.97,6.33,3.9,4.65,3.36,2.12,-2.07,0.8,5.63,0.56,1001.72,12.84,1.0,0.78,partly-cloudy-night,rain,0,4,0,12,342,49
ACORN-E,2012-12-08,48,1559.75,13.4577921471028,6.46,3.17,6.46,3.17,4.8149999999999995,3.29,4.69,0.01,0.83,2.14,0.52,1023.19,12.39,1.0,0.82,partly-cloudy-day,rain,0,5,1,12,343,49
ACORN-E,2012-12-09,48,1560.0,13.9221275644231,8.66,3.86,8.66,3.21,6.26,4.800000000000001,5.37,0.49,0.8,5.44,0.53,1018.89,13.33,1.0,0.86,partly-cloudy-day,rain,0,6,1,12,344,49
ACORN-E,2012-12-10,48,1559.89583333333,13.2902946150699,5.59,1.55,5.59,-0.23,3.57,4.04,2.23,-1.04,0.79,3.93,0.27,1022.18,13.18,1.0,0.89,partly-cloudy-day,rain,0,0,0,12,345,50
ACORN-E,2012-12-11,48,1455.85416666667,13.7999624499934,2.7,-2.49,2.7,-3.83,0.10499999999999998,5.19,1.26,-2.49,0.89,1.67,0.29,1029.42,6.18,1.0,0.93,fog,snow,0,1,0,12,346,50
ACORN-E,2012-12-12,48,1556.20833333333,14.2090581954356,1.8,-3.83,1.8,-1.35,-1.0150000000000001,5.63,1.8,-3.83,0.91,0.73,0.45,1020.51,6.49,1.0,0.97,partly-cloudy-day,snow,0,2,0,12,347,50
ACORN-E,2012-12-13,48,1558.83333333333,14.4667698568157,1.58,-1.35,1.58,0.82,0.11499999999999999,2.93,-1.1,-3.72,0.87,2.09,0.6,1005.66,6.78,1.0,0.01,fog,snow,0,3,0,12,348,50
ACORN-E,2012-12-14,48,1557.77083333333,13.9741540804092,10.34,1.93,10.34,7.54,6.135,8.41,10.34,-0.92,0.92,4.22,0.71,985.82,7.45,0.0,0.05,wind,rain,0,4,0,12,349,50
ACORN-E,2012-12-15,48,1557.83333333333,13.0650984201789,11.17,6.91,11.17,5.32,9.04,4.26,11.17,4.32,0.86,4.93,0.39,991.49,13.15,1.0,0.08,partly-cloudy-day,rain,0,5,1,12,350,50
ACORN-E,2012-12-16,48,1558.625,13.2093206563573,9.82,5.32,9.82,5.62,7.57,4.5,7.78,3.01,0.89,3.07,0.39,999.72,12.86,1.0,0.12,partly-cloudy-day,rain,0,6,1,12,351,50
ACORN-E,2012-12-17,48,1557.72916666667,12.4007588963121,9.1,5.62,9.1,5.04,7.359999999999999,3.4799999999999995,6.39,3.08,0.86,3.79,0.32,1001.69,12.71,1.0,0.15,partly-cloudy-night,rain,0,0,0,12,352,51
ACORN-E,2012-12-18,48,1557.95833333333,12.392699508248,7.96,4.66,7.96,3.07,6.3100000000000005,3.3,7.12,2.47,0.86,2.17,0.62,1014.41,11.65,0.0,0.19,partly-cloudy-day,rain,0,1,0,12,353,51
ACORN-E,2012-12-19,48,1558.0,12.9774935761232,7.44,3.07,7.44,6.44,5.255,4.370000000000001,4.49,0.96,0.92,4.02,0.52,1016.68,7.87,1.0,0.22,partly-cloudy-day,rain,0,2,0,12,354,51
ACORN-E,2012-12-20,48,1555.9375,12.7887703066913,9.57,6.53,9.57,6.75,8.05,3.04,7.93,2.82,0.96,3.54,0.76,1002.52,8.96,0.0,0.26,partly-cloudy-day,rain,0,3,0,12,355,51
ACORN-E,2012-12-21,48,1554.4375,12.0627705539718,9.69,6.3,9.69,6.04,7.994999999999999,3.3899999999999997,7.58,4.44,0.91,3.21,0.44,1009.54,12.15,1.0,0.29,partly-cloudy-day,rain,0,4,0,12,356,51
ACORN-E,2012-12-22,48,1554.54166666667,12.2432708721152,13.07,6.04,13.07,12.34,9.555,7.03,13.07,4.44,0.96,3.91,0.67,1005.25,10.15,0.0,0.32,partly-cloudy-day,rain,0,5,1,12,357,51
ACORN-E,2012-12-23,48,1553.79166666667,11.4334131128331,13.08,9.34,12.56,7.57,11.21,3.74,13.08,7.75,0.86,5.51,0.53,1003.59,12.73,1.0,0.35,partly-cloudy-day,rain,0,6,1,12,358,51
ACORN-E,2012-12-24,48,1553.89583333333,11.444323249707,12.3,7.57,12.3,7.25,9.935,4.73,12.3,5.49,0.91,4.28,0.61,999.12,10.85,1.0,0.38,wind,rain,0,0,0,12,359,52
ACORN-E,2012-12-25,48,1554.77083333333,11.598292347182,9.14,6.46,9.14,4.83,7.800000000000001,2.6800000000000006,6.49,3.86,0.89,4.39,0.56,995.66,13.07,1.0,0.41,partly-cloudy-day,rain,1,1,0,12,360,52
ACORN-E,2012-12-26,48,1553.91666666667,11.001233516072,10.18,4.83,10.18,6.42,7.505,5.35,10.18,1.34,0.88,5.05,0.39,1004.15,12.94,1.0,0.44,partly-cloudy-day,rain,1,2,0,12,361,52
ACORN-E,2012-12-27,48,1553.875,11.5001483711006,7.97,6.42,7.97,5.45,7.195,1.5499999999999998,5.36,3.64,0.84,4.09,0.51,1005.46,12.46,1.0,0.47,partly-cloudy-night,rain,0,3,0,12,362,52
ACORN-E,2012-12-28,48,1554.625,11.5776969493029,12.34,5.45,12.28,11.46,8.895,6.89,12.34,3.99,0.89,4.78,0.7,1016.76,11.46,0.0,0.51,wind,rain,0,4,0,12,363,52
ACORN-E,2012-12-29,48,1553.83333333333,11.4250843404045,11.97,7.28,11.48,5.44,9.625,4.69,11.97,3.69,0.83,7.6,0.59,1004.18,12.5,0.0,0.53,wind,rain,0,5,1,12,364,52
ACORN-E,2012-12-30,48,1554.875,11.636408198353,10.9,5.44,9.51,4.22,8.17,5.46,10.9,1.25,0.77,6.82,0.37,1009.95,13.2,1.0,0.56,wind,rain,0,6,1,12,365,52
ACORN-E,2012-12-31,48,1554.0,11.8593602517878,9.24,4.22,7.49,3.31,6.73,5.0200000000000005,6.97,0.88,0.81,4.55,0.38,1007.65,13.15,1.0,0.6,partly-cloudy-night,rain,0,0,0,12,366,1
ACORN-E,2013-01-01,48,1553.95833333333,11.8107301894964,7.49,3.31,5.76,4.42,5.4,4.18,4.38,0.23,0.82,4.0,0.43,1016.89,13.15,1.0,0.63,partly-cloudy-day,rain,1,1,0,1,1,1
ACORN-E,2013-01-02,48,1554.97916666667,12.3194731275427,10.82,3.31,9.86,9.65,7.065,7.51,10.82,0.23,0.91,3.72,0.61,1023.12,11.35,1.0,0.66,partly-cloudy-night,rain,0,2,0,1,2,1
ACORN-E,2013-01-03,48,1554.97916666667,11.699973423569,11.41,9.65,11.41,9.55,10.530000000000001,1.7599999999999998,11.41,7.07,0.91,4.36,0.66,1032.61,11.89,1.0,0.7,partly-cloudy-day,rain,0,3,0,1,3,1
ACORN-E,2013-01-04,48,1553.89583333333,11.6105285231163,10.79,8.17,10.17,8.07,9.48,2.619999999999999,10.79,5.7,0.85,4.28,0.83,1037.15,12.34,1.0,0.73,partly-cloudy-day,rain,1,4,0,1,4,1
ACORN-E,2013-01-05,48,1554.97916666667,11.8968319183759,10.66,7.84,10.66,6.91,9.25,2.8200000000000003,10.66,5.76,0.92,3.15,0.72,1035.16,9.58,1.0,0.77,partly-cloudy-day,rain,0,5,1,1,5,1
ACORN-E,2013-01-06,48,1552.875,12.6502549946793,8.61,6.91,7.97,7.1,7.76,1.6999999999999993,6.98,5.08,0.96,2.23,0.67,1032.19,5.5,1.0,0.8,fog,rain,0,6,1,1,6,1
ACORN-E,2013-01-07,48,1555.58333333333,12.0020803120994,9.08,7.1,8.56,8.19,8.09,1.9800000000000004,7.31,5.24,0.92,3.27,0.84,1026.88,9.7,1.0,0.84,partly-cloudy-day,rain,0,0,0,1,7,2
ACORN-E,2013-01-08,48,1555.6875,11.6374169105435,11.23,9.02,11.23,8.46,10.125,2.210000000000001,11.23,6.9,0.87,3.71,0.76,1024.17,11.73,1.0,0.88,partly-cloudy-day,rain,0,1,0,1,8,2
ACORN-E,2013-01-09,48,1554.25,11.7875394534555,9.21,1.77,8.93,1.16,5.49,7.440000000000001,9.13,1.77,0.9,0.93,0.52,1021.19,8.64,1.0,0.92,partly-cloudy-day,rain,0,2,0,1,9,2
ACORN-E,2013-01-10,48,1555.83333333333,12.8062314614712,3.43,1.16,3.43,0.89,2.295,2.2700000000000005,2.36,-0.48,0.94,1.55,0.7,1015.8,5.21,1.0,0.95,partly-cloudy-day,rain,0,3,0,1,10,2
ACORN-E,2013-01-11,48,1554.64583333333,12.7966287244245,5.7,0.89,5.7,1.37,3.295,4.8100000000000005,5.7,-1.42,0.93,0.4,0.52,1017.62,5.7,1.0,0.99,partly-cloudy-day,rain,0,4,0,1,11,2
ACORN-E,2013-01-12,48,1555.375,13.6617205422087,4.53,1.75,4.53,2.12,3.14,2.7800000000000002,0.07,-1.06,0.83,4.76,0.57,1012.97,10.03,1.0,0.03,partly-cloudy-day,rain,0,5,1,1,12,2
ACORN-E,2013-01-13,48,1555.97916666667,14.4648030026893,3.48,1.04,2.88,-0.41,2.26,2.44,-0.09,-2.16,0.74,3.13,0.6,1018.81,12.46,1.0,0.07,partly-cloudy-day,rain,0,6,1,1,13,2
ACORN-E,2013-01-14,48,1554.52083333333,14.2641491549597,2.94,-0.41,2.62,1.23,1.265,3.35,0.94,-3.4,0.88,2.08,0.59,1011.47,9.66,1.0,0.1,partly-cloudy-day,rain,0,0,0,1,14,3
ACORN-E,2013-01-15,48,1553.625,14.1629743239031,2.38,-0.83,2.29,-2.18,0.7749999999999999,3.21,0.89,-3.16,0.85,3.28,0.58,1008.99,11.41,1.0,0.14,partly-cloudy-day,rain,0,1,0,1,15,3
ACORN-E,2013-01-16,48,1553.47916666667,14.2422778748919,-0.06,-2.32,-0.06,-3.86,-1.19,2.26,-0.15,-4.7,0.91,0.93,0.48,1013.33,4.12,1.0,0.17,fog,snow,0,2,0,1,16,3
ACORN-E,2013-01-17,48,1553.85416666667,14.52445466407,2.88,-3.86,2.88,-1.44,-0.49,6.74,2.88,-3.86,0.83,1.01,0.31,1017.44,9.64,1.0,0.2,partly-cloudy-day,rain,0,3,0,1,17,3
ACORN-E,2013-01-18,48,1553.64583333333,15.272497146127,1.33,-1.93,-0.81,-0.81,-0.29999999999999993,3.26,-2.04,-7.8,0.85,5.2,0.67,1004.05,6.41,1.0,0.23,fog,snow,0,4,0,1,18,3
ACORN-E,2013-01-19,48,1554.97916666667,15.8125350551185,0.85,-0.65,0.85,-0.93,0.09999999999999998,1.5,-2.56,-5.37,0.86,4.16,0.84,997.28,7.53,1.0,0.26,partly-cloudy-day,snow,0,5,1,1,19,3
ACORN-E,2013-01-20,48,1554.6875,16.0504673995131,0.08,-1.45,-0.21,-0.86,-0.6849999999999999,1.53,-0.46,-5.88,0.91,3.18,0.85,994.89,5.1,1.0,0.3,fog,snow,0,6,1,1,20,3
ACORN-E,2013-01-21,48,1554.9375,14.8605994068637,1.17,-1.98,1.17,-3.73,-0.405,3.15,1.08,-4.23,0.9,1.22,0.68,994.61,8.14,1.0,0.33,partly-cloudy-day,snow,0,0,0,1,21,4
ACORN-E,2013-01-22,48,1554.25,14.7620698358422,2.82,-3.73,2.82,1.38,-0.45500000000000007,6.55,-1.43,-5.09,0.88,3.44,0.53,1001.55,6.31,1.0,0.36,fog,rain,0,1,0,1,22,4
ACORN-E,2013-01-23,48,1552.33333333333,14.7215553180554,2.82,1.38,2.29,1.22,2.0999999999999996,1.44,-1.4,-2.47,0.82,4.23,0.75,1007.72,7.69,1.0,0.39,partly-cloudy-day,rain,0,2,0,1,23,4
ACORN-E,2013-01-24,48,1551.9375,14.7015003205034,2.23,-0.11,2.23,-1.19,1.06,2.34,2.08,-2.49,0.79,2.07,0.8,1016.41,10.32,1.0,0.41,partly-cloudy-day,rain,0,3,0,1,24,4
ACORN-E,2013-01-25,48,1551.64583333333,14.5894632812566,2.98,-1.19,1.85,0.96,0.895,4.17,0.81,-4.07,0.8,3.2,0.74,1014.52,10.8,1.0,0.44,partly-cloudy-day,snow,0,4,0,1,25,4
ACORN-E,2013-01-26,48,1551.66666666667,13.6193754521337,7.56,2.37,7.41,6.47,4.965,5.1899999999999995,4.69,-2.16,0.86,3.61,0.51,1006.45,10.27,1.0,0.47,wind,rain,0,5,1,1,26,4
ACORN-E,2013-01-27,48,1552.91666666667,13.5728485577659,10.26,4.72,10.26,3.02,7.49,5.54,10.26,1.49,0.77,6.6,0.43,997.84,12.01,1.0,0.52,wind,rain,0,6,1,1,27,4
ACORN-E,2013-01-28,48,1551.66666666667,13.1180047409953,10.54,3.02,9.34,9.34,6.779999999999999,7.52,10.54,-0.68,0.84,5.95,0.47,1005.47,11.91,1.0,0.54,wind,rain,0,0,0,1,28,5
ACORN-E,2013-01-29,48,1548.58333333333,12.223540533418,13.09,9.76,13.09,8.41,11.425,3.33,13.09,7.09,0.89,7.22,0.69,1003.25,10.88,1.0,0.57,wind,rain,0,1,0,1,29,5
ACORN-E,2013-01-30,48,1546.0,11.6314934206906,12.56,7.51,11.28,7.12,10.035,5.050000000000001,12.56,3.86,0.77,7.85,0.44,1006.93,11.88,1.0,0.61,wind,rain,0,2,0,1,30,5
ACORN-E,2013-01-31,48,1547.83333333333,11.874226072793,9.94,7.12,9.94,5.24,8.53,2.8199999999999994,6.38,3.29,0.74,7.3,0.35,1012.39,12.89,1.0,0.64,wind,rain,0,3,0,1,31,5
ACORN-E,2013-02-01,48,1547.375,12.0848754900959,8.03,4.16,7.33,2.9,6.095,3.869999999999999,5.33,2.49,0.85,2.83,0.49,1002.38,12.5,1.0,0.68,partly-cloudy-day,rain,0,4,0,2,32,5
ACORN-E,2013-02-02,48,1547.9375,13.1404778955759,5.56,1.48,5.14,0.11,3.5199999999999996,4.08,1.9,-1.71,0.71,4.97,0.43,1015.47,13.42,1.0,0.71,partly-cloudy-day,rain,0,5,1,2,33,5
ACORN-E,2013-02-03,48,1547.52083333333,14.1551114127682,9.12,0.11,8.78,8.43,4.614999999999999,9.01,6.66,-2.93,0.82,4.32,0.55,1018.69,13.12,1.0,0.75,partly-cloudy-day,rain,0,6,1,2,34,5
ACORN-E,2013-02-04,48,1547.5625,12.2429796525117,10.2,6.48,10.16,2.16,8.34,3.719999999999999,10.2,2.41,0.71,6.82,0.5,1012.2,13.0,1.0,0.79,wind,rain,0,0,0,2,35,6
ACORN-E,2013-02-05,48,1547.72916666667,12.8239270374473,6.44,2.16,5.36,3.48,4.300000000000001,4.28,2.38,-2.91,0.73,7.3,0.48,1000.03,12.84,1.0,0.83,partly-cloudy-day,rain,0,1,0,2,36,6
ACORN-E,2013-02-06,48,1546.97916666667,13.1360013109234,6.16,2.86,5.67,1.24,4.51,3.3000000000000003,2.56,-1.46,0.75,6.04,0.61,1006.64,13.23,1.0,0.86,partly-cloudy-day,rain,0,2,0,2,37,6
ACORN-E,2013-02-07,48,1546.54166666667,13.0078744927861,5.53,1.24,5.53,0.81,3.3850000000000002,4.29,2.42,-2.68,0.71,3.57,0.39,1017.82,12.49,1.0,0.9,partly-cloudy-day,rain,0,3,0,2,38,6
ACORN-E,2013-02-08,48,1546.95833333333,12.9799318713813,5.59,0.81,5.59,1.58,3.2,4.779999999999999,2.73,-2.13,0.78,3.08,0.41,1019.29,10.54,1.0,0.94,partly-cloudy-day,rain,0,4,0,2,39,6
ACORN-E,2013-02-09,48,1546.4375,13.6409762662103,3.68,1.58,3.68,3.01,2.63,2.1,2.1,-0.57,0.86,0.68,0.7,1018.79,10.38,1.0,0.97,partly-cloudy-day,rain,0,5,1,2,40,6
ACORN-E,2013-02-10,48,1545.8125,14.4116260783011,4.73,1.06,4.73,0.55,2.8950000000000005,3.6700000000000004,1.58,-4.17,0.93,4.86,0.84,999.65,7.07,1.0,0.02,partly-cloudy-day,rain,0,6,1,2,41,6
ACORN-E,2013-02-11,48,1545.08333333333,14.129816930473,1.88,0.55,1.88,1.22,1.2149999999999999,1.3299999999999998,-1.66,-3.92,0.93,3.36,0.87,999.17,4.36,1.0,0.05,partly-cloudy-day,rain,0,0,0,2,42,7
ACORN-E,2013-02-12,48,1545.95833333333,14.1717320073742,2.24,1.14,2.24,0.6,1.69,1.1000000000000003,-0.19,-2.29,0.76,2.87,0.86,1015.13,7.32,1.0,0.08,partly-cloudy-day,rain,0,1,0,2,43,7
ACORN-E,2013-02-13,48,1544.97916666667,13.8215114797944,3.09,0.6,2.35,1.39,1.845,2.4899999999999998,1.23,-3.18,0.73,3.48,0.68,1021.27,6.92,1.0,0.11,partly-cloudy-day,rain,0,2,0,2,44,7
ACORN-E,2013-02-14,48,1542.33333333333,13.0214328924732,10.59,4.07,10.59,2.27,7.33,6.52,10.59,-0.11,0.81,2.96,0.55,1011.45,10.56,1.0,0.15,partly-cloudy-day,rain,0,3,0,2,45,7
ACORN-E,2013-02-15,48,1542.54166666667,12.2613490612185,9.76,2.27,9.76,4.7,6.015,7.49,7.75,-0.06,0.77,2.49,0.41,1019.7,13.04,1.0,0.18,partly-cloudy-day,rain,0,4,0,2,46,7
ACORN-E,2013-02-16,48,1542.91666666667,11.9828478083046,10.13,3.7,10.13,2.16,6.915000000000001,6.430000000000001,10.13,3.7,0.7,1.11,0.48,1023.52,12.97,1.0,0.21,partly-cloudy-day,rain,0,5,1,2,47,7
ACORN-E,2013-02-17,48,1542.89583333333,12.41887532922,9.49,2.16,9.49,2.02,5.825,7.33,7.33,0.27,0.84,2.79,0.33,1021.74,7.26,1.0,0.24,partly-cloudy-night,rain,0,6,1,2,48,7
ACORN-E,2013-02-18,48,1540.75,12.1058320099669,7.65,1.16,7.65,-1.43,4.405,6.49,5.22,-0.63,0.83,2.86,0.33,1020.42,7.23,1.0,0.27,fog,rain,0,0,0,2,49,8
ACORN-E,2013-02-19,48,1540.64583333333,11.9810868238971,10.12,-1.43,10.12,1.93,4.345,11.549999999999999,10.12,-1.43,0.79,0.4,0.11,1019.55,6.95,2.0,0.3,fog,rain,0,1,0,2,50,8
ACORN-E,2013-02-20,48,1540.3125,12.3737110688862,4.88,1.83,4.88,1.28,3.355,3.05,3.78,-3.42,0.78,4.86,0.68,1023.08,8.93,1.0,0.33,fog,rain,0,2,0,2,51,8
ACORN-E,2013-02-21,48,1537.04166666667,13.2176170837471,2.28,0.86,2.28,0.2,1.5699999999999998,1.42,-2.51,-3.9,0.59,5.58,0.8,1023.97,13.24,1.0,0.36,partly-cloudy-day,rain,0,3,0,2,52,8
ACORN-E,2013-02-22,48,1538.625,13.8518511686969,1.36,0.2,1.36,0.19,0.78,1.1600000000000001,-3.32,-4.29,0.63,4.79,0.81,1020.5,13.04,1.0,0.39,partly-cloudy-day,snow,0,4,0,2,53,8
ACORN-E,2013-02-23,48,1538.95833333333,14.0971214228451,1.74,0.19,1.74,0.85,0.965,1.55,-1.89,-4.2,0.68,3.92,0.83,1020.81,11.64,1.0,0.42,partly-cloudy-day,rain,0,5,1,2,54,8
ACORN-E,2013-02-24,48,1538.95833333333,14.8928820096978,2.35,0.85,2.35,1.74,1.6,1.5,-2.08,-3.26,0.71,4.47,0.86,1023.88,13.0,1.0,0.45,partly-cloudy-day,rain,0,6,1,2,55,8
ACORN-E,2013-02-25,48,1537.91666666667,14.1657487652348,4.39,1.74,4.39,2.98,3.065,2.6499999999999995,0.59,-2.46,0.83,4.8,0.84,1026.97,9.78,1.0,0.48,partly-cloudy-day,rain,0,0,0,2,56,9
ACORN-E,2013-02-26,48,1537.875,13.7567261056504,4.93,2.98,4.93,2.33,3.955,1.9499999999999997,1.8,-1.18,0.91,4.34,0.86,1032.15,3.48,1.0,0.52,fog,rain,0,1,0,2,57,9
ACORN-E,2013-02-27,48,1526.125,13.3161862765226,6.11,2.33,6.11,2.41,4.220000000000001,3.7800000000000002,2.67,-1.82,0.83,4.4,0.69,1034.17,8.92,1.0,0.55,partly-cloudy-day,rain,0,2,0,2,58,9
ACORN-E,2013-02-28,48,1524.1875,12.9426576512858,7.26,2.41,7.26,2.58,4.835,4.85,4.09,-1.18,0.8,4.25,0.64,1029.69,12.67,1.0,0.59,partly-cloudy-day,rain,0,3,0,2,59,9
ACORN-E,2013-03-01,48,1524.79166666667,12.9451946858526,6.62,2.58,6.62,2.58,4.6,4.04,3.28,-1.08,0.78,3.77,0.83,1029.18,10.27,1.0,0.62,partly-cloudy-day,rain,0,4,0,3,60,9
ACORN-E,2013-03-02,48,1523.79166666667,13.0630348689395,4.69,0.63,4.69,-1.14,2.66,4.0600000000000005,3.13,-0.01,0.72,2.02,0.66,1027.67,13.05,1.0,0.66,partly-cloudy-day,rain,0,5,1,3,61,9
ACORN-E,2013-03-03,48,1524.89583333333,13.3815688233246,7.83,-1.14,7.83,2.14,3.345,8.97,5.04,-1.14,0.8,2.2,0.58,1023.52,10.12,1.0,0.7,partly-cloudy-day,rain,0,6,1,3,62,9
ACORN-E,2013-03-04,48,1519.875,12.499777132647,8.99,2.14,8.99,1.87,5.565,6.85,6.17,-1.41,0.78,3.66,0.27,1013.74,7.02,2.0,0.74,partly-cloudy-day,rain,0,0,0,3,63,10
ACORN-E,2013-03-05,48,1522.9375,11.5510600559439,16.06,1.87,16.06,7.65,8.965,14.189999999999998,16.06,1.49,0.74,1.6,0.12,1004.57,8.11,2.0,0.77,fog,rain,0,1,0,3,64,10
ACORN-E,2013-03-06,48,1521.70833333333,11.2178752244238,13.14,7.65,13.14,7.43,10.395,5.49,13.14,6.51,0.72,2.41,0.17,1000.69,8.37,2.0,0.81,fog,rain,0,2,0,3,65,10
ACORN-E,2013-03-07,48,1519.77083333333,11.3630449830748,9.63,7.43,9.63,8.19,8.530000000000001,2.200000000000001,7.99,6.67,0.93,2.2,0.68,996.96,2.78,2.0,0.85,fog,rain,0,3,0,3,66,10
ACORN-E,2013-03-08,48,1520.375,11.1147683521966,9.61,8.02,9.61,5.86,8.815,1.5899999999999999,9.04,6.61,0.96,1.75,0.83,997.56,1.93,2.0,0.89,fog,rain,0,4,0,3,67,10
ACORN-E,2013-03-09,48,1521.66666666667,11.7192082247091,8.01,3.88,6.84,2.38,5.945,4.13,7.53,0.97,0.9,2.52,0.84,1002.41,5.68,2.0,0.92,fog,rain,0,5,1,3,68,10
ACORN-E,2013-03-10,48,1521.83333333333,13.3634044707332,3.45,1.23,3.37,-0.4,2.34,2.22,0.33,-4.03,0.82,5.05,0.81,1005.94,12.26,2.0,0.96,partly-cloudy-day,rain,0,6,1,3,69,10
ACORN-E,2013-03-11,48,1521.29166666667,14.2005679359751,1.22,-1.57,0.04,-1.89,-0.17500000000000004,2.79,-4.11,-8.57,0.73,8.17,0.6,1007.26,10.83,2.0,0.99,wind,snow,0,0,0,3,70,11
ACORN-E,2013-03-12,48,1519.79166666667,14.0535659158744,3.86,-1.89,3.86,1.14,0.985,5.75,-0.56,-8.88,0.63,6.81,0.54,1008.83,12.34,2.0,0.03,wind,rain,0,1,0,3,71,11
ACORN-E,2013-03-13,48,1518.9375,13.0886802661069,6.42,1.14,6.42,-0.91,3.78,5.28,3.01,-2.39,0.73,3.65,0.37,1010.59,13.04,2.0,0.06,partly-cloudy-day,rain,0,2,0,3,72,11
ACORN-E,2013-03-14,48,1518.9375,12.7651004779593,6.56,-0.91,6.56,2.99,2.8249999999999997,7.47,5.17,-3.72,0.67,1.81,0.27,1015.57,10.54,2.0,0.09,partly-cloudy-night,rain,0,3,0,3,73,11
ACORN-E,2013-03-15,48,1519.70833333333,12.3318594128532,8.27,2.99,8.27,6.36,5.63,5.279999999999999,4.56,-0.32,0.81,5.82,0.65,1007.6,12.36,2.0,0.12,wind,rain,0,4,0,3,74,11
ACORN-E,2013-03-16,48,1518.95833333333,12.7975274978929,7.51,5.79,7.33,3.17,6.65,1.7199999999999998,3.91,1.78,0.85,6.75,0.69,996.08,12.13,2.0,0.15,wind,rain,0,5,1,3,75,11
ACORN-E,2013-03-17,48,1517.77083333333,13.1011354226523,7.3,2.36,7.3,-0.22,4.83,4.9399999999999995,5.13,-0.32,0.88,2.1,0.64,990.34,11.52,2.0,0.19,partly-cloudy-day,rain,0,6,1,3,76,11
ACORN-E,2013-03-18,48,1518.64583333333,12.7870790009698,7.35,-0.22,7.35,3.33,3.565,7.569999999999999,7.06,-1.32,0.91,0.73,0.5,991.02,7.97,2.0,0.22,partly-cloudy-day,rain,0,0,0,3,77,12
ACORN-E,2013-03-19,48,1518.0625,12.2766512586736,7.72,2.81,7.72,2.37,5.265,4.91,5.81,0.65,0.83,1.56,0.59,997.51,8.32,2.0,0.25,partly-cloudy-day,rain,0,1,0,3,78,12
ACORN-E,2013-03-20,48,1518.9375,12.6082015146963,5.87,2.37,5.87,1.18,4.12,3.5,3.49,0.18,0.86,2.37,0.78,1006.74,5.73,2.0,0.27,partly-cloudy-day,rain,0,2,0,3,79,12
ACORN-E,2013-03-21,48,1518.6875,12.2905181487928,6.27,1.18,6.27,2.59,3.7249999999999996,5.09,2.57,-1.24,0.75,4.73,0.61,1015.96,10.8,2.0,0.31,partly-cloudy-day,rain,0,3,0,3,80,12
ACORN-E,2013-03-22,48,1518.85416666667,13.0343660600478,5.01,2.59,5.01,0.95,3.8,2.42,0.07,-2.8,0.79,7.92,0.69,1009.8,6.1,3.0,0.34,wind,rain,0,4,0,3,81,12
ACORN-E,2013-03-23,48,1517.8125,14.4674132200073,3.06,0.92,1.45,0.14,1.99,2.14,-2.27,-4.48,0.92,6.42,0.85,1009.85,3.73,2.0,0.37,fog,rain,0,5,1,3,82,12
ACORN-E,2013-03-24,48,1518.70833333333,15.4350093851371,1.53,-0.32,1.23,0.71,0.605,1.85,-2.86,-6.34,0.78,6.06,0.83,1012.85,9.37,2.0,0.4,partly-cloudy-day,snow,0,6,1,3,83,12
ACORN-E,2013-03-25,48,1518.75,14.2956490210339,1.81,0.71,1.81,0.77,1.26,1.1,-2.89,-4.96,0.65,5.95,0.68,1014.28,12.76,2.0,0.43,partly-cloudy-day,rain,0,0,0,3,84,13
ACORN-E,2013-03-26,48,1518.8125,14.2987223505345,1.75,0.77,1.75,-0.29,1.26,0.98,-2.29,-4.31,0.65,4.99,0.69,1013.39,12.81,2.0,0.46,partly-cloudy-day,rain,0,1,0,3,85,13
ACORN-E,2013-03-27,48,1517.85416666667,13.7351043582809,3.82,-0.29,3.82,-0.89,1.765,4.109999999999999,-0.19,-4.06,0.64,3.95,0.48,1011.63,12.86,3.0,0.49,partly-cloudy-day,rain,0,2,0,3,86,13
ACORN-E,2013-03-28,48,1518.75,12.998063613105,4.08,-0.89,4.08,-0.52,1.595,4.97,0.31,-3.85,0.66,3.57,0.5,1012.3,11.64,2.0,0.54,partly-cloudy-day,rain,0,3,0,3,87,13
ACORN-E,2013-03-29,48,1518.02083333333,12.7565286845325,5.31,-0.52,5.31,0.94,2.3949999999999996,5.83,1.71,-2.99,0.63,3.52,0.59,1010.88,13.45,3.0,0.57,partly-cloudy-day,rain,1,4,0,3,88,13
ACORN-E,2013-03-30,48,1518.6875,12.0826602141864,4.87,0.94,4.87,-1.54,2.9050000000000002,3.93,1.53,-2.65,0.69,3.61,0.66,1011.38,13.1,3.0,0.61,partly-cloudy-day,rain,0,5,1,3,89,13
ACORN-E,2013-03-31,48,1517.04166666667,12.096634166056,4.96,-1.54,4.96,1.1,1.71,6.5,1.64,-2.33,0.68,2.8,0.4,1014.56,12.67,3.0,0.65,partly-cloudy-day,rain,0,6,1,3,90,13
ACORN-E,2013-04-01,48,1516.79166666667,12.560746460632,7.71,0.04,7.71,0.48,3.875,7.67,3.74,-4.26,0.57,5.5,0.2,1014.63,13.02,3.0,0.72,partly-cloudy-day,rain,0,0,0,4,91,14
ACORN-E,2013-04-02,48,1516.83333333333,12.1800498277973,4.09,0.48,4.09,0.98,2.285,3.61,-0.57,-3.72,0.64,5.84,0.45,1017.4,13.1,3.0,0.76,partly-cloudy-day,rain,0,1,0,4,92,14
ACORN-E,2013-04-03,48,1516.97916666667,12.8449863091435,2.91,0.98,2.91,1.88,1.945,1.9300000000000002,-1.57,-3.52,0.74,5.76,0.55,1014.22,10.8,3.0,0.8,partly-cloudy-day,rain,0,2,0,4,93,14
ACORN-E,2013-04-04,48,1514.16666666667,13.1439744201616,7.34,1.88,7.34,0.64,4.609999999999999,5.46,3.68,-2.8,0.61,5.89,0.63,1015.19,13.08,3.0,0.83,partly-cloudy-day,rain,0,3,0,4,94,14
ACORN-E,2013-04-05,48,1513.35416666667,12.7072927044492,9.87,0.64,9.87,-1.21,5.255,9.229999999999999,8.53,-2.67,0.63,2.75,0.23,1023.34,13.02,3.0,0.87,partly-cloudy-day,rain,0,4,0,4,95,14
ACORN-E,2013-04-06,48,1513.9375,11.6864360904028,10.37,-1.21,10.37,3.47,4.58,11.579999999999998,10.37,-1.21,0.62,2.04,0.4,1020.37,11.84,3.0,0.9,partly-cloudy-day,rain,0,5,1,4,96,14
ACORN-E,2013-04-07,48,1513.97916666667,11.6033508493922,9.99,3.47,9.99,3.45,6.73,6.52,7.18,-0.38,0.65,4.97,0.36,1005.84,10.81,3.0,0.94,partly-cloudy-day,rain,0,6,1,4,97,14
ACORN-E,2013-04-08,48,1513.0,11.1064882912261,8.81,3.45,8.81,2.98,6.130000000000001,5.36,6.01,0.39,0.83,3.87,0.7,997.5,6.66,3.0,0.97,partly-cloudy-day,rain,0,0,0,4,98,15
ACORN-E,2013-04-09,48,1511.95833333333,11.478215608742,10.59,2.98,10.59,5.93,6.785,7.609999999999999,10.59,0.4,0.79,1.07,0.61,1003.54,4.44,4.0,0.01,fog,rain,0,1,0,4,99,15
ACORN-E,2013-04-10,48,1512.97916666667,10.7452496718334,11.3,5.93,11.3,7.09,8.615,5.370000000000001,11.3,2.98,0.9,2.28,0.69,997.1,6.07,3.0,0.04,fog,rain,0,2,0,4,100,15
ACORN-E,2013-04-11,48,1512.75,10.9525544994317,11.51,7.09,11.51,4.92,9.3,4.42,11.51,4.87,0.87,3.04,0.54,997.53,11.62,3.0,0.07,partly-cloudy-day,rain,0,3,0,4,101,15
ACORN-E,2013-04-12,48,1511.14583333333,10.6761253626054,11.42,4.92,11.29,10.92,8.17,6.5,11.42,3.3,0.87,4.42,0.57,1011.09,11.06,3.0,0.1,wind,rain,0,4,0,4,102,15
ACORN-E,2013-04-13,48,1511.625,10.7512593774446,19.88,11.49,19.88,10.88,15.684999999999999,8.389999999999999,19.88,11.49,0.7,6.56,0.45,1013.12,12.36,4.0,0.13,wind,rain,0,5,1,4,103,15
ACORN-E,2013-04-14,48,1511.375,9.97140056909634,15.43,10.08,15.43,9.63,12.754999999999999,5.35,15.43,10.08,0.72,5.4,0.42,1016.86,12.96,4.0,0.16,partly-cloudy-day,rain,0,6,1,4,104,15
ACORN-E,2013-04-15,48,1512.64583333333,9.45060758580056,16.55,9.63,16.55,9.66,13.09,6.92,16.55,7.26,0.7,5.75,0.4,1015.5,12.52,4.0,0.19,partly-cloudy-day,rain,0,0,0,4,105,16
ACORN-E,2013-04-16,48,1511.875,9.30869867220159,17.95,9.66,17.95,9.13,13.805,8.29,17.95,8.26,0.77,5.53,0.54,1014.48,10.8,4.0,0.22,wind,rain,0,1,0,4,106,16
ACORN-E,2013-04-17,48,1508.22916666667,9.33922998847911,14.11,8.48,14.11,7.08,11.295,5.629999999999999,14.11,5.27,0.64,8.12,0.35,1013.1,12.81,4.0,0.25,wind,rain,0,2,0,4,107,16
ACORN-E,2013-04-18,48,1509.08333333333,9.4670115743514,11.95,6.17,11.95,2.88,9.059999999999999,5.779999999999999,11.95,3.88,0.69,2.33,0.47,1025.56,13.12,4.0,0.28,partly-cloudy-day,rain,0,3,0,4,108,16
ACORN-E,2013-04-19,48,1510.97916666667,9.50071436238424,13.14,2.88,13.14,1.46,8.01,10.260000000000002,13.14,2.88,0.66,2.21,0.16,1032.63,12.07,5.0,0.31,partly-cloudy-day,rain,0,4,0,4,109,16
ACORN-E,2013-04-20,48,1510.4375,9.30153400494376,14.12,1.46,14.12,6.91,7.789999999999999,12.66,14.12,1.46,0.64,2.14,0.28,1021.92,12.79,4.0,0.35,partly-cloudy-day,rain,0,5,1,4,110,16
ACORN-E,2013-04-21,48,1511.89583333333,9.92296966608932,14.32,6.91,14.32,10.02,10.615,7.41,14.32,5.12,0.74,4.12,0.66,1016.11,12.04,4.0,0.38,partly-cloudy-day,rain,0,6,1,4,111,16
ACORN-E,2013-04-22,48,1511.77083333333,9.55164822218786,20.25,10.02,20.25,9.45,15.135,10.23,20.25,10.02,0.68,3.48,0.46,1019.23,12.5,5.0,0.41,partly-cloudy-day,rain,0,0,0,4,112,17
ACORN-E,2013-04-23,48,1512.0,8.68495039887566,19.35,9.45,19.35,11.38,14.4,9.900000000000002,19.35,8.49,0.74,3.03,0.33,1023.67,11.96,4.0,0.45,partly-cloudy-day,rain,0,1,0,4,113,17
ACORN-E,2013-04-24,48,1511.66666666667,8.47392943121172,22.08,11.38,22.08,7.05,16.73,10.699999999999998,22.08,11.38,0.72,3.2,0.27,1020.93,10.17,5.0,0.48,partly-cloudy-day,rain,0,2,0,4,114,17
ACORN-E,2013-04-25,48,1510.04166666667,8.1969011144972,13.28,7.05,12.06,4.02,10.165,6.2299999999999995,13.28,5.04,0.65,3.42,0.51,1015.24,12.12,5.0,0.52,partly-cloudy-day,rain,0,3,0,4,115,17
ACORN-E,2013-04-26,48,1509.72916666667,8.66608496267383,10.36,4.02,10.36,1.61,7.1899999999999995,6.34,10.36,1.82,0.71,2.7,0.39,1015.1,13.16,5.0,0.56,partly-cloudy-day,rain,0,4,0,4,116,17
ACORN-E,2013-04-27,48,1508.22916666667,9.42857301690164,11.59,1.61,11.59,7.98,6.6,9.98,11.59,1.61,0.64,3.27,0.27,1017.0,12.49,5.0,0.6,partly-cloudy-day,rain,0,5,1,4,117,17
ACORN-E,2013-04-28,48,1509.25,9.78692971256058,13.41,7.98,13.41,5.94,10.695,5.43,13.41,4.92,0.59,4.51,0.45,1016.36,13.18,4.0,0.63,partly-cloudy-day,rain,0,6,1,4,118,17
ACORN-E,2013-04-29,48,1508.47916666667,9.11775548751278,13.71,5.94,13.71,4.42,9.825000000000001,7.7700000000000005,13.71,4.3,0.62,2.84,0.22,1024.5,13.15,5.0,0.67,partly-cloudy-day,rain,0,0,0,4,119,18
ACORN-E,2013-04-30,48,1510.6875,9.02584303048144,16.32,4.42,16.32,5.43,10.370000000000001,11.9,16.32,2.32,0.62,2.95,0.26,1024.26,12.7,5.0,0.71,partly-cloudy-day,rain,0,1,0,4,120,18
ACORN-E,2013-05-01,48,1509.0,8.89956471106951,16.96,5.43,16.96,4.48,11.195,11.530000000000001,16.96,3.39,0.43,2.9,0.2,1022.7,15.34,5.0,0.75,partly-cloudy-day,rain,0,2,0,5,121,18
ACORN-E,2013-05-02,48,1506.41666666667,8.5953678201668,19.71,4.48,19.71,8.05,12.095,15.23,19.71,4.48,0.56,2.71,0.34,1019.76,14.76,5.0,0.78,partly-cloudy-day,rain,0,3,0,5,122,18
ACORN-E,2013-05-03,48,1506.70833333333,8.16601452036002,16.31,8.05,16.31,6.87,12.18,8.259999999999998,16.31,5.78,0.64,5.16,0.34,1017.3,13.24,4.0,0.82,partly-cloudy-day,rain,0,4,0,5,123,18
ACORN-E,2013-05-04,48,1506.75,8.58748287791204,17.79,6.87,17.79,10.48,12.33,10.919999999999998,17.79,5.5,0.68,2.26,0.36,1021.76,12.91,4.0,0.85,partly-cloudy-day,rain,0,5,1,5,124,18
ACORN-E,2013-05-05,48,1505.64583333333,8.46293921121008,20.99,10.48,20.99,8.63,15.735,10.509999999999998,20.99,10.48,0.63,1.13,0.22,1020.13,13.5,5.0,0.89,partly-cloudy-day,rain,0,6,1,5,125,18
ACORN-E,2013-05-06,48,1506.97916666667,8.38489385058298,19.82,8.63,19.82,11.72,14.225000000000001,11.19,19.82,8.63,0.6,2.07,0.16,1016.51,14.19,5.0,0.92,partly-cloudy-day,rain,0,0,0,5,126,19
ACORN-E,2013-05-07,48,1505.89583333333,8.1738702019261,16.81,11.33,16.81,7.28,14.07,5.479999999999999,16.81,11.33,0.77,3.21,0.52,1007.4,9.8,4.0,0.95,partly-cloudy-day,rain,0,1,0,5,127,19
ACORN-E,2013-05-08,48,1505.83333333333,8.43168012579819,14.28,7.28,14.28,10.18,10.78,6.999999999999999,14.28,5.0,0.71,7.13,0.47,1008.69,11.97,4.0,0.99,wind,rain,0,2,0,5,128,19
ACORN-E,2013-05-09,48,1503.3125,8.70642124054509,17.17,10.2,17.17,7.06,13.685,6.970000000000002,17.17,10.2,0.72,6.74,0.63,1010.14,12.39,5.0,0.02,wind,rain,0,3,0,5,129,19
ACORN-E,2013-05-10,48,1504.95833333333,8.63150314885828,13.18,7.06,13.18,6.04,10.12,6.12,13.18,4.29,0.78,4.83,0.56,1010.93,12.2,4.0,0.05,wind,rain,0,4,0,5,130,19
ACORN-E,2013-05-11,48,1504.02083333333,9.25306429817899,14.81,6.04,14.81,10.87,10.425,8.77,14.81,2.44,0.76,5.33,0.44,1014.56,12.05,6.0,0.08,partly-cloudy-day,rain,0,5,1,5,131,19
ACORN-E,2013-05-12,48,1503.97916666667,9.89562039066751,14.06,7.45,14.06,7.36,10.755,6.61,14.06,4.53,0.68,6.61,0.61,1011.68,11.93,5.0,0.11,wind,rain,0,6,1,5,132,19
ACORN-E,2013-05-13,48,1502.75,9.01868786238403,10.94,7.36,10.94,7.0,9.15,3.579999999999999,10.94,4.75,0.8,3.97,0.67,1003.62,11.38,4.0,0.14,wind,rain,0,0,0,5,133,20
ACORN-E,2013-05-14,48,1505.66666666667,9.60366056987169,13.64,7.0,13.64,4.17,10.32,6.640000000000001,13.64,2.67,0.71,5.86,0.71,994.19,11.97,4.0,0.17,wind,rain,0,1,0,5,134,20
ACORN-E,2013-05-15,48,1504.0,9.65888583184731,15.13,4.17,15.13,7.2,9.65,10.96,15.13,4.17,0.74,1.64,0.36,999.92,10.93,5.0,0.2,partly-cloudy-day,rain,0,2,0,5,135,20
ACORN-E,2013-05-16,48,1501.47916666667,9.0839382072313,11.3,7.2,11.3,9.12,9.25,4.1000000000000005,11.3,6.9,0.76,2.35,0.6,1005.87,11.54,4.0,0.23,partly-cloudy-day,rain,0,3,0,5,136,20
ACORN-E,2013-05-17,48,1501.95833333333,9.42078825268281,14.56,9.12,14.56,8.91,11.84,5.440000000000001,14.56,7.62,0.67,1.94,0.59,1008.08,11.93,4.0,0.26,partly-cloudy-day,rain,0,4,0,5,137,20
ACORN-E,2013-05-18,48,1501.4375,9.15990007310767,17.85,8.91,17.85,11.38,13.38,8.940000000000001,17.85,8.56,0.7,2.12,0.32,1011.12,11.1,5.0,0.3,partly-cloudy-day,rain,0,5,1,5,138,20
ACORN-E,2013-05-19,48,1502.0,9.12674966737683,16.87,11.38,16.77,12.44,14.125,5.49,16.87,11.38,0.84,3.7,0.81,1011.37,7.31,4.0,0.33,cloudy,rain,0,6,1,5,139,20
ACORN-E,2013-05-20,48,1501.79166666667,9.08320661105876,16.22,12.01,13.49,10.1,14.114999999999998,4.209999999999999,16.22,12.01,0.78,4.21,0.79,1015.56,10.78,4.0,0.36,partly-cloudy-day,rain,0,0,0,5,140,21
ACORN-E,2013-05-21,48,1499.52083333333,8.79603213824091,14.02,9.58,14.02,6.27,11.8,4.4399999999999995,14.02,7.13,0.7,3.25,0.74,1018.45,11.68,4.0,0.4,partly-cloudy-day,rain,0,1,0,5,141,21
ACORN-E,2013-05-22,48,1499.95833333333,9.00379709586618,10.26,6.27,10.26,5.43,8.265,3.99,10.26,3.51,0.65,4.18,0.49,1013.55,12.54,6.0,0.44,partly-cloudy-day,rain,0,2,0,5,142,21
ACORN-E,2013-05-23,48,1499.5,9.17269580432696,8.21,5.43,8.21,5.64,6.82,2.780000000000001,6.24,1.79,0.84,2.24,0.65,1009.4,11.89,4.0,0.47,partly-cloudy-day,rain,0,3,0,5,143,21
ACORN-E,2013-05-24,48,1500.85416666667,9.95184640228719,14.87,5.64,14.87,6.24,10.254999999999999,9.23,14.87,3.19,0.67,3.46,0.32,1020.26,12.21,5.0,0.51,partly-cloudy-day,rain,0,4,0,5,144,21
ACORN-E,2013-05-25,48,1499.02083333333,8.93120024491696,18.82,6.24,18.82,6.32,12.530000000000001,12.58,18.82,4.49,0.55,2.79,0.34,1018.43,14.76,6.0,0.55,partly-cloudy-day,rain,0,5,1,5,145,21
ACORN-E,2013-05-26,48,1498.54166666667,8.32056600934003,17.28,6.32,17.28,9.97,11.8,10.96,17.28,4.68,0.58,4.34,0.29,1009.15,13.63,6.0,0.59,wind,rain,0,6,1,5,146,21
ACORN-E,2013-05-27,48,1499.79166666667,8.49796473193311,12.13,9.78,11.88,8.38,10.955,2.3500000000000014,12.13,9.12,0.86,1.48,0.67,1000.65,9.37,4.0,0.62,partly-cloudy-day,rain,1,0,0,5,147,22
ACORN-E,2013-05-28,48,1499.83333333333,9.23012812103854,12.79,8.38,12.79,10.79,10.585,4.409999999999998,12.79,7.59,0.87,2.14,0.76,1004.27,9.24,4.0,0.66,partly-cloudy-day,rain,0,1,0,5,148,22
ACORN-E,2013-05-29,48,1497.8125,9.23205101468994,14.69,10.79,14.69,11.27,12.739999999999998,3.9000000000000004,14.69,10.79,0.86,3.44,0.94,1010.33,8.71,4.0,0.7,partly-cloudy-day,rain,0,2,0,5,149,22
ACORN-E,2013-05-30,48,1498.6875,9.20928698903466,21.68,11.27,21.68,10.77,16.475,10.41,21.68,11.27,0.72,3.45,0.54,1017.87,10.59,6.0,0.73,partly-cloudy-day,rain,0,3,0,5,150,22
ACORN-E,2013-05-31,48,1496.0625,8.44696028379508,17.34,10.77,17.34,9.72,14.055,6.57,17.34,10.77,0.65,3.35,0.38,1022.85,12.7,5.0,0.77,partly-cloudy-day,rain,0,4,0,5,151,22
ACORN-E,2013-06-01,48,1498.04166666667,8.36917209284768,18.83,9.72,18.83,7.24,14.274999999999999,9.109999999999998,18.83,8.97,0.59,2.4,0.27,1028.53,13.42,5.0,0.8,partly-cloudy-day,rain,0,5,1,6,152,22
ACORN-E,2013-06-02,48,1496.77083333333,8.54114021019586,18.66,7.24,18.66,7.64,12.95,11.42,18.66,7.24,0.66,2.84,0.26,1031.47,13.28,6.0,0.84,partly-cloudy-day,rain,0,6,1,6,153,22
ACORN-E,2013-06-03,48,1495.02083333333,8.09542114409748,20.07,7.64,20.07,8.96,13.855,12.43,20.07,6.1,0.6,4.16,0.27,1027.0,14.65,7.0,0.87,partly-cloudy-day,rain,0,0,0,6,154,23
ACORN-E,2013-06-04,48,1495.79166666667,8.09538031738401,19.64,8.96,19.64,8.73,14.3,10.68,19.64,6.8,0.71,3.59,0.56,1021.53,13.31,5.0,0.9,partly-cloudy-day,rain,0,1,0,6,155,23
ACORN-E,2013-06-05,48,1495.77083333333,8.05472692087553,20.88,8.73,20.88,10.02,14.805,12.149999999999999,20.88,6.66,0.68,4.28,0.23,1021.53,13.34,3.0,0.93,partly-cloudy-day,rain,1,2,0,6,156,23
ACORN-E,2013-06-06,48,1494.20833333333,7.94696153212616,19.64,10.02,19.64,9.16,14.83,9.620000000000001,19.64,10.02,0.66,4.3,0.38,1023.0,14.39,6.0,0.97,partly-cloudy-day,rain,0,3,0,6,157,23
ACORN-E,2013-06-07,48,1494.97916666667,8.06378404960883,17.06,9.16,17.06,10.29,13.11,7.899999999999999,17.06,6.88,0.69,5.44,0.36,1021.44,12.44,6.0,0.99,partly-cloudy-day,rain,0,4,0,6,158,23
ACORN-E,2013-06-08,48,1492.70833333333,8.14648479307627,14.17,10.29,14.17,10.61,12.23,3.880000000000001,14.17,10.29,0.72,4.59,0.89,1016.69,12.38,4.0,0.03,partly-cloudy-day,rain,0,5,1,6,159,23
ACORN-E,2013-06-09,48,1493.97916666667,9.08036353186356,14.56,10.61,14.56,8.16,12.585,3.950000000000001,14.56,10.61,0.68,1.67,0.95,1015.7,12.55,4.0,0.06,cloudy,rain,0,6,1,6,160,23
ACORN-E,2013-06-10,48,1493.83333333333,8.81014707028507,16.96,8.16,16.96,14.16,12.56,8.8,16.96,6.87,0.83,3.0,0.61,1013.81,10.46,4.0,0.09,partly-cloudy-day,rain,0,0,0,6,161,24
ACORN-E,2013-06-11,48,1490.33333333333,8.58497219697114,16.96,14.16,16.96,13.03,15.56,2.8000000000000007,17.01,14.16,0.86,5.94,0.93,1011.39,10.86,5.0,0.12,wind,rain,0,1,0,6,162,24
ACORN-E,2013-06-12,48,1489.52083333333,8.7693284567801,17.59,12.96,17.59,9.13,15.275,4.629999999999999,17.59,12.96,0.75,6.8,0.78,1011.04,11.94,5.0,0.15,wind,rain,0,2,0,6,163,24
ACORN-E,2013-06-13,48,1492.79166666667,8.58125378636684,18.81,9.13,18.81,11.01,13.969999999999999,9.679999999999998,18.81,7.72,0.69,4.12,0.45,1016.14,13.05,5.0,0.18,partly-cloudy-day,rain,0,3,0,6,164,24
ACORN-E,2013-06-14,48,1490.91666666667,8.14827442264565,16.27,11.01,16.27,11.46,13.64,5.26,16.27,11.01,0.74,6.04,0.42,1008.6,12.18,5.0,0.21,wind,rain,0,4,0,6,165,24
ACORN-E,2013-06-15,48,1491.97916666667,8.34232166016317,17.34,11.46,17.34,12.87,14.4,5.879999999999999,17.34,11.46,0.71,3.05,0.42,1013.64,12.62,5.0,0.25,partly-cloudy-day,rain,0,5,1,6,166,24
ACORN-E,2013-06-16,48,1491.97916666667,8.47103999569265,20.4,12.87,20.4,13.33,16.634999999999998,7.529999999999999,20.4,12.87,0.66,4.6,0.5,1014.05,15.08,5.0,0.28,partly-cloudy-day,rain,0,6,1,6,167,24
ACORN-E,2013-06-17,48,1491.02083333333,8.1419437089508,20.33,13.33,20.33,15.81,16.83,6.999999999999998,20.37,13.33,0.78,0.97,0.4,1014.27,10.81,6.0,0.31,partly-cloudy-day,rain,0,0,0,6,168,25
ACORN-E,2013-06-18,48,1489.52083333333,8.10254903395783,25.56,15.81,25.56,16.22,20.685,9.749999999999998,25.56,15.83,0.76,0.95,0.31,1014.65,9.82,6.0,0.35,partly-cloudy-day,rain,0,1,0,6,169,25
ACORN-E,2013-06-19,48,1490.02083333333,7.93150771239117,20.19,16.22,20.19,14.11,18.205,3.9700000000000024,20.2,16.22,0.81,1.34,0.47,1012.05,6.71,4.0,0.39,partly-cloudy-day,rain,0,2,0,6,170,25
ACORN-E,2013-06-20,48,1487.9375,8.00592148144507,20.38,14.11,20.38,12.01,17.244999999999997,6.27,20.38,14.11,0.81,3.59,0.55,1010.05,10.03,5.0,0.42,partly-cloudy-day,rain,0,3,0,6,171,25
ACORN-E,2013-06-21,48,1488.83333333333,7.86817974959646,17.54,12.01,17.54,13.07,14.774999999999999,5.529999999999999,17.54,12.01,0.81,6.78,0.67,1007.11,11.33,5.0,0.46,wind,rain,0,4,0,6,172,25
ACORN-E,2013-06-22,48,1490.9375,8.13548586599615,16.51,12.62,16.51,10.62,14.565000000000001,3.8900000000000023,16.51,12.62,0.76,6.28,0.7,1009.25,12.38,5.0,0.51,wind,rain,0,5,1,6,173,25
ACORN-E,2013-06-23,48,1488.85416666667,8.64228696372425,16.1,10.62,16.1,11.26,13.36,5.480000000000002,16.1,10.62,0.66,4.16,0.52,1021.79,12.89,5.0,0.54,partly-cloudy-day,rain,0,6,1,6,174,25
ACORN-E,2013-06-24,48,1489.95833333333,8.43556313659868,18.76,11.26,18.76,10.14,15.010000000000002,7.500000000000002,18.76,11.26,0.57,1.95,0.42,1028.61,14.24,6.0,0.58,partly-cloudy-day,rain,0,0,0,6,175,26
ACORN-E,2013-06-25,48,1490.95833333333,8.0152104965648,20.61,10.14,20.61,12.2,15.375,10.469999999999999,20.61,10.14,0.64,1.98,0.42,1029.89,13.53,6.0,0.61,partly-cloudy-day,rain,0,1,0,6,176,26
ACORN-E,2013-06-26,48,1490.97916666667,8.02445185010826,19.23,12.2,19.23,12.56,15.715,7.030000000000001,19.23,12.2,0.69,2.69,0.54,1026.49,12.13,5.0,0.65,partly-cloudy-day,rain,0,2,0,6,177,26
ACORN-E,2013-06-27,48,1490.875,8.06098843577456,20.16,12.56,20.16,13.42,16.36,7.6,20.25,12.56,0.87,3.46,0.93,1019.73,10.35,4.0,0.69,partly-cloudy-day,rain,0,3,0,6,178,26
ACORN-E,2013-06-28,48,1490.91666666667,8.20641487839885,21.19,13.42,21.19,14.92,17.305,7.770000000000001,21.19,13.42,0.61,3.36,0.35,1022.39,13.23,5.0,0.72,partly-cloudy-day,rain,0,4,0,6,179,26
ACORN-E,2013-06-29,48,1490.02083333333,7.85571525955415,25.17,14.92,25.17,13.89,20.045,10.250000000000002,25.17,14.92,0.67,4.28,0.32,1021.6,12.7,5.0,0.75,partly-cloudy-day,rain,0,5,1,6,180,26
ACORN-E,2013-06-30,48,1490.45833333333,8.2282940030743,19.78,13.89,19.78,11.84,16.835,5.890000000000001,19.78,13.89,0.63,3.94,0.44,1017.04,12.73,5.0,0.79,partly-cloudy-day,rain,0,6,1,6,181,26
ACORN-E,2013-07-01,48,1489.91666666667,8.03714971325262,17.5,11.84,17.5,14.31,14.67,5.66,17.5,11.84,0.72,3.08,0.6,1011.64,13.13,5.0,0.82,partly-cloudy-day,rain,0,0,0,7,182,27
ACORN-E,2013-07-02,48,1488.91666666667,8.18311478983878,19.69,14.31,19.69,12.48,17.0,5.380000000000001,19.69,14.31,0.79,3.67,0.83,1008.35,11.86,5.0,0.85,partly-cloudy-day,rain,0,1,0,7,183,27
ACORN-E,2013-07-03,48,1486.85416666667,8.19120509338079,22.89,12.48,22.89,12.63,17.685000000000002,10.41,22.89,12.48,0.76,3.97,0.44,1019.37,11.93,5.0,0.88,partly-cloudy-day,rain,0,2,0,7,184,27
ACORN-E,2013-07-04,48,1483.04166666667,7.94161673199748,24.62,12.63,24.62,13.48,18.625,11.99,24.62,12.63,0.65,0.63,0.29,1028.43,13.18,6.0,0.91,partly-cloudy-day,rain,0,3,0,7,185,27
ACORN-E,2013-07-05,48,1482.64583333333,7.77334311546919,26.47,13.48,26.47,14.99,19.975,12.989999999999998,26.47,13.48,0.63,1.34,0.12,1029.5,12.89,7.0,0.94,partly-cloudy-day,rain,0,4,0,7,186,27
ACORN-E,2013-07-06,48,1483.0,7.61954012339852,27.28,14.99,27.28,14.99,21.135,12.290000000000001,27.28,14.99,0.66,2.5,0.12,1031.56,10.98,6.0,0.97,partly-cloudy-day,rain,0,5,1,7,187,27
ACORN-E,2013-07-07,48,1483.0,7.87862036210384,25.18,14.99,25.18,12.01,20.085,10.19,25.18,14.99,0.65,3.92,0.14,1032.66,13.5,6.0,0.01,partly-cloudy-day,rain,0,6,1,7,188,27
ACORN-E,2013-07-08,48,1481.70833333333,7.74465402867311,25.61,12.01,25.61,13.54,18.81,13.6,25.61,12.01,0.57,3.27,0.13,1028.39,14.68,6.0,0.04,partly-cloudy-day,rain,0,0,0,7,189,28
ACORN-E,2013-07-09,48,1480.04166666667,7.67513185081181,23.19,13.36,23.19,11.99,18.275,9.830000000000002,23.19,13.36,0.64,3.88,0.22,1025.5,13.39,6.0,0.07,partly-cloudy-day,rain,0,1,0,7,190,28
ACORN-E,2013-07-10,48,1480.1875,7.66250925951192,21.69,11.99,21.69,12.01,16.84,9.700000000000001,21.69,11.99,0.64,3.65,0.37,1025.45,13.94,6.0,0.1,partly-cloudy-day,rain,0,2,0,7,191,28
ACORN-E,2013-07-11,48,1480.89583333333,7.62241110759709,23.92,12.01,23.92,15.01,17.965,11.910000000000002,23.92,12.01,0.7,1.84,0.39,1025.08,13.73,6.0,0.13,partly-cloudy-day,rain,0,3,0,7,192,28
ACORN-E,2013-07-12,48,1480.75,7.65029490222827,29.16,15.01,29.16,17.28,22.085,14.15,29.24,15.01,0.67,0.86,0.11,1023.97,12.65,7.0,0.16,partly-cloudy-day,rain,0,4,0,7,193,28
ACORN-E,2013-07-13,48,1476.0625,7.51619327865368,27.83,17.28,27.83,17.96,22.555,10.549999999999997,27.83,17.28,0.61,0.86,0.27,1023.66,12.5,5.0,0.2,partly-cloudy-day,rain,0,5,1,7,194,28
ACORN-E,2013-07-14,48,1476.60416666667,7.90793148060907,29.3,17.96,29.3,17.03,23.630000000000003,11.34,29.3,17.96,0.45,0.84,0.4,1023.14,14.66,5.0,0.23,partly-cloudy-day,rain,0,6,1,7,195,28
ACORN-E,2013-07-15,48,1478.0625,7.81012523023661,29.2,17.03,29.2,17.14,23.115000000000002,12.169999999999998,29.2,17.03,0.56,0.48,0.46,1022.88,14.87,5.0,0.27,partly-cloudy-day,rain,0,0,0,7,196,29
ACORN-E,2013-07-16,48,1476.04166666667,7.72789895094023,30.28,17.14,30.28,17.5,23.71,13.14,30.28,17.14,0.54,1.24,0.23,1023.84,14.52,6.0,0.3,partly-cloudy-day,rain,0,1,0,7,197,29
ACORN-E,2013-07-17,48,1476.70833333333,7.77630273150274,27.56,17.5,27.56,15.62,22.53,10.059999999999999,27.56,17.5,0.6,3.24,0.18,1026.15,14.02,6.0,0.34,partly-cloudy-day,rain,0,2,0,7,198,29
ACORN-E,2013-07-18,48,1476.5,7.62938560832804,27.27,15.62,27.27,16.34,21.445,11.65,27.27,15.62,0.57,4.26,0.18,1025.17,15.16,6.0,0.38,partly-cloudy-day,rain,0,3,0,7,199,29
ACORN-E,2013-07-19,48,1477.95833333333,7.48300968291858,22.49,16.34,22.49,16.84,19.415,6.149999999999999,22.49,16.34,0.74,4.37,0.51,1023.47,12.42,5.0,0.41,partly-cloudy-day,rain,0,4,0,7,200,29
ACORN-E,2013-07-20,48,1474.5625,7.53072523234503,26.03,16.84,26.03,17.21,21.435000000000002,9.190000000000001,26.07,16.84,0.71,3.44,0.51,1019.71,11.64,5.0,0.45,partly-cloudy-day,rain,0,5,1,7,201,29
ACORN-E,2013-07-21,48,1473.9375,7.59871294476236,32.16,17.21,32.16,19.29,24.685,14.949999999999996,32.16,17.29,0.63,1.62,0.28,1016.02,11.3,4.0,0.48,partly-cloudy-day,rain,0,6,1,7,202,29
ACORN-E,2013-07-22,48,1472.97916666667,7.8170192416409,27.13,19.29,27.13,15.59,23.21,7.84,28.0,19.64,0.74,1.84,0.37,1013.38,12.1,5.0,0.53,partly-cloudy-day,rain,0,0,0,7,203,30
ACORN-E,2013-07-23,48,1472.5,7.82233430882427,26.24,15.59,26.24,16.63,20.915,10.649999999999999,26.24,15.59,0.67,3.59,0.34,1014.24,12.89,6.0,0.57,partly-cloudy-day,rain,0,1,0,7,204,30
ACORN-E,2013-07-24,48,1473.0625,7.43533483875446,25.13,16.63,25.13,15.26,20.88,8.5,25.13,16.86,0.74,3.05,0.45,1012.93,12.1,4.0,0.6,partly-cloudy-day,rain,0,2,0,7,205,30
ACORN-E,2013-07-25,48,1470.70833333333,7.58788851106241,26.19,15.26,26.19,14.82,20.725,10.930000000000001,26.19,15.26,0.62,1.6,0.37,1012.42,13.2,4.0,0.64,partly-cloudy-day,rain,0,3,0,7,206,30
ACORN-E,2013-07-26,48,1470.91666666667,7.35842948872214,27.28,14.82,27.28,15.34,21.05,12.46,27.37,14.82,0.68,0.63,0.26,1006.91,11.96,6.0,0.67,partly-cloudy-day,rain,0,4,0,7,207,30
ACORN-E,2013-07-27,48,1472.29166666667,7.53030946725996,23.14,15.34,23.14,16.48,19.240000000000002,7.800000000000001,23.14,15.34,0.73,5.02,0.44,1006.68,11.72,6.0,0.71,partly-cloudy-day,rain,0,5,1,7,208,30
ACORN-E,2013-07-28,48,1472.89583333333,7.65432023659551,22.36,16.48,22.36,15.77,19.42,5.879999999999999,22.36,16.48,0.75,5.42,0.55,1011.33,12.3,5.0,0.74,partly-cloudy-day,rain,0,6,1,7,209,30
ACORN-E,2013-07-29,48,1472.85416666667,7.52713526447062,20.91,15.64,20.91,16.49,18.275,5.27,21.02,15.7,0.86,3.99,0.49,1013.58,11.12,4.0,0.77,partly-cloudy-day,rain,0,0,0,7,210,31
ACORN-E,2013-07-30,48,1472.41666666667,7.61095629295147,23.56,16.49,23.56,16.98,20.025,7.07,23.77,16.49,0.8,4.47,0.55,1015.34,11.97,4.0,0.8,partly-cloudy-day,rain,0,1,0,7,211,31
ACORN-E,2013-07-31,48,1472.77083333333,7.57383204194731,32.4,16.98,32.4,17.41,24.689999999999998,15.419999999999998,32.42,17.18,0.65,3.68,0.2,1009.49,14.08,5.0,0.83,partly-cloudy-day,rain,0,2,0,7,212,31
ACORN-E,2013-08-01,48,1473.70833333333,7.51944254889665,24.64,17.41,24.64,15.36,21.025,7.23,24.68,17.44,0.71,3.89,0.42,1008.75,12.67,4.0,0.86,partly-cloudy-day,rain,0,3,0,8,213,31
ACORN-E,2013-08-02,48,1469.35416666667,7.54731954853674,23.17,15.36,23.17,14.79,19.265,7.810000000000002,23.17,15.36,0.71,4.85,0.34,1014.89,12.71,4.0,0.89,partly-cloudy-day,rain,0,4,0,8,214,31
ACORN-E,2013-08-03,48,1469.97916666667,7.25753684119045,22.98,14.79,22.98,17.05,18.884999999999998,8.190000000000001,22.98,14.79,0.7,4.52,0.43,1019.02,12.67,4.0,0.92,partly-cloudy-day,rain,0,5,1,8,215,31
ACORN-E,2013-08-04,48,1468.04166666667,7.48713494644423,22.72,16.23,22.72,12.23,19.475,6.489999999999998,22.72,16.37,0.76,3.13,0.54,1012.36,12.59,4.0,0.95,partly-cloudy-day,rain,0,6,1,8,216,31
ACORN-E,2013-08-05,48,1469.875,7.60473494264417,22.11,12.23,22.11,14.97,17.17,9.879999999999999,22.11,12.23,0.68,1.35,0.41,1015.69,13.53,4.0,0.98,partly-cloudy-day,rain,0,0,0,8,217,32
ACORN-E,2013-08-06,48,1467.70833333333,7.33302436497499,21.49,14.97,21.49,11.83,18.23,6.519999999999998,21.49,14.97,0.64,2.95,0.37,1014.33,13.49,4.0,0.02,partly-cloudy-day,rain,0,1,0,8,218,32
ACORN-E,2013-08-07,48,1468.95833333333,7.26659832270131,23.81,11.83,23.81,15.68,17.82,11.979999999999999,23.81,11.83,0.63,1.47,0.3,1019.26,13.52,6.0,0.05,partly-cloudy-day,rain,0,2,0,8,219,32
ACORN-E,2013-08-08,48,1467.0,7.22308588991138,23.85,15.68,23.85,14.1,19.765,8.170000000000002,23.85,15.72,0.67,3.0,0.48,1018.82,12.42,5.0,0.08,partly-cloudy-day,rain,0,3,0,8,220,32
ACORN-E,2013-08-09,48,1464.77083333333,7.2247913468627,21.73,14.1,21.73,15.42,17.915,7.630000000000001,21.73,14.1,0.57,2.82,0.49,1021.99,14.42,5.0,0.11,partly-cloudy-day,rain,0,4,0,8,221,32
ACORN-E,2013-08-10,48,1466.9375,7.08723734420189,22.76,15.42,22.76,13.57,19.09,7.340000000000002,22.76,15.42,0.62,3.8,0.45,1018.13,13.97,5.0,0.15,partly-cloudy-day,rain,0,5,1,8,222,32
ACORN-E,2013-08-11,48,1467.9375,7.50195411101165,20.39,13.57,20.39,11.46,16.98,6.82,20.39,13.57,0.61,3.6,0.41,1016.89,14.11,4.0,0.18,partly-cloudy-day,rain,0,6,1,8,223,32
ACORN-E,2013-08-12,48,1466.97916666667,7.36519400743221,19.8,11.46,19.8,11.04,15.63,8.34,19.8,11.46,0.69,3.63,0.43,1021.59,13.5,4.0,0.22,partly-cloudy-day,rain,0,0,0,8,224,33
ACORN-E,2013-08-13,48,1466.83333333333,7.34527626948162,22.04,11.04,22.04,16.16,16.54,11.0,22.04,11.04,0.78,2.79,0.39,1022.81,12.23,4.0,0.25,partly-cloudy-day,rain,0,1,0,8,225,33
ACORN-E,2013-08-14,48,1465.89583333333,7.2334333830659,23.46,16.64,23.46,16.98,20.05,6.82,23.46,16.78,0.79,4.44,0.55,1018.77,10.88,4.0,0.29,partly-cloudy-day,rain,0,2,0,8,226,33
ACORN-E,2013-08-15,48,1465.97916666667,7.38041730329838,21.66,16.98,21.66,14.12,19.32,4.68,21.73,16.98,0.84,3.86,0.51,1015.02,11.81,3.0,0.33,partly-cloudy-day,rain,0,3,0,8,227,33
ACORN-E,2013-08-16,48,1464.0,7.45321881558998,20.22,14.12,20.22,15.92,17.169999999999998,6.1,20.22,14.12,0.82,5.13,0.57,1012.65,11.1,3.0,0.37,wind,rain,0,4,0,8,228,33
ACORN-E,2013-08-17,48,1461.875,7.529408545095,22.42,15.92,22.42,12.68,19.17,6.500000000000002,22.42,15.92,0.73,4.45,0.57,1009.48,12.76,3.0,0.4,partly-cloudy-day,rain,0,5,1,8,229,33
ACORN-E,2013-08-18,48,1461.75,7.69766793812501,22.02,12.68,22.02,12.16,17.35,9.34,22.02,12.68,0.59,3.25,0.27,1019.36,14.13,3.0,0.44,partly-cloudy-day,rain,0,6,1,8,230,33
ACORN-E,2013-08-19,48,1461.0,7.41143189486653,23.53,12.16,23.53,12.78,17.845,11.370000000000001,23.53,12.16,0.6,1.6,0.37,1027.38,15.13,4.0,0.48,partly-cloudy-day,rain,0,0,0,8,231,34
ACORN-E,2013-08-20,48,1462.9375,7.31589561932804,25.57,12.72,25.57,16.54,19.145,12.85,25.57,12.72,0.64,2.36,0.38,1023.87,14.9,4.0,0.52,partly-cloudy-day,rain,0,1,0,8,232,34
ACORN-E,2013-08-21,48,1463.85416666667,7.31998597732732,21.13,16.54,21.13,16.34,18.835,4.59,21.34,16.81,0.9,1.09,0.36,1019.89,11.3,3.0,0.55,partly-cloudy-day,rain,0,2,0,8,233,34
ACORN-E,2013-08-22,48,1456.29166666667,7.7400284013659,26.03,16.34,26.03,17.13,21.185000000000002,9.690000000000001,26.03,16.49,0.75,3.34,0.11,1014.88,9.96,4.0,0.59,partly-cloudy-day,rain,0,3,0,8,234,34
ACORN-E,2013-08-23,48,1457.89583333333,7.43721867919833,19.51,14.94,18.51,13.18,17.225,4.570000000000002,19.59,14.94,0.9,2.57,0.56,1010.79,5.58,3.0,0.62,fog,rain,0,4,0,8,235,34
ACORN-E,2013-08-24,48,1456.9375,7.71285511074021,22.74,13.18,22.74,16.37,17.96,9.559999999999999,22.74,13.18,0.83,2.66,0.5,1012.96,10.07,4.0,0.66,partly-cloudy-day,rain,0,5,1,8,236,34
ACORN-E,2013-08-25,48,1457.91666666667,7.53285390412844,24.32,16.37,24.32,12.82,20.345,7.949999999999999,24.32,16.37,0.69,2.65,0.38,1018.33,11.27,4.0,0.69,partly-cloudy-day,rain,0,6,1,8,237,34
ACORN-E,2013-08-26,48,1454.91666666667,7.55252089909964,22.78,12.82,22.78,12.45,17.8,9.96,22.78,12.82,0.69,1.89,0.23,1018.6,11.3,4.0,0.72,partly-cloudy-day,rain,1,0,0,8,238,35
ACORN-E,2013-08-27,48,1457.08333333333,7.629405066493,23.38,12.45,23.38,14.16,17.915,10.93,23.38,12.45,0.69,0.85,0.37,1022.24,11.52,4.0,0.75,partly-cloudy-day,rain,0,1,0,8,239,35
ACORN-E,2013-08-28,48,1457.20833333333,7.4674911690832,23.19,14.16,23.19,15.34,18.675,9.030000000000001,23.19,14.16,0.56,2.75,0.31,1021.8,11.65,4.0,0.78,partly-cloudy-day,rain,0,2,0,8,240,35
ACORN-E,2013-08-29,48,1457.875,7.42980298787463,24.03,15.34,24.03,14.22,19.685000000000002,8.690000000000001,24.03,15.34,0.64,3.91,0.31,1019.63,12.78,3.0,0.81,partly-cloudy-day,rain,0,3,0,8,241,35
ACORN-E,2013-08-30,48,1456.625,7.47066386287653,19.87,14.22,19.87,10.17,17.045,5.65,19.87,14.22,0.6,3.37,0.12,1025.01,13.86,4.0,0.84,partly-cloudy-day,rain,0,4,0,8,242,35
ACORN-E,2013-08-31,48,1456.3125,7.50111687933932,21.07,10.17,21.07,11.88,15.620000000000001,10.9,21.07,10.17,0.63,3.36,0.33,1029.46,14.79,3.0,0.87,partly-cloudy-day,rain,0,5,1,8,243,35
ACORN-E,2013-09-01,48,1457.9375,8.09720904997151,24.94,11.88,24.94,14.04,18.41,13.06,24.94,11.88,0.7,3.28,0.33,1027.0,14.03,3.0,0.9,partly-cloudy-day,rain,0,6,1,9,244,35
ACORN-E,2013-09-02,48,1455.72916666667,7.68052142066257,23.92,14.04,23.92,14.09,18.98,9.880000000000003,23.92,14.04,0.76,0.5,0.33,1027.04,12.67,3.0,0.93,partly-cloudy-day,rain,0,0,0,9,245,36
ACORN-E,2013-09-03,48,1456.97916666667,7.65837377174016,27.04,14.09,27.04,15.46,20.564999999999998,12.95,27.31,14.09,0.75,1.86,0.1,1021.14,11.2,4.0,0.96,clear-day,rain,0,1,0,9,246,36
ACORN-E,2013-09-04,48,1456.54166666667,7.75089078205369,28.49,15.46,28.49,15.05,21.975,13.029999999999998,28.59,15.54,0.71,0.78,0.12,1011.32,9.08,4.0,0.99,fog,rain,0,2,0,9,247,36
ACORN-E,2013-09-05,48,1455.125,7.75291083588298,18.32,13.26,17.04,11.39,15.79,5.0600000000000005,18.32,13.26,0.81,1.92,0.39,1008.5,11.17,2.0,0.03,partly-cloudy-day,rain,0,3,0,9,248,36
ACORN-E,2013-09-06,48,1453.02083333333,8.05272817686839,17.7,11.39,17.7,9.13,14.545,6.309999999999999,17.7,11.39,0.75,3.43,0.26,1013.82,12.6,4.0,0.06,partly-cloudy-day,rain,0,4,0,9,249,36
ACORN-E,2013-09-07,48,1456.91666666667,7.882321315592,16.86,9.13,16.86,9.2,12.995000000000001,7.729999999999999,16.86,9.13,0.8,2.74,0.37,1017.99,12.57,2.0,0.1,partly-cloudy-day,rain,0,5,1,9,250,36
ACORN-E,2013-09-08,48,1455.97916666667,8.49424942734563,10.63,9.2,10.29,9.38,9.915,1.4300000000000015,10.63,8.03,0.88,1.61,0.03,1018.08,10.3,4.0,0.13,clear-day,rain,0,6,1,9,251,36
ACORN-E,2013-09-09,48,1455.02083333333,8.72101958001666,16.65,9.38,16.65,12.47,13.015,7.269999999999998,16.65,7.53,0.77,4.22,0.64,1020.2,11.54,2.0,0.17,partly-cloudy-day,rain,0,0,0,9,252,37
ACORN-E,2013-09-10,48,1454.95833333333,8.84287008559974,16.49,12.47,16.49,12.58,14.48,4.019999999999998,16.49,12.47,0.77,4.01,0.75,1020.96,11.72,2.0,0.21,partly-cloudy-day,rain,0,1,0,9,253,37
ACORN-E,2013-09-11,48,1451.08333333333,8.83019658876485,18.02,12.58,18.02,15.33,15.3,5.4399999999999995,18.02,12.58,0.87,1.24,0.72,1019.29,9.24,2.0,0.24,partly-cloudy-day,rain,0,2,0,9,254,37
ACORN-E,2013-09-12,48,1451.22916666667,8.59686001178745,18.09,14.78,18.09,9.3,16.435,3.3100000000000005,18.3,14.82,0.95,0.97,1.0,1017.09,5.91,2.0,0.28,cloudy,rain,0,3,0,9,255,37
ACORN-E,2013-09-13,48,1452.33333333333,8.87598914526454,13.85,9.3,13.85,6.72,11.575,4.549999999999999,13.85,7.1,0.89,2.95,0.69,1015.54,9.64,2.0,0.32,partly-cloudy-day,rain,0,4,0,9,256,37
ACORN-E,2013-09-14,48,1450.14583333333,9.19175896841777,15.36,6.72,14.82,8.24,11.04,8.64,15.36,5.13,0.86,4.65,0.41,1010.26,9.93,2.0,0.36,wind,rain,0,5,1,9,257,37
ACORN-E,2013-09-15,48,1447.6875,9.70570218177592,14.08,8.24,14.08,8.19,11.16,5.84,14.08,5.59,0.67,5.55,0.31,1002.85,13.55,2.0,0.39,wind,rain,0,6,1,9,258,37
ACORN-E,2013-09-16,48,1447.625,9.20956510841494,13.7,8.19,13.08,10.77,10.945,5.51,13.7,5.6,0.84,3.33,0.61,1000.28,11.44,2.0,0.43,partly-cloudy-day,rain,0,0,0,9,259,38
ACORN-E,2013-09-17,48,1448.875,9.50600386585219,15.18,10.77,15.18,8.33,12.975,4.41,15.18,10.77,0.78,3.44,0.61,1003.41,11.18,2.0,0.46,partly-cloudy-day,rain,0,1,0,9,260,38
ACORN-E,2013-09-18,48,1448.91666666667,9.13145490103967,15.84,8.33,15.84,9.84,12.085,7.51,15.86,6.46,0.84,3.76,0.49,1010.33,11.99,2.0,0.49,partly-cloudy-day,rain,0,2,0,9,261,38
ACORN-E,2013-09-19,48,1447.66666666667,9.36030737869128,18.41,9.84,18.41,10.33,14.125,8.57,18.41,8.16,0.75,2.45,0.51,1017.72,12.5,2.0,0.54,partly-cloudy-day,rain,0,3,0,9,262,38
ACORN-E,2013-09-20,48,1446.79166666667,8.82776161840763,18.18,10.33,18.18,16.43,14.254999999999999,7.85,18.24,10.33,0.87,2.8,0.56,1024.26,10.83,2.0,0.57,partly-cloudy-day,rain,0,4,0,9,263,38
ACORN-E,2013-09-21,48,1444.9375,8.90304160878105,18.84,14.25,18.84,13.03,16.545,4.59,18.89,14.25,0.9,1.96,0.69,1027.75,10.57,2.0,0.6,partly-cloudy-day,rain,0,5,1,9,264,38
ACORN-E,2013-09-22,48,1444.75,9.28713892886319,19.64,13.03,19.64,11.53,16.335,6.610000000000001,19.64,13.03,0.89,0.88,0.52,1024.98,9.43,2.0,0.64,fog,rain,0,6,1,9,265,38
ACORN-E,2013-09-23,48,1446.77083333333,8.78147278203963,21.47,11.53,21.47,13.67,16.5,9.94,21.47,11.53,0.89,1.18,0.17,1016.64,4.39,3.0,0.67,fog,rain,0,0,0,9,266,39
ACORN-E,2013-09-24,48,1445.4375,8.45804753588417,20.87,13.67,20.87,13.96,17.27,7.200000000000001,20.87,13.67,0.86,0.51,0.36,1011.86,3.75,2.0,0.7,fog,rain,0,1,0,9,267,39
ACORN-E,2013-09-25,48,1446.9375,8.57108191426314,18.88,13.12,18.88,10.58,16.0,5.76,18.88,13.12,0.79,3.1,0.51,1016.43,10.07,2.0,0.73,partly-cloudy-day,rain,0,2,0,9,268,39
ACORN-E,2013-09-26,48,1443.0625,8.45591068232405,16.99,10.58,16.99,12.43,13.785,6.409999999999998,16.99,10.58,0.8,3.45,0.36,1016.27,13.39,2.0,0.76,partly-cloudy-day,rain,0,3,0,9,269,39
ACORN-E,2013-09-27,48,1441.29166666667,8.50998320964676,18.36,12.43,18.36,13.57,15.395,5.93,18.36,12.43,0.81,4.46,0.17,1009.88,9.78,2.0,0.79,partly-cloudy-day,rain,0,4,0,9,270,39
ACORN-E,2013-09-28,48,1443.54166666667,8.87066612523033,17.36,13.44,17.36,13.44,15.399999999999999,3.92,17.36,13.44,0.79,4.76,0.45,1006.89,12.25,2.0,0.82,partly-cloudy-day,rain,0,5,1,9,271,39
ACORN-E,2013-09-29,48,1443.97916666667,9.25484744495756,18.81,13.21,18.81,11.76,16.009999999999998,5.599999999999998,18.81,13.21,0.79,3.68,0.37,1006.77,12.6,2.0,0.85,partly-cloudy-day,rain,0,6,1,9,272,39
ACORN-E,2013-09-30,48,1442.9375,8.91611128368953,17.28,11.76,17.28,13.62,14.52,5.520000000000001,17.28,11.76,0.82,4.02,0.54,1009.02,9.11,2.0,0.88,partly-cloudy-day,rain,0,0,0,9,273,40
ACORN-E,2013-10-01,48,1440.10416666667,9.12470112185117,19.02,13.62,19.02,14.03,16.32,5.4,19.1,13.62,0.87,3.51,0.59,1010.58,7.87,2.0,0.91,fog,rain,0,1,0,10,274,40
ACORN-E,2013-10-02,48,1442.70833333333,9.11854051111957,18.45,14.03,18.45,16.62,16.24,4.42,18.68,14.03,0.93,3.37,0.43,1008.9,7.03,2.0,0.94,partly-cloudy-day,rain,0,2,0,10,275,40
ACORN-E,2013-10-03,48,1443.91666666667,8.88014460540867,20.82,15.23,20.82,13.67,18.025,5.59,20.84,15.23,0.87,4.04,0.62,1009.01,11.68,1.0,0.98,partly-cloudy-day,rain,0,3,0,10,276,40
ACORN-E,2013-10-04,48,1439.5,8.72685230787638,17.94,13.67,17.94,8.76,15.805,4.270000000000001,17.94,13.67,0.87,1.58,0.49,1019.72,11.91,1.0,0.01,partly-cloudy-day,rain,0,4,0,10,277,40
ACORN-E,2013-10-05,48,1442.89583333333,8.88387299726731,19.19,8.76,19.19,10.37,13.975000000000001,10.430000000000001,19.19,8.76,0.82,1.53,0.41,1025.61,11.14,1.0,0.05,partly-cloudy-day,rain,0,5,1,10,278,40
ACORN-E,2013-10-06,48,1443.0,9.13888218808039,18.57,10.37,18.57,13.36,14.469999999999999,8.200000000000001,18.57,10.37,0.87,2.43,0.47,1025.51,8.71,1.0,0.08,fog,rain,0,6,1,10,279,40
ACORN-E,2013-10-07,48,1441.77083333333,8.87363094029794,19.62,13.36,19.62,13.51,16.490000000000002,6.260000000000002,19.62,13.36,0.85,3.13,0.55,1024.75,10.3,1.0,0.12,partly-cloudy-day,rain,0,0,0,10,280,41
ACORN-E,2013-10-08,48,1441.77083333333,8.7465680942237,16.48,9.04,16.48,7.6,12.76,7.440000000000001,16.48,6.37,0.76,3.89,0.55,1019.97,12.46,1.0,0.16,partly-cloudy-day,rain,0,1,0,10,281,41
ACORN-E,2013-10-09,48,1442.97916666667,8.9643845855975,11.82,7.6,11.82,8.66,9.71,4.220000000000001,11.82,4.19,0.68,6.07,0.45,1018.36,12.41,1.0,0.19,partly-cloudy-day,rain,0,2,0,10,282,41
ACORN-E,2013-10-10,48,1442.9375,9.5234344233534,13.16,8.66,13.16,9.39,10.91,4.5,13.16,5.62,0.86,5.86,0.77,1017.55,10.25,1.0,0.23,wind,rain,0,3,0,10,283,41
ACORN-E,2013-10-11,48,1442.97916666667,10.1699285427788,14.17,8.46,14.17,8.46,11.315000000000001,5.709999999999999,14.17,7.6,0.83,2.36,0.43,1018.13,10.62,1.0,0.27,partly-cloudy-day,rain,0,4,0,10,284,41
ACORN-E,2013-10-12,48,1441.875,9.6981270796636,11.47,8.87,11.47,8.62,10.17,2.6000000000000014,11.47,6.46,0.92,3.78,0.58,1010.8,9.38,1.0,0.31,partly-cloudy-day,rain,0,5,1,10,285,41
ACORN-E,2013-10-13,48,1441.0,11.0603011162224,11.34,8.62,11.34,8.75,9.98,2.7200000000000006,11.34,6.28,0.91,3.71,0.66,1007.43,9.69,1.0,0.34,partly-cloudy-day,rain,0,6,1,10,286,41
ACORN-E,2013-10-14,48,1441.85416666667,10.4962655755947,12.58,8.75,12.58,6.76,10.665,3.83,12.58,6.51,0.88,2.97,0.45,1010.38,9.27,1.0,0.38,fog,rain,0,0,0,10,287,42
ACORN-E,2013-10-15,48,1439.04166666667,10.0380404079673,14.87,6.76,14.87,11.82,10.815,8.11,14.87,6.42,0.91,1.84,0.44,1010.46,7.15,1.0,0.42,fog,rain,0,1,0,10,288,42
ACORN-E,2013-10-16,48,1438.91666666667,10.4129661387171,17.29,11.82,17.29,10.5,14.555,5.469999999999999,17.29,11.82,0.84,4.15,0.26,1013.27,12.36,1.0,0.45,partly-cloudy-day,rain,0,2,0,10,289,42
ACORN-E,2013-10-17,48,1437.66666666667,9.72072393895528,17.16,10.5,17.16,13.21,13.83,6.66,17.16,10.5,0.91,2.76,0.49,1014.16,8.75,1.0,0.48,partly-cloudy-day,rain,0,3,0,10,290,42
ACORN-E,2013-10-18,48,1437.97916666667,9.47884643089233,17.52,13.21,17.52,13.18,15.365,4.309999999999999,17.52,13.21,0.91,3.06,0.52,1005.58,11.31,1.0,0.52,partly-cloudy-day,rain,0,4,0,10,291,42
ACORN-E,2013-10-19,48,1436.54166666667,9.50580719487114,17.04,12.16,17.04,12.16,14.6,4.879999999999999,17.04,12.16,0.89,4.29,0.42,1005.32,11.57,1.0,0.55,partly-cloudy-day,rain,0,5,1,10,292,42
ACORN-E,2013-10-20,48,1436.66666666667,9.98024465091581,17.53,13.26,17.53,16.32,15.395,4.270000000000001,17.53,13.26,0.87,4.81,0.53,1005.88,11.25,1.0,0.58,partly-cloudy-day,rain,0,6,1,10,293,42
ACORN-E,2013-10-21,48,1437.85416666667,9.73928435393829,18.03,13.79,18.03,13.79,15.91,4.240000000000002,18.04,13.79,0.86,4.84,0.44,997.55,11.67,1.0,0.61,partly-cloudy-day,rain,0,0,0,10,294,43
ACORN-E,2013-10-22,48,1439.6875,9.43566705985541,16.53,9.99,16.53,6.83,13.260000000000002,6.540000000000001,16.53,8.92,0.8,5.29,0.34,998.6,12.42,1.0,0.65,wind,rain,0,1,0,10,295,43
ACORN-E,2013-10-23,48,1440.95833333333,9.25717653037252,16.91,6.83,16.91,13.14,11.870000000000001,10.08,16.91,6.83,0.86,2.1,0.36,1013.45,12.05,1.0,0.68,partly-cloudy-day,rain,0,2,0,10,296,43
ACORN-E,2013-10-24,48,1439.95833333333,9.3216204992964,18.47,13.16,18.47,14.39,15.815,5.309999999999999,18.47,13.16,0.86,4.14,0.47,1005.16,10.91,1.0,0.7,partly-cloudy-day,rain,0,3,0,10,297,43
ACORN-E,2013-10-25,48,1439.1875,9.17630826828187,16.66,14.34,16.66,11.66,15.5,2.3200000000000003,16.66,14.34,0.85,6.35,0.49,1004.52,11.31,1.0,0.73,wind,rain,0,4,0,10,298,43
ACORN-E,2013-10-26,48,1440.0,9.54320625041667,15.87,11.66,15.87,11.7,13.765,4.209999999999999,15.87,11.66,0.81,7.05,0.32,996.66,11.18,1.0,0.76,wind,rain,0,5,1,10,299,43
ACORN-E,2013-10-27,48,1438.0,10.1067103249609,15.965,10.33,14.92,9.684999999999999,13.1475,5.634999999999999,15.974999999999998,9.120000000000001,0.81,7.365,0.405,994.5799999999999,11.19,1.0,0.78,wind,rain,0,6,1,10,300,43
ACORN-E,2013-10-28,48,1439.6875,9.97530217718972,16.06,9.0,13.97,7.67,12.53,7.059999999999999,16.08,6.58,0.81,7.68,0.49,992.5,11.2,1.0,0.8,wind,rain,0,0,0,10,301,44
ACORN-E,2013-10-29,48,1439.75,10.2616316622625,12.38,6.86,12.38,4.47,9.620000000000001,5.5200000000000005,12.38,4.43,0.77,4.77,0.25,1010.58,13.66,1.0,0.83,partly-cloudy-day,rain,0,1,0,10,302,44
ACORN-E,2013-10-30,48,1436.6875,10.2322419700526,13.57,4.47,13.57,12.03,9.02,9.100000000000001,13.57,2.27,0.8,3.67,0.33,1020.1,13.36,1.0,0.86,partly-cloudy-day,rain,0,2,0,10,303,44
ACORN-E,2013-10-31,48,1436.9375,10.1150968218937,13.11,11.61,12.59,11.48,12.36,1.5,13.11,11.61,0.89,4.42,0.74,1016.56,11.36,1.0,0.89,partly-cloudy-day,rain,0,3,0,10,304,44
ACORN-E,2013-11-01,48,1439.91666666667,10.0425565774225,13.97,11.48,13.97,10.47,12.725000000000001,2.49,13.97,11.48,0.89,2.95,0.55,1008.97,11.57,1.0,0.93,partly-cloudy-day,rain,0,4,0,11,305,44
ACORN-E,2013-11-02,48,1439.8125,9.95748477120998,15.08,10.27,15.08,7.56,12.675,4.8100000000000005,15.08,10.27,0.82,4.55,0.43,998.6,9.46,1.0,0.96,wind,rain,0,5,1,11,306,44
ACORN-E,2013-11-03,48,1440.8125,11.1345888064072,11.43,7.56,11.43,6.04,9.495,3.87,11.43,3.89,0.74,5.3,0.22,998.64,11.99,1.0,0.0,wind,rain,0,6,1,11,307,44
ACORN-E,2013-11-04,48,1439.95833333333,10.7785411469576,9.98,4.78,9.98,4.41,7.380000000000001,5.2,8.24,2.11,0.82,2.94,0.29,991.64,11.14,1.0,0.03,partly-cloudy-day,rain,0,0,0,11,308,45
ACORN-E,2013-11-05,48,1439.5625,11.306539361903,12.39,4.41,12.39,9.31,8.4,7.98,12.39,2.98,0.83,3.96,0.56,994.74,12.1,1.0,0.07,partly-cloudy-day,rain,0,1,0,11,309,45
ACORN-E,2013-11-06,48,1437.85416666667,10.9975296116982,14.87,9.31,14.79,9.31,12.09,5.559999999999999,14.87,6.77,0.88,4.86,0.62,999.46,10.19,1.0,0.11,wind,rain,0,2,0,11,310,45
ACORN-E,2013-11-07,48,1437.66666666667,10.5407608356527,14.7,7.37,11.0,5.29,11.035,7.329999999999999,14.7,6.25,0.83,2.89,0.66,1006.38,13.9,1.0,0.14,partly-cloudy-day,rain,0,3,0,11,311,45
ACORN-E,2013-11-08,48,1438.0,10.95777885758,11.0,5.29,11.0,3.28,8.145,5.71,11.0,2.54,0.9,2.0,0.5,1005.53,12.1,1.0,0.18,partly-cloudy-day,rain,0,4,0,11,312,45
ACORN-E,2013-11-09,48,1439.95833333333,11.6772841947299,7.06,3.28,7.06,4.79,5.17,3.78,7.04,1.24,0.9,1.9,0.41,1006.05,11.43,1.0,0.22,partly-cloudy-day,rain,0,5,1,11,313,45
ACORN-E,2013-11-10,48,1438.20833333333,11.8013627857623,9.22,2.58,9.22,2.53,5.9,6.640000000000001,7.3,0.71,0.79,2.61,0.18,1015.79,12.68,1.0,0.26,partly-cloudy-day,rain,0,6,1,11,314,45
ACORN-E,2013-11-11,48,1439.89583333333,11.7933619811977,12.63,2.53,12.11,9.79,7.58,10.100000000000001,12.63,1.21,0.91,3.65,0.65,1022.52,7.81,1.0,0.29,cloudy,rain,0,0,0,11,315,46
ACORN-E,2013-11-12,48,1440.64583333333,10.8381698697809,13.11,6.08,12.36,2.11,9.594999999999999,7.029999999999999,13.11,4.61,0.85,2.26,0.56,1026.13,9.91,1.0,0.33,partly-cloudy-day,rain,0,1,0,11,316,46
ACORN-E,2013-11-13,48,1440.70833333333,11.1269594103202,9.94,2.11,9.94,6.54,6.0249999999999995,7.83,9.09,0.39,0.82,2.3,0.45,1032.0,12.99,1.0,0.37,partly-cloudy-day,rain,0,2,0,11,317,46
ACORN-E,2013-11-14,48,1439.91666666667,11.1898247738887,9.62,5.18,9.62,4.65,7.3999999999999995,4.4399999999999995,6.61,2.32,0.74,4.6,0.32,1023.75,13.18,1.0,0.4,partly-cloudy-day,rain,0,3,0,11,318,46
ACORN-E,2013-11-15,48,1439.72916666667,11.3946992066146,9.25,3.33,9.25,1.38,6.29,5.92,7.41,1.74,0.72,2.57,0.27,1032.71,13.12,1.0,0.43,partly-cloudy-day,rain,0,4,0,11,319,46
ACORN-E,2013-11-16,48,1437.75,11.8034778902969,9.14,1.38,9.14,7.59,5.26,7.760000000000001,8.36,-0.1,0.87,1.4,0.35,1031.84,9.66,1.0,0.47,partly-cloudy-day,rain,0,5,1,11,320,46
ACORN-E,2013-11-17,48,1439.91666666667,12.3390941029452,9.57,8.28,9.57,8.08,8.925,1.290000000000001,9.57,7.78,0.87,0.87,1.0,1024.24,6.41,1.0,0.5,fog,rain,0,6,1,11,321,46
ACORN-E,2013-11-18,48,1434.75,11.6806446495667,9.3,7.37,9.3,2.19,8.335,1.9300000000000006,8.54,5.02,0.92,1.77,0.98,1010.92,5.39,1.0,0.53,fog,rain,0,0,0,11,322,47
ACORN-E,2013-11-19,48,1429.5,11.8512014526643,6.78,0.6,5.73,-1.27,3.69,6.180000000000001,4.33,-2.23,0.74,3.57,0.19,1013.76,13.5,1.0,0.56,partly-cloudy-day,rain,0,1,0,11,323,47
ACORN-E,2013-11-20,48,1431.85416666667,12.8682450495397,6.38,-1.27,6.38,3.12,2.5549999999999997,7.65,3.21,-4.81,0.85,3.41,0.52,1003.95,12.18,1.0,0.59,partly-cloudy-day,rain,0,2,0,11,324,47
ACORN-E,2013-11-21,48,1429.85416666667,12.5757533593905,7.91,3.12,7.91,3.52,5.515000000000001,4.79,4.39,-0.77,0.78,4.83,0.48,1004.26,11.96,1.0,0.62,partly-cloudy-day,rain,0,3,0,11,325,47
ACORN-E,2013-11-22,48,1429.0,12.4795773669021,7.89,3.52,7.89,3.41,5.705,4.369999999999999,4.74,0.0,0.76,4.31,0.27,1017.66,12.36,1.0,0.65,partly-cloudy-day,rain,0,4,0,11,326,47
ACORN-E,2013-11-23,48,1420.95833333333,12.4722063163489,7.41,3.41,7.41,6.14,5.41,4.0,4.72,0.61,0.82,3.37,0.46,1024.21,11.2,1.0,0.68,partly-cloudy-day,rain,0,5,1,11,327,47
ACORN-E,2013-11-24,48,1421.89583333333,13.1171419569384,8.02,5.06,8.02,4.54,6.539999999999999,2.96,5.55,2.69,0.78,3.55,0.77,1030.42,11.78,1.0,0.71,partly-cloudy-day,rain,0,6,1,11,328,47
ACORN-E,2013-11-25,48,1421.75,12.5277768196152,7.29,4.54,7.29,2.98,5.915,2.75,4.63,1.89,0.77,3.33,0.73,1037.52,12.17,1.0,0.74,partly-cloudy-day,rain,0,0,0,11,329,48
ACORN-E,2013-11-26,48,1418.64583333333,12.4335093556647,7.23,2.93,7.23,5.78,5.08,4.300000000000001,5.77,1.08,0.72,2.17,0.47,1038.71,12.63,1.0,0.77,partly-cloudy-night,rain,0,1,0,11,330,48
ACORN-E,2013-11-27,48,1415.91666666667,12.187069385028,10.32,5.78,10.32,8.58,8.05,4.54,10.32,4.12,0.89,1.35,0.88,1033.95,6.76,1.0,0.81,partly-cloudy-day,rain,0,2,0,11,331,48
ACORN-E,2013-11-28,48,1418.5,11.9313841708774,9.9,8.08,9.9,8.04,8.99,1.8200000000000003,9.38,7.97,0.87,1.23,0.96,1034.64,6.34,0.0,0.84,cloudy,rain,0,3,0,11,332,48
ACORN-E,2013-11-29,48,1418.35416666667,11.8574052750507,10.18,6.56,10.18,6.21,8.37,3.62,10.18,2.99,0.77,4.4,0.62,1026.65,11.02,1.0,0.87,partly-cloudy-day,rain,0,4,0,11,333,48
ACORN-E,2013-11-30,48,1417.02083333333,12.2866540121909,8.38,3.53,8.38,2.43,5.955,4.850000000000001,6.01,2.19,0.73,3.68,0.5,1027.3,12.46,1.0,0.91,partly-cloudy-day,rain,0,5,1,11,334,48
ACORN-E,2013-12-01,48,1417.47916666667,12.8408625580988,9.42,2.43,9.42,7.26,5.925,6.99,8.59,0.21,0.83,1.02,0.55,1032.9,11.59,1.0,0.94,partly-cloudy-day,rain,0,6,1,12,335,48
ACORN-E,2013-12-02,48,1417.4375,11.9693912254666,9.42,6.59,9.42,6.34,8.004999999999999,2.83,8.79,6.24,0.79,1.36,0.86,1033.95,10.7,0.0,0.98,partly-cloudy-day,rain,0,0,0,12,336,49
ACORN-E,2013-12-03,48,1416.8125,12.2272331763288,7.22,3.66,6.44,3.66,5.4399999999999995,3.5599999999999996,7.22,1.58,0.72,0.96,0.97,1029.5,11.99,0.0,0.02,cloudy,rain,0,1,0,12,337,49
ACORN-E,2013-12-04,48,1417.97916666667,12.1931144986164,8.91,2.35,8.91,1.08,5.63,6.5600000000000005,6.66,-0.58,0.77,2.87,0.56,1029.19,12.25,1.0,0.06,partly-cloudy-day,rain,0,2,0,12,338,49
ACORN-E,2013-12-05,48,1415.97916666667,12.7015705382058,10.29,1.08,10.29,2.73,5.685,9.209999999999999,10.29,-2.54,0.73,6.12,0.44,1023.72,13.37,1.0,0.09,wind,rain,0,3,0,12,339,49
ACORN-E,2013-12-06,48,1415.70833333333,12.6032529068427,7.85,2.73,7.85,6.55,5.29,5.119999999999999,5.72,-1.27,0.7,3.92,0.38,1027.65,12.67,1.0,0.13,partly-cloudy-day,rain,0,4,0,12,340,49
ACORN-E,2013-12-07,48,1416.85416666667,12.6655199439605,8.72,6.55,8.72,5.09,7.635,2.170000000000001,6.32,4.02,0.85,3.71,0.47,1026.6,11.78,1.0,0.17,partly-cloudy-day,rain,0,5,1,12,341,49
ACORN-E,2013-12-08,48,1414.0625,12.6438143241738,11.24,5.09,11.24,6.01,8.165,6.15,11.24,2.53,0.83,4.56,0.35,1025.35,12.87,1.0,0.2,partly-cloudy-day,rain,0,6,1,12,342,49
ACORN-E,2013-12-09,48,1413.5625,11.9668606896025,11.01,5.06,11.01,2.06,8.035,5.95,11.01,3.17,0.89,2.69,0.32,1028.84,10.73,1.0,0.24,partly-cloudy-day,rain,0,0,0,12,343,50
ACORN-E,2013-12-10,48,1412.04166666667,12.1756345403265,9.03,2.06,9.03,2.06,5.545,6.969999999999999,7.65,2.06,0.91,1.35,0.23,1031.32,4.49,1.0,0.28,fog,rain,0,1,0,12,344,50
ACORN-E,2013-12-11,48,1412.625,12.5452322176099,6.4,2.06,6.4,1.52,4.23,4.34,6.34,0.46,0.93,1.45,0.03,1029.46,3.48,1.0,0.31,fog,rain,0,2,0,12,345,50
ACORN-E,2013-12-12,48,1410.85416666667,12.5342984956014,8.98,1.52,8.98,7.23,5.25,7.460000000000001,7.28,-0.88,0.94,2.28,0.16,1024.86,3.14,1.0,0.35,fog,rain,0,3,0,12,346,50
ACORN-E,2013-12-13,48,1411.875,12.0334909827741,11.73,8.15,11.73,3.79,9.940000000000001,3.58,11.73,5.42,0.85,3.44,0.51,1019.67,9.45,1.0,0.38,partly-cloudy-day,rain,0,4,0,12,347,50
ACORN-E,2013-12-14,48,1411.9375,12.0304644849755,11.33,3.79,11.33,8.11,7.5600000000000005,7.54,11.33,1.16,0.81,5.45,0.35,1022.45,12.73,1.0,0.41,wind,rain,0,5,1,12,348,50
ACORN-E,2013-12-15,48,1412.79166666667,12.3876069703954,12.54,8.11,12.44,11.64,10.325,4.43,12.54,6.2,0.91,6.12,0.68,1019.25,9.14,0.0,0.44,wind,rain,0,6,1,12,349,50
ACORN-E,2013-12-16,48,1410.97916666667,11.5157792129424,12.89,7.95,12.89,4.61,10.42,4.94,12.89,6.56,0.89,5.57,0.88,1016.66,10.36,0.0,0.47,wind,rain,0,0,0,12,350,51
ACORN-E,2013-12-17,48,1411.85416666667,11.8354780169474,7.4,4.61,6.48,5.01,6.005000000000001,2.79,7.08,2.72,0.9,1.29,0.6,1021.59,9.61,0.0,0.51,fog,rain,0,1,0,12,351,51
ACORN-E,2013-12-18,48,1411.45833333333,11.8184521503335,10.29,5.01,10.27,5.14,7.6499999999999995,5.279999999999999,10.29,2.42,0.88,5.85,0.64,1007.83,9.7,0.0,0.54,wind,rain,0,2,0,12,352,51
ACORN-E,2013-12-19,48,1409.9375,11.8972942299034,9.7,3.68,8.19,2.63,6.6899999999999995,6.02,7.07,0.55,0.78,3.99,0.36,1002.06,13.89,1.0,0.57,partly-cloudy-day,rain,0,3,0,12,353,51
ACORN-E,2013-12-20,48,1411.0,11.8807221817151,10.42,2.63,9.69,9.41,6.525,7.79,10.42,-0.66,0.79,5.52,0.36,1018.73,13.82,1.0,0.6,wind,rain,0,4,0,12,354,51
ACORN-E,2013-12-21,48,1410.89583333333,12.0791825412313,11.95,9.41,11.95,7.96,10.68,2.539999999999999,11.95,5.58,0.86,8.91,0.86,1012.62,9.66,0.0,0.63,wind,rain,0,5,1,12,355,51
ACORN-E,2013-12-22,48,1410.75,11.81780348772,10.07,4.81,10.07,4.81,7.4399999999999995,5.260000000000001,10.07,1.58,0.73,5.66,0.25,1009.77,12.68,1.0,0.66,partly-cloudy-day,rain,0,6,1,12,356,51
ACORN-E,2013-12-23,48,1410.91666666667,12.0200664434678,11.95,5.14,11.33,8.23,8.545,6.81,11.95,2.07,0.84,8.48,0.58,998.59,9.98,0.0,0.69,wind,rain,0,0,0,12,357,52
ACORN-E,2013-12-24,48,1408.89583333333,11.5605739134428,11.93,5.43,9.07,3.93,8.68,6.5,11.93,2.68,0.81,6.67,0.4,979.52,10.86,1.0,0.72,partly-cloudy-day,rain,0,1,0,12,358,52
ACORN-E,2013-12-25,48,1408.97916666667,11.6559046855464,7.19,3.74,7.19,2.87,5.465,3.45,4.98,0.23,0.85,2.47,0.03,984.66,12.36,1.0,0.75,clear-day,rain,1,2,0,12,359,52
ACORN-E,2013-12-26,48,1408.89583333333,11.0342508933371,7.64,2.87,4.29,4.29,5.255,4.77,4.53,-0.06,0.92,2.27,0.49,995.06,9.8,0.0,0.78,wind,rain,1,3,0,12,360,52
ACORN-E,2013-12-27,48,1408.60416666667,11.3844515167199,10.99,7.47,10.41,4.27,9.23,3.5200000000000005,10.99,3.68,0.75,7.86,0.37,986.81,11.43,1.0,0.82,wind,rain,0,4,0,12,361,52
ACORN-E,2013-12-28,48,1409.97916666667,11.3240254038009,7.81,2.86,7.81,0.72,5.335,4.949999999999999,5.34,0.77,0.77,3.17,0.11,997.47,13.45,1.0,0.85,partly-cloudy-day,rain,0,5,1,12,362,52
ACORN-E,2013-12-29,48,1410.95833333333,11.9480493843219,7.56,0.72,7.15,5.23,4.14,6.84,4.44,-2.77,0.84,3.07,0.12,1014.89,14.08,1.0,0.89,partly-cloudy-night,rain,0,6,1,12,363,52
ACORN-E,2013-12-30,48,1407.04166666667,12.0482163053927,10.22,6.4,10.22,6.4,8.31,3.8200000000000003,10.22,4.21,0.83,6.58,0.55,1010.88,11.35,0.0,0.93,wind,rain,0,0,0,12,364,1
ACORN-E,2013-12-31,48,1409.89583333333,12.1463520070988,10.36,5.77,10.36,5.77,8.065,4.59,10.36,2.79,0.85,4.72,0.59,1004.27,12.13,0.0,0.96,partly-cloudy-day,rain,0,1,0,12,365,1
ACORN-E,2014-01-01,48,1408.91666666667,12.4512785636379,11.34,6.59,10.83,6.54,8.965,4.75,11.34,3.18,0.86,7.2,0.495,993.32,9.95,0.5,0.01,wind,rain,1,2,0,1,1,1
ACORN-E,2014-01-02,48,1409.0,11.6142299521647,10.75,6.54,10.27,8.54,8.645,4.21,10.75,3.36,0.82,4.89,0.4,993.31,12.23,1.0,0.04,wind,rain,0,3,0,1,2,1
ACORN-E,2014-01-03,48,1408.91666666667,12.0736456030097,10.49,7.01,10.14,7.04,8.75,3.4800000000000004,10.49,2.77,0.78,7.66,0.4,994.51,10.93,1.0,0.08,wind,rain,0,4,0,1,3,1
ACORN-E,2014-01-04,48,1409.9375,12.5437995202133,9.58,4.06,9.58,1.72,6.82,5.5200000000000005,6.66,1.16,0.84,4.46,0.61,993.71,11.27,0.0,0.12,partly-cloudy-day,rain,0,5,1,1,4,1
ACORN-E,2014-01-05,48,1408.79166666667,13.2262160110062,11.96,1.72,8.78,8.78,6.840000000000001,10.24,11.96,-0.88,0.87,4.4,0.44,1000.02,11.67,1.0,0.15,wind,rain,0,6,1,1,5,1
ACORN-E,2014-01-06,48,1408.45833333333,12.2030733861158,12.57,9.34,12.37,10.23,10.955,3.2300000000000004,12.57,5.91,0.78,8.3,0.58,994.61,10.67,1.0,0.19,wind,rain,0,0,0,1,6,2
ACORN-E,2014-01-07,48,1410.91666666667,11.9375863602031,11.38,8.98,11.38,7.37,10.18,2.4000000000000004,11.38,5.34,0.78,7.3,0.59,1003.19,11.36,1.0,0.22,wind,rain,0,1,0,1,7,2
ACORN-E,2014-01-08,48,1404.02083333333,11.6931236612479,11.62,7.37,11.62,9.25,9.495,4.249999999999999,11.62,4.53,0.85,4.15,0.5,1011.94,11.99,1.0,0.26,partly-cloudy-day,rain,0,2,0,1,8,2
ACORN-E,2014-01-09,48,1403.35416666667,11.702861872658,12.01,4.86,10.29,2.68,8.435,7.1499999999999995,12.01,1.6,0.77,6.03,0.39,1006.3,12.63,1.0,0.29,wind,rain,0,3,0,1,9,2
ACORN-E,2014-01-10,48,1403.95833333333,11.945971275057,10.14,2.68,10.14,7.16,6.41,7.460000000000001,10.14,0.34,0.85,3.56,0.4,1014.26,13.0,1.0,0.33,partly-cloudy-day,rain,0,4,0,1,10,2
ACORN-E,2014-01-11,48,1403.60416666667,11.9207370190276,8.59,1.02,8.41,0.38,4.805,7.57,5.91,1.02,0.81,2.68,0.2,1018.51,12.05,1.0,0.36,partly-cloudy-day,rain,0,5,1,1,11,2
ACORN-E,2014-01-12,48,1401.95833333333,13.3060000325236,8.91,0.38,7.06,5.42,4.6450000000000005,8.53,6.06,-1.79,0.9,3.25,0.46,1016.63,8.27,1.0,0.39,cloudy,rain,0,6,1,1,12,2
ACORN-F,2012-07-01,48,586.0,8.15838566587031,17.58,12.47,17.58,15.43,15.024999999999999,5.109999999999998,17.58,12.47,0.83,4.51,0.56,1015.49,11.97,6.0,0.45,partly-cloudy-day,rain,0,6,1,7,183,26
ACORN-F,2012-07-02,48,590.3125,7.95666913746557,18.81,15.43,18.81,15.95,17.119999999999997,3.379999999999999,18.81,15.52,0.9,3.64,0.78,1013.77,11.54,5.0,0.49,partly-cloudy-day,rain,0,0,0,7,184,27
ACORN-F,2012-07-03,48,588.166666666667,7.807432394229,21.44,15.95,21.44,15.2,18.695,5.490000000000002,21.44,16.12,0.85,3.35,0.66,1009.62,11.02,6.0,0.53,partly-cloudy-day,rain,0,1,0,7,185,27
ACORN-F,2012-07-04,48,592.395833333333,7.81000361971278,22.33,15.2,22.33,14.78,18.765,7.129999999999999,22.33,15.2,0.71,1.35,0.48,1009.33,12.73,6.0,0.56,partly-cloudy-day,rain,0,2,0,7,186,27
ACORN-F,2012-07-05,48,609.520833333333,7.61427578963484,18.7,14.78,18.7,13.42,16.74,3.92,18.7,14.78,0.82,2.46,0.39,1007.45,11.89,5.0,0.6,partly-cloudy-day,rain,1,3,0,7,187,27
ACORN-F,2012-07-06,48,620.666666666667,7.646658458194,18.65,13.42,18.65,14.28,16.035,5.229999999999999,18.65,13.42,0.81,3.33,0.54,1007.26,11.28,6.0,0.63,partly-cloudy-day,rain,0,4,0,7,188,27
ACORN-F,2012-07-07,48,633.375,7.82419076741807,18.77,14.28,18.77,14.38,16.525,4.49,18.77,14.28,0.89,1.08,0.55,1005.49,10.94,6.0,0.67,partly-cloudy-day,rain,0,5,1,7,189,27
ACORN-F,2012-07-08,48,638.666666666667,8.64759134518284,18.0,14.38,18.0,13.96,16.19,3.619999999999999,18.0,14.38,0.85,3.31,0.61,1010.95,11.28,5.0,0.7,partly-cloudy-day,rain,0,6,1,7,190,27
ACORN-F,2012-07-09,48,643.208333333333,7.95569662071108,17.46,13.28,17.46,12.07,15.370000000000001,4.1800000000000015,17.46,13.28,0.84,3.33,0.55,1010.77,12.18,6.0,0.73,partly-cloudy-day,rain,0,0,0,7,191,28
ACORN-F,2012-07-10,48,648.208333333333,7.81819530870769,18.75,12.07,18.75,10.04,15.41,6.68,18.75,12.07,0.79,4.03,0.48,1010.87,13.0,6.0,0.76,partly-cloudy-day,rain,0,1,0,7,192,28
ACORN-F,2012-07-11,48,651.0,7.66628394166464,18.67,10.04,18.67,13.15,14.355,8.630000000000003,18.67,10.04,0.8,3.27,0.5,1012.07,12.34,6.0,0.79,partly-cloudy-day,rain,0,2,0,7,193,28
ACORN-F,2012-07-12,48,657.354166666667,7.73997833892316,19.26,14.21,19.26,13.66,16.735,5.050000000000001,19.26,14.21,0.83,4.59,0.58,1002.07,12.26,6.0,0.82,partly-cloudy-day,rain,0,3,0,7,194,28
ACORN-F,2012-07-13,48,662.020833333333,7.84945869606367,16.44,13.13,16.44,12.44,14.785,3.3100000000000005,16.44,13.13,0.88,1.68,0.63,1004.61,11.91,5.0,0.85,partly-cloudy-day,rain,0,4,0,7,195,28
ACORN-F,2012-07-14,48,664.375,8.31611518297145,18.26,12.44,18.26,13.05,15.350000000000001,5.820000000000002,18.26,12.44,0.69,3.45,0.39,1015.16,11.97,6.0,0.88,partly-cloudy-day,rain,0,5,1,7,196,28
ACORN-F,2012-07-15,48,665.0,8.31692330451128,17.06,13.05,16.94,13.92,15.055,4.009999999999998,17.15,13.05,0.85,5.27,0.68,1019.8,12.21,5.0,0.91,partly-cloudy-day,rain,0,6,1,7,197,28
ACORN-F,2012-07-16,48,665.0,8.05797293308271,22.44,13.92,22.44,14.91,18.18,8.520000000000001,22.48,13.92,0.77,4.9,0.55,1022.06,12.81,5.0,0.94,partly-cloudy-day,rain,0,0,0,7,198,29
ACORN-F,2012-07-17,48,664.6875,7.64346415805615,18.52,14.91,18.52,13.77,16.715,3.6099999999999994,18.52,14.91,0.85,5.3,0.72,1013.52,12.47,5.0,0.97,partly-cloudy-day,rain,0,1,0,7,199,29
ACORN-F,2012-07-18,48,665.0,7.85271879819549,20.18,13.77,20.18,13.12,16.975,6.41,20.18,13.77,0.73,4.41,0.48,1010.4,12.96,6.0,0.01,partly-cloudy-day,rain,0,2,0,7,200,29
ACORN-F,2012-07-19,48,664.5625,7.70686796877178,17.77,13.12,17.77,11.83,15.445,4.65,17.77,13.12,0.79,1.52,0.54,1016.21,12.18,5.0,0.04,partly-cloudy-day,rain,0,3,0,7,201,29
ACORN-F,2012-07-20,48,664.895833333333,7.81318875411224,19.89,11.83,19.89,12.24,15.86,8.06,19.89,11.83,0.7,0.9,0.36,1023.63,12.5,6.0,0.07,partly-cloudy-day,rain,0,4,0,7,202,29
ACORN-F,2012-07-21,48,664.541666666667,7.71858050140298,22.86,12.24,22.86,12.47,17.55,10.62,22.86,12.24,0.66,3.0,0.22,1026.73,12.6,6.0,0.11,partly-cloudy-day,rain,0,5,1,7,203,29
ACORN-F,2012-07-22,48,664.979166666667,7.80218708865658,27.18,12.47,27.18,14.21,19.825,14.709999999999999,27.18,12.47,0.58,3.21,0.19,1023.04,12.71,6.0,0.14,partly-cloudy-day,rain,0,6,1,7,204,29
ACORN-F,2012-07-23,48,664.958333333333,7.4753417261473,28.32,14.21,28.32,15.74,21.265,14.11,28.32,14.21,0.58,0.87,0.02,1018.25,12.31,7.0,0.18,clear-day,rain,0,0,0,7,205,30
ACORN-F,2012-07-24,48,663.979166666667,7.5193260543962,29.37,15.74,29.37,15.93,22.555,13.63,29.37,15.74,0.57,0.81,0.2,1016.59,12.31,6.0,0.22,partly-cloudy-day,rain,0,1,0,7,206,30
ACORN-F,2012-07-25,48,664.208333333333,7.65545207961722,26.44,15.93,26.44,15.93,21.185000000000002,10.510000000000002,26.44,15.93,0.61,2.8,0.12,1018.08,11.7,6.0,0.26,partly-cloudy-day,rain,0,2,0,7,207,30
ACORN-F,2012-07-26,48,664.895833333333,7.64856288819051,23.79,15.93,23.79,15.02,19.86,7.859999999999999,23.79,16.01,0.75,1.48,0.36,1012.66,9.75,5.0,0.29,partly-cloudy-night,rain,0,3,0,7,208,30
ACORN-F,2012-07-27,48,665.0,7.79404811909774,21.09,14.93,21.09,10.97,18.009999999999998,6.16,21.09,14.93,0.55,2.52,0.44,1010.56,13.26,6.0,0.33,partly-cloudy-day,rain,0,4,0,7,209,30
ACORN-F,2012-07-28,48,665.0,7.7993398487218,17.92,10.97,17.92,9.86,14.445,6.950000000000001,17.92,10.97,0.75,3.53,0.3,1011.76,12.97,5.0,0.37,partly-cloudy-day,rain,0,5,1,7,210,30
ACORN-F,2012-07-29,48,665.0,8.22997894631579,19.69,9.86,19.69,11.52,14.775,9.830000000000002,19.69,8.53,0.65,4.22,0.31,1015.19,12.92,5.0,0.41,partly-cloudy-day,rain,0,6,1,7,211,30
ACORN-F,2012-07-30,48,665.0,7.6897233087218,20.19,11.52,20.19,13.69,15.855,8.670000000000002,20.19,11.52,0.84,3.03,0.53,1014.62,11.57,5.0,0.44,partly-cloudy-day,rain,0,0,0,7,212,31
ACORN-F,2012-07-31,48,663.958333333333,7.80943868418766,22.57,13.69,22.57,15.61,18.13,8.88,22.57,13.69,0.79,3.24,0.41,1009.58,11.3,5.0,0.48,partly-cloudy-day,rain,0,1,0,7,213,31
ACORN-F,2012-08-01,48,664.958333333333,7.54261486945282,21.29,15.61,21.29,13.09,18.45,5.68,21.29,15.61,0.74,4.71,0.45,1010.31,12.63,4.0,0.52,partly-cloudy-day,rain,0,2,0,8,214,31
ACORN-F,2012-08-02,48,664.854166666667,7.39867181190849,21.77,13.09,21.77,14.36,17.43,8.68,21.77,13.09,0.73,4.37,0.33,1012.49,12.63,5.0,0.55,partly-cloudy-day,rain,0,3,0,8,215,31
ACORN-F,2012-08-03,48,665.0,7.45797142902256,21.04,14.36,21.04,12.98,17.7,6.68,21.04,14.36,0.77,3.97,0.41,1010.03,12.89,5.0,0.58,partly-cloudy-day,rain,0,4,0,8,216,31
ACORN-F,2012-08-04,48,664.833333333333,7.56464745042326,20.69,12.98,20.69,14.77,16.835,7.710000000000001,20.69,12.98,0.79,2.23,0.34,1007.24,11.99,5.0,0.62,partly-cloudy-day,rain,0,5,1,8,217,31
ACORN-F,2012-08-05,48,664.75,8.09897447944596,20.95,14.77,20.95,11.49,17.86,6.18,20.95,14.77,0.77,3.26,0.41,1009.08,12.78,5.0,0.65,partly-cloudy-day,rain,0,6,1,8,218,31
ACORN-F,2012-08-06,48,665.0,7.68518496120301,19.32,11.49,19.32,14.84,15.405000000000001,7.83,19.32,11.49,0.78,3.83,0.46,1019.52,12.89,5.0,0.68,partly-cloudy-day,rain,0,0,0,8,219,32
ACORN-F,2012-08-07,48,664.833333333333,7.68255333829164,22.8,15.03,22.8,13.33,18.915,7.770000000000001,22.8,15.03,0.77,1.73,0.54,1022.61,11.43,4.0,0.71,partly-cloudy-day,rain,0,1,0,8,220,32
ACORN-F,2012-08-08,48,665.0,7.49018345954887,25.92,13.33,25.92,14.5,19.625,12.590000000000002,25.92,13.33,0.69,0.52,0.27,1025.62,11.47,5.0,0.74,partly-cloudy-day,rain,0,2,0,8,221,32
ACORN-F,2012-08-09,48,665.0,7.60315037473684,24.99,14.5,24.99,15.21,19.744999999999997,10.489999999999998,24.99,14.5,0.7,0.55,0.23,1026.05,11.7,5.0,0.77,partly-cloudy-day,rain,0,3,0,8,222,32
ACORN-F,2012-08-10,48,665.0,7.48035939759399,22.91,15.21,22.91,16.03,19.060000000000002,7.699999999999999,22.91,15.21,0.67,4.3,0.24,1020.96,11.97,5.0,0.8,partly-cloudy-day,rain,0,4,0,8,223,32
ACORN-F,2012-08-11,48,665.0,7.43800150330827,25.13,16.03,25.13,15.26,20.58,9.099999999999998,25.13,16.03,0.7,2.43,0.24,1012.34,11.18,5.0,0.83,partly-cloudy-day,rain,0,5,1,8,224,32
ACORN-F,2012-08-12,48,664.0,7.98719523652023,22.68,15.26,22.68,17.62,18.97,7.42,22.68,15.26,0.79,2.92,0.42,1011.16,12.04,4.0,0.86,partly-cloudy-day,rain,0,6,1,8,225,32
ACORN-F,2012-08-13,48,664.916666666667,7.58283348914055,23.97,17.62,23.97,17.87,20.795,6.349999999999998,23.97,17.81,0.75,2.31,0.44,1011.08,11.8,5.0,0.89,partly-cloudy-day,rain,0,0,0,8,226,33
ACORN-F,2012-08-14,48,663.895833333333,7.44999944934224,22.57,17.38,22.57,16.02,19.975,5.190000000000001,22.79,17.38,0.77,2.67,0.26,1006.5,11.96,5.0,0.92,partly-cloudy-day,rain,0,1,0,8,227,33
ACORN-F,2012-08-15,48,664.9375,7.62185002705279,21.67,16.02,21.67,17.92,18.845,5.650000000000002,21.67,16.02,0.71,4.22,0.42,1014.08,12.84,4.0,0.95,partly-cloudy-day,rain,0,2,0,8,228,33
ACORN-F,2012-08-16,48,665.0,7.70947969954887,27.23,17.92,27.23,20.54,22.575000000000003,9.309999999999999,27.23,17.92,0.63,3.71,0.45,1013.84,13.08,4.0,0.98,partly-cloudy-day,rain,0,3,0,8,229,33
ACORN-F,2012-08-17,48,663.020833333333,7.49230209048238,29.86,20.54,29.86,17.97,25.2,9.32,30.6,20.54,0.59,2.17,0.23,1013.75,12.87,5.0,0.03,partly-cloudy-day,rain,0,4,0,8,230,33
ACORN-F,2012-08-18,48,663.833333333333,7.81824553447478,28.88,17.97,28.88,16.96,23.424999999999997,10.91,29.5,18.33,0.72,0.76,0.21,1015.16,12.28,4.0,0.06,partly-cloudy-day,rain,0,5,1,8,231,33
ACORN-F,2012-08-19,48,664.979166666667,8.29778015913217,24.54,16.96,24.54,16.27,20.75,7.579999999999998,24.54,17.05,0.75,2.78,0.34,1019.31,12.5,4.0,0.1,partly-cloudy-day,rain,0,6,1,8,232,33
ACORN-F,2012-08-20,48,664.020833333333,7.8939857598811,22.09,16.27,22.09,13.16,19.18,5.82,22.09,16.36,0.75,2.54,0.34,1017.69,12.52,4.0,0.13,partly-cloudy-day,rain,0,0,0,8,233,34
ACORN-F,2012-08-21,48,663.895833333333,7.61443908531935,21.48,13.16,21.48,12.96,17.32,8.32,21.48,13.16,0.72,4.6,0.34,1017.28,12.87,4.0,0.17,partly-cloudy-day,rain,0,1,0,8,234,34
ACORN-F,2012-08-22,48,664.583333333333,7.50516118907439,22.04,12.96,22.04,14.07,17.5,9.079999999999998,22.04,12.96,0.7,2.6,0.37,1014.56,12.83,4.0,0.21,partly-cloudy-day,rain,0,2,0,8,235,34
ACORN-F,2012-08-23,48,664.9375,7.4733312103564,20.27,14.07,20.27,15.58,17.17,6.199999999999999,20.27,14.07,0.76,2.88,0.44,1005.28,12.34,4.0,0.25,partly-cloudy-day,rain,0,3,0,8,236,34
ACORN-F,2012-08-24,48,664.916666666667,7.6870241332688,20.93,15.04,20.93,14.26,17.985,5.890000000000001,20.93,15.04,0.88,3.94,0.52,1001.05,12.3,4.0,0.28,partly-cloudy-day,rain,0,4,0,8,237,34
ACORN-F,2012-08-25,48,663.8125,7.79732804055141,21.01,14.26,21.01,12.62,17.635,6.750000000000002,21.01,14.26,0.69,4.39,0.51,1014.38,13.2,4.0,0.32,partly-cloudy-day,rain,0,5,1,8,238,34
ACORN-F,2012-08-26,48,664.979166666667,7.74202772941186,20.99,12.62,20.99,14.97,16.805,8.37,20.99,12.62,0.75,3.82,0.32,1014.33,12.46,4.0,0.36,partly-cloudy-day,rain,0,6,1,8,239,34
ACORN-F,2012-08-27,48,664.770833333333,7.93656637722138,22.5,14.97,22.5,14.74,18.735,7.529999999999999,22.5,14.97,0.75,4.17,0.39,1012.79,12.63,4.0,0.39,partly-cloudy-day,rain,1,0,0,8,240,35
ACORN-F,2012-08-28,48,662.875,7.61127128385652,19.69,13.66,19.69,14.09,16.675,6.030000000000001,19.69,13.66,0.85,4.15,0.36,1012.74,11.84,3.0,0.43,partly-cloudy-day,rain,0,1,0,8,241,35
ACORN-F,2012-08-29,48,661.958333333333,7.87713592259611,16.92,11.25,16.92,7.78,14.085,5.670000000000002,16.92,11.25,0.8,2.65,0.4,1016.19,12.33,3.0,0.46,partly-cloudy-day,rain,0,2,0,8,242,35
ACORN-F,2012-08-30,48,663.708333333333,7.91188862784794,17.72,7.78,17.72,13.11,12.75,9.939999999999998,17.72,5.92,0.6,3.21,0.33,1028.62,13.02,4.0,0.49,partly-cloudy-day,rain,0,3,0,8,243,35
ACORN-F,2012-08-31,48,663.854166666667,7.63220364702686,20.53,13.11,20.53,12.57,16.82,7.420000000000002,20.53,13.11,0.72,2.53,0.55,1026.14,13.15,3.0,0.54,partly-cloudy-day,rain,0,4,0,8,244,35
ACORN-F,2012-09-01,48,663.9375,7.8167968761871,18.35,12.57,18.35,15.69,15.46,5.780000000000001,18.37,12.57,0.87,3.11,0.56,1024.58,12.07,3.0,0.57,partly-cloudy-day,rain,0,5,1,9,245,35
ACORN-F,2012-09-02,48,662.5625,8.52907370734601,24.34,15.69,24.34,13.71,20.015,8.65,24.34,15.69,0.72,1.15,0.5,1025.68,10.48,3.0,0.6,partly-cloudy-day,rain,0,6,1,9,246,35
ACORN-F,2012-09-03,48,663.979166666667,7.86752336767636,24.79,13.71,24.79,12.07,19.25,11.079999999999998,24.79,13.71,0.77,1.9,0.42,1023.55,11.41,3.0,0.63,partly-cloudy-day,rain,0,0,0,9,247,36
ACORN-F,2012-09-04,48,665.708333333333,7.81415603485107,19.97,12.07,19.97,8.67,16.02,7.899999999999999,19.97,12.07,0.6,3.26,0.27,1026.74,12.5,3.0,0.66,partly-cloudy-day,rain,1,1,0,9,248,36
ACORN-F,2012-09-05,48,665.020833333333,7.60572255548646,20.76,8.67,20.76,11.46,14.715,12.090000000000002,20.76,8.67,0.67,1.88,0.46,1028.3,12.41,3.0,0.69,partly-cloudy-day,rain,0,2,0,9,249,36
ACORN-F,2012-09-06,48,663.979166666667,7.50317667112926,25.76,11.46,25.76,10.41,18.61,14.3,25.76,11.46,0.63,2.97,0.18,1024.47,11.75,3.0,0.72,partly-cloudy-day,rain,0,3,0,9,250,36
ACORN-F,2012-09-07,48,665.895833333333,7.5020489797867,27.12,10.41,27.12,11.32,18.765,16.71,27.12,10.41,0.62,1.39,0.14,1020.6,12.36,4.0,0.75,partly-cloudy-day,rain,0,4,0,9,251,36
ACORN-F,2012-09-08,48,665.4375,7.75505965708054,27.78,11.32,27.78,16.93,19.55,16.46,27.78,11.32,0.67,2.97,0.22,1011.85,12.2,3.0,0.78,partly-cloudy-day,rain,0,5,1,9,252,36
ACORN-F,2012-09-09,48,665.9375,8.19095838831561,20.21,16.93,20.21,14.77,18.57,3.280000000000001,20.21,16.93,0.78,5.69,0.59,1010.15,12.65,3.0,0.81,partly-cloudy-day,rain,0,6,1,9,253,36
ACORN-F,2012-09-10,48,665.8125,7.81055830431755,17.82,11.73,17.82,8.24,14.775,6.09,17.82,11.73,0.62,4.84,0.37,1012.33,13.18,3.0,0.84,partly-cloudy-day,rain,0,0,0,9,254,37
ACORN-F,2012-09-11,48,665.9375,7.6346675633523,17.92,8.24,17.92,8.62,13.080000000000002,9.680000000000001,17.92,6.77,0.72,3.93,0.34,1014.64,13.16,3.0,0.87,partly-cloudy-day,rain,0,1,0,9,255,37
ACORN-F,2012-09-12,48,666.0,7.62347447432432,17.64,8.62,17.64,13.61,13.129999999999999,9.020000000000001,17.64,7.17,0.68,2.92,0.37,1018.75,12.96,3.0,0.9,partly-cloudy-day,rain,0,2,0,9,256,37
ACORN-F,2012-09-13,48,666.0,7.64511411261261,20.69,13.61,20.69,9.69,17.15,7.080000000000002,20.69,13.61,0.68,5.42,0.56,1013.51,13.31,3.0,0.94,wind,rain,0,3,0,9,257,37
ACORN-F,2012-09-14,48,665.9375,7.73215105948294,21.12,9.69,21.12,12.98,15.405000000000001,11.430000000000001,21.12,8.97,0.7,2.87,0.22,1017.25,12.92,3.0,0.97,partly-cloudy-day,rain,0,4,0,9,258,37
ACORN-F,2012-09-15,48,665.958333333333,7.83029845885298,18.31,12.98,18.31,13.29,15.645,5.329999999999998,18.31,12.98,0.76,3.88,0.66,1013.26,12.55,2.0,0.02,partly-cloudy-day,rain,0,5,1,9,259,37
ACORN-F,2012-09-16,48,665.979166666667,8.44091580331572,18.72,13.29,18.72,11.43,16.005,5.43,18.72,13.29,0.71,4.04,0.55,1012.36,13.07,3.0,0.05,partly-cloudy-day,rain,0,6,1,9,260,37
ACORN-F,2012-09-17,48,665.958333333333,7.8697724528818,17.19,10.97,17.19,7.35,14.080000000000002,6.220000000000001,17.19,10.97,0.64,4.39,0.28,1013.39,13.02,3.0,0.08,partly-cloudy-day,rain,0,0,0,9,261,38
ACORN-F,2012-09-18,48,666.0,7.94526876966967,16.3,7.35,16.3,9.07,11.825,8.950000000000001,16.3,5.17,0.63,3.65,0.27,1021.81,12.99,3.0,0.12,partly-cloudy-day,rain,0,1,0,9,262,38
ACORN-F,2012-09-19,48,665.625,7.90062455140035,17.38,9.07,17.38,10.34,13.225,8.309999999999999,17.38,8.07,0.7,3.17,0.45,1020.9,13.0,2.0,0.16,partly-cloudy-day,rain,0,2,0,9,263,38
ACORN-F,2012-09-20,48,665.916666666667,7.92782206950274,16.32,10.34,16.32,6.59,13.33,5.98,16.32,10.34,0.76,1.47,0.43,1015.46,12.54,2.0,0.2,partly-cloudy-day,rain,0,3,0,9,264,38
ACORN-F,2012-09-21,48,665.979166666667,8.06067737150647,15.62,6.59,15.62,8.85,11.105,9.03,15.62,5.43,0.69,1.98,0.28,1019.37,12.97,2.0,0.23,partly-cloudy-day,rain,0,4,0,9,265,38
ACORN-F,2012-09-22,48,665.979166666667,8.42032846636388,12.31,8.85,12.31,10.96,10.58,3.460000000000001,12.31,7.69,0.86,4.46,0.48,1009.6,10.62,2.0,0.27,fog,rain,0,5,1,9,266,38
ACORN-F,2012-09-23,48,665.979166666667,9.55269212084649,15.2,11.51,15.2,9.74,13.355,3.6899999999999995,15.2,11.51,0.88,2.53,0.66,989.47,8.1,2.0,0.31,wind,rain,0,6,1,9,267,38
ACORN-F,2012-09-24,48,665.979166666667,8.7125614176624,15.47,9.74,15.47,10.07,12.605,5.73,15.47,7.49,0.78,4.92,0.28,988.79,13.13,2.0,0.34,partly-cloudy-day,rain,0,0,0,9,268,39
ACORN-F,2012-09-25,48,665.75,8.41758895421256,15.14,10.07,15.14,10.57,12.605,5.07,15.14,10.07,0.88,2.57,0.39,992.07,12.44,2.0,0.38,partly-cloudy-day,rain,0,1,0,9,269,39
ACORN-F,2012-09-26,48,665.895833333333,8.47962461398695,16.61,10.57,16.61,9.03,13.59,6.039999999999999,16.61,10.57,0.82,2.17,0.48,1006.39,11.41,2.0,0.41,partly-cloudy-day,rain,0,2,0,9,270,39
ACORN-F,2012-09-27,48,665.979166666667,8.4628667989765,17.07,9.03,17.07,8.74,13.05,8.040000000000001,17.07,7.44,0.85,4.08,0.39,1012.91,12.84,2.0,0.45,partly-cloudy-day,rain,0,3,0,9,271,39
ACORN-F,2012-09-28,48,666.0,8.3808528512012,15.83,8.71,15.83,6.42,12.27,7.119999999999999,15.83,6.9,0.75,3.36,0.17,1017.85,13.21,2.0,0.48,partly-cloudy-day,rain,0,4,0,9,272,39
ACORN-F,2012-09-29,48,665.8125,8.7540980886202,16.46,6.42,16.46,13.66,11.440000000000001,10.040000000000001,16.46,4.87,0.81,4.6,0.48,1019.0,13.15,2.0,0.52,partly-cloudy-day,rain,0,5,1,9,273,39
ACORN-F,2012-09-30,48,665.979166666667,9.53704427148773,16.24,12.37,16.24,10.87,14.305,3.869999999999999,16.24,12.37,0.89,4.57,0.61,1012.11,11.43,2.0,0.55,partly-cloudy-day,rain,0,6,1,9,274,39
ACORN-F,2012-10-01,48,666.395833333333,8.72875207351257,16.44,10.87,16.44,11.06,13.655000000000001,5.570000000000002,16.44,10.87,0.85,5.09,0.39,1010.12,12.55,2.0,0.58,partly-cloudy-day,rain,0,0,0,10,275,40
ACORN-F,2012-10-02,48,665.958333333333,8.64945580311517,14.34,9.35,14.34,7.19,11.844999999999999,4.99,14.34,7.78,0.8,4.65,0.36,1005.61,12.99,2.0,0.61,partly-cloudy-day,rain,0,1,0,10,276,40
ACORN-F,2012-10-03,48,666.958333333333,8.46590265903039,14.99,7.19,14.99,10.98,11.09,7.8,14.99,5.02,0.79,3.65,0.28,1008.02,12.79,2.0,0.63,partly-cloudy-day,rain,0,2,0,10,277,40
ACORN-F,2012-10-04,48,667.416666666667,8.51379094764429,15.6,9.16,15.49,7.61,12.379999999999999,6.4399999999999995,15.65,8.34,0.86,3.0,0.61,1006.96,10.11,2.0,0.66,wind,rain,0,3,0,10,278,40
ACORN-F,2012-10-05,48,668.958333333333,8.7792973883516,14.89,7.61,14.89,5.27,11.25,7.28,14.89,5.86,0.83,1.75,0.4,1012.51,11.06,2.0,0.69,partly-cloudy-day,rain,0,4,0,10,279,40
ACORN-F,2012-10-06,48,669.916666666667,8.96004799679205,13.64,5.27,13.64,9.49,9.455,8.370000000000001,13.64,5.17,0.87,0.4,0.25,1021.29,9.98,2.0,0.73,partly-cloudy-day,rain,0,5,1,10,280,40
ACORN-F,2012-10-07,48,669.979166666667,9.49112985893135,12.22,9.51,12.22,9.07,10.865,2.710000000000001,12.22,8.84,0.92,2.49,0.61,1015.27,7.84,1.0,0.76,partly-cloudy-day,rain,0,6,1,10,281,40
ACORN-F,2012-10-08,48,669.791666666667,9.19348263749325,14.23,9.07,14.23,7.04,11.65,5.16,14.23,7.73,0.82,2.66,0.58,1015.96,10.12,2.0,0.79,partly-cloudy-day,rain,0,0,0,10,282,41
ACORN-F,2012-10-09,48,669.979166666667,8.79824995039957,14.13,7.04,14.13,9.15,10.585,7.090000000000001,14.13,6.21,0.74,2.16,0.56,1015.24,13.21,2.0,0.82,partly-cloudy-day,rain,0,1,0,10,283,41
ACORN-F,2012-10-10,48,670.625,8.73557677825633,14.88,9.15,14.88,10.37,12.015,5.73,14.99,7.37,0.89,3.2,0.71,1004.43,8.69,1.0,0.85,partly-cloudy-day,rain,0,2,0,10,284,41
ACORN-F,2012-10-11,48,670.916666666667,9.12781866658741,14.72,8.51,13.99,6.47,11.615,6.210000000000001,14.73,7.12,0.75,5.42,0.48,1005.33,13.07,2.0,0.89,partly-cloudy-day,rain,0,3,0,10,285,41
ACORN-F,2012-10-12,48,670.958333333333,8.68690900300678,11.53,6.41,11.53,2.81,8.969999999999999,5.119999999999999,11.53,4.01,0.84,2.18,0.29,1004.92,12.94,2.0,0.92,partly-cloudy-day,rain,0,4,0,10,286,41
ACORN-F,2012-10-13,48,672.979166666667,9.09855201434232,12.32,2.81,12.32,4.09,7.565,9.51,12.32,1.64,0.8,2.36,0.2,1002.5,11.86,2.0,0.96,partly-cloudy-day,rain,0,5,1,10,287,41
ACORN-F,2012-10-14,48,672.020833333333,9.88272259484783,13.03,4.09,13.03,9.81,8.559999999999999,8.94,13.03,2.83,0.84,2.97,0.31,1002.67,12.17,1.0,0.99,partly-cloudy-day,rain,0,6,1,10,288,41
ACORN-F,2012-10-15,48,672.4375,9.30346106169065,14.74,9.06,14.74,8.8,11.9,5.68,14.74,7.15,0.74,5.37,0.39,1000.8,12.59,1.0,0.03,wind,rain,0,0,0,10,289,42
ACORN-F,2012-10-16,48,673.729166666667,8.90850515557405,16.6,8.8,16.6,12.15,12.700000000000001,7.800000000000001,16.6,7.41,0.82,4.66,0.42,998.22,12.2,1.0,0.07,partly-cloudy-day,rain,0,1,0,10,290,42
ACORN-F,2012-10-17,48,675.395833333333,8.84476967330448,16.04,12.15,16.04,11.98,14.094999999999999,3.889999999999999,16.04,12.15,0.85,4.18,0.44,1001.82,13.23,1.0,0.11,partly-cloudy-day,rain,0,2,0,10,291,42
ACORN-F,2012-10-18,48,673.458333333333,8.95317794380738,13.21,11.98,13.01,9.57,12.595,1.2300000000000004,13.21,11.98,0.95,0.51,0.66,1007.63,8.42,1.0,0.15,partly-cloudy-day,rain,0,3,0,10,292,42
ACORN-F,2012-10-19,48,675.979166666667,9.30473404955073,14.01,9.57,14.01,10.19,11.79,4.4399999999999995,14.01,8.9,0.91,0.86,0.61,1015.85,8.01,1.0,0.18,fog,rain,0,4,0,10,293,42
ACORN-F,2012-10-20,48,676.0,9.28581065118343,12.41,10.19,12.41,11.6,11.3,2.2200000000000006,12.41,10.19,0.94,3.37,0.69,1018.09,9.22,1.0,0.22,fog,rain,0,5,1,10,294,42
ACORN-F,2012-10-21,48,676.0,10.2001346150888,14.73,12.02,14.73,12.51,13.375,2.710000000000001,14.79,12.02,0.98,2.57,0.9,1019.88,1.48,1.0,0.26,fog,rain,0,6,1,10,295,42
ACORN-F,2012-10-22,48,675.3125,9.15668071511409,14.05,12.46,13.51,13.08,13.255,1.5899999999999999,14.05,12.46,0.96,2.3,0.88,1023.66,1.82,1.0,0.29,fog,rain,0,0,0,10,296,43
ACORN-F,2012-10-23,48,678.375,9.15794715971286,16.18,13.08,16.18,12.94,14.629999999999999,3.0999999999999996,16.18,13.08,0.92,3.45,0.74,1019.7,2.45,1.0,0.33,fog,rain,0,1,0,10,297,43
ACORN-F,2012-10-24,48,678.708333333333,8.92314919380667,13.61,10.09,13.28,8.5,11.85,3.5199999999999996,13.61,10.09,0.91,5.16,0.81,1016.51,7.9,1.0,0.36,partly-cloudy-day,rain,0,2,0,10,298,43
ACORN-F,2012-10-25,48,677.604166666667,9.21547495070005,10.11,4.19,8.96,2.49,7.15,5.919999999999999,10.11,-0.37,0.79,5.19,0.7,1012.84,12.33,1.0,0.4,partly-cloudy-day,rain,0,3,0,10,299,43
ACORN-F,2012-10-26,48,679.208333333333,9.74867733268062,7.68,2.49,7.68,1.43,5.085,5.1899999999999995,3.78,-2.56,0.79,5.79,0.39,1015.91,13.07,1.0,0.43,partly-cloudy-day,rain,0,4,0,10,300,43
ACORN-F,2012-10-27,48,680.958333333333,10.4704438609655,9.17,1.43,9.17,7.66,5.3,7.74,6.89,-0.94,0.88,3.13,0.42,1015.62,12.68,1.0,0.46,partly-cloudy-day,rain,0,5,1,10,301,43
ACORN-F,2012-10-28,48,680.895833333333,11.0259912237881,10.785,4.545,10.785,6.615,7.665000000000001,6.24,9.645,2.265,0.885,3.04,0.435,1012.165,12.585,1.0,0.475,partly-cloudy-day,rain,0,6,1,10,302,43
ACORN-F,2012-10-29,48,678.958333333333,9.85380810098218,12.4,7.66,12.4,5.57,10.030000000000001,4.74,12.4,5.47,0.89,2.95,0.45,1008.71,12.49,1.0,0.49,partly-cloudy-day,rain,0,0,0,10,303,44
ACORN-F,2012-10-30,48,679.895833333333,9.77530639745698,10.92,5.57,10.92,6.45,8.245000000000001,5.35,10.92,3.44,0.84,2.37,0.45,1004.48,11.25,1.0,0.52,partly-cloudy-day,rain,0,1,0,10,304,44
ACORN-F,2012-10-31,48,679.916666666667,9.60560413826165,12.36,6.45,12.36,6.85,9.405,5.909999999999999,12.36,4.43,0.79,5.32,0.49,989.93,12.99,1.0,0.55,partly-cloudy-day,rain,0,2,0,10,305,44
ACORN-F,2012-11-01,48,679.3125,9.69536187161346,11.46,4.2,9.42,4.2,7.83,7.260000000000001,11.46,0.85,0.85,4.07,0.44,979.63,12.54,1.0,0.58,partly-cloudy-day,rain,0,3,0,11,306,44
ACORN-F,2012-11-02,48,679.875,9.98637970356168,9.78,4.61,9.78,3.22,7.195,5.169999999999999,6.88,1.81,0.77,4.31,0.23,991.25,12.96,1.0,0.61,partly-cloudy-day,rain,0,4,0,11,307,44
ACORN-F,2012-11-03,48,678.520833333333,10.3991167281885,9.45,3.22,9.45,2.96,6.335,6.229999999999999,6.47,1.56,0.79,3.16,0.25,996.52,12.71,1.0,0.64,partly-cloudy-day,rain,0,5,1,11,308,44
ACORN-F,2012-11-04,48,679.9375,11.2705693980534,8.67,2.96,8.67,2.94,5.8149999999999995,5.71,7.03,1.18,0.92,0.59,0.59,994.21,9.99,1.0,0.67,partly-cloudy-day,rain,0,6,1,11,309,44
ACORN-F,2012-11-05,48,679.979166666667,10.098133126244,9.19,2.94,9.19,0.92,6.0649999999999995,6.25,7.08,2.62,0.83,2.09,0.41,1006.26,9.08,1.0,0.7,partly-cloudy-day,rain,0,0,0,11,310,45
ACORN-F,2012-11-06,48,678.041666666667,10.2197474863096,9.67,0.92,9.67,4.97,5.295,8.75,7.17,-1.72,0.87,3.58,0.33,1020.29,10.41,1.0,0.74,partly-cloudy-night,rain,0,1,0,11,311,45
ACORN-F,2012-11-07,48,678.729166666667,10.1026642416042,9.93,4.97,9.93,7.81,7.449999999999999,4.96,7.64,2.35,0.86,4.2,0.47,1024.32,12.67,1.0,0.77,partly-cloudy-night,rain,0,2,0,11,312,45
ACORN-F,2012-11-08,48,675.083333333333,9.77226674170098,12.34,7.81,12.34,8.13,10.075,4.53,12.34,5.13,0.78,3.72,0.64,1019.18,13.36,1.0,0.8,partly-cloudy-day,rain,0,3,0,11,313,45
ACORN-F,2012-11-09,48,680.270833333333,9.92474770480307,11.27,8.13,11.27,8.8,9.7,3.139999999999999,11.27,6.7,0.8,3.17,0.7,1010.05,13.37,1.0,0.84,partly-cloudy-day,rain,0,4,0,11,314,45
ACORN-F,2012-11-10,48,680.020833333333,10.256899855022,10.31,5.2,9.78,2.1,7.755000000000001,5.11,10.31,3.38,0.91,2.38,0.49,997.84,11.78,1.0,0.87,partly-cloudy-day,rain,0,5,1,11,315,45
ACORN-F,2012-11-11,48,680.979166666667,10.9689714805301,9.87,2.1,9.87,4.52,5.984999999999999,7.77,8.39,0.46,0.88,1.98,0.22,1011.6,10.32,1.0,0.91,partly-cloudy-night,rain,0,6,1,11,316,45
ACORN-F,2012-11-12,48,681.0,9.93665051248164,12.18,4.52,12.06,10.06,8.35,7.66,12.18,3.72,0.92,3.06,0.5,1020.98,10.04,1.0,0.95,partly-cloudy-day,rain,0,0,0,11,317,46
ACORN-F,2012-11-13,48,681.0,9.48787811967695,14.66,10.06,14.66,10.47,12.36,4.6,14.66,10.06,0.88,3.23,0.54,1026.29,11.49,1.0,0.98,partly-cloudy-night,rain,0,1,0,11,318,46
ACORN-F,2012-11-14,48,679.916666666667,9.5059925484257,12.62,7.33,12.62,6.64,9.975,5.289999999999999,12.62,7.08,0.86,1.86,0.55,1026.48,9.21,1.0,0.02,fog,rain,0,2,0,11,319,46
ACORN-F,2012-11-15,48,678.979166666667,9.91279451187321,9.07,6.45,9.07,5.91,7.76,2.62,9.07,5.43,0.92,0.62,0.71,1022.69,4.06,1.0,0.06,fog,rain,0,3,0,11,320,46
ACORN-F,2012-11-16,48,680.958333333333,9.98195137474043,9.19,5.91,9.11,8.94,7.55,3.2799999999999994,7.75,4.89,0.92,2.0,0.9,1014.76,3.48,1.0,0.1,fog,rain,0,4,0,11,321,46
ACORN-F,2012-11-17,48,680.9375,10.3263704597998,12.44,8.18,12.44,2.07,10.309999999999999,4.26,12.44,7.04,0.88,1.69,0.65,1007.72,9.32,1.0,0.13,partly-cloudy-day,rain,0,5,1,11,322,46
ACORN-F,2012-11-18,48,681.0,10.7957988274596,9.42,2.07,9.42,3.42,5.745,7.35,9.42,2.07,0.82,0.72,0.3,1014.66,12.57,1.0,0.17,partly-cloudy-night,rain,0,6,1,11,323,46
ACORN-F,2012-11-19,48,681.0,9.94792070572687,11.23,3.49,11.23,10.79,7.36,7.74,11.23,1.42,0.82,4.13,0.5,1011.21,12.38,1.0,0.21,partly-cloudy-day,rain,0,0,0,11,324,47
ACORN-F,2012-11-20,48,679.9375,9.79177474811836,13.46,10.88,13.46,9.73,12.170000000000002,2.58,13.46,10.88,0.9,5.74,0.76,1008.74,10.81,1.0,0.24,partly-cloudy-day,rain,0,1,0,11,325,47
ACORN-F,2012-11-21,48,680.5,9.95223672043109,11.87,6.06,10.8,6.06,8.965,5.81,11.87,3.42,0.91,2.82,0.45,1007.68,10.65,1.0,0.28,wind,rain,0,2,0,11,326,47
ACORN-F,2012-11-22,48,680.708333333333,9.8213351670213,13.09,6.56,13.09,6.02,9.825,6.53,13.09,4.09,0.81,7.58,0.54,1011.36,12.73,1.0,0.31,wind,rain,0,3,0,11,327,47
ACORN-F,2012-11-23,48,680.375,9.86788210984518,10.7,5.12,10.7,3.64,7.91,5.579999999999999,10.7,3.97,0.89,2.71,0.38,1011.69,11.46,1.0,0.34,partly-cloudy-day,rain,0,4,0,11,328,47
ACORN-F,2012-11-24,48,680.958333333333,10.7239350286687,9.91,3.64,9.36,7.46,6.775,6.27,7.11,2.99,0.97,3.43,0.58,1010.19,5.7,1.0,0.38,wind,rain,0,5,1,11,329,47
ACORN-F,2012-11-25,48,680.395833333333,10.8875566259361,12.54,7.46,10.92,7.68,10.0,5.079999999999999,12.54,2.87,0.81,6.54,0.54,1001.79,12.36,1.0,0.41,wind,rain,0,6,1,11,330,47
ACORN-F,2012-11-26,48,680.5625,10.1038179265775,10.69,7.17,9.52,7.17,8.93,3.5199999999999996,10.69,5.0,0.91,1.29,0.64,998.27,11.31,1.0,0.44,partly-cloudy-day,rain,0,0,0,11,331,48
ACORN-F,2012-11-27,48,679.6875,10.2739320841315,8.47,6.42,8.47,5.84,7.445,2.0500000000000007,6.07,3.08,0.9,3.98,0.72,1003.65,9.69,1.0,0.47,partly-cloudy-day,rain,0,1,0,11,332,48
ACORN-F,2012-11-28,48,680.895833333333,10.6339453825431,6.89,3.45,6.89,2.23,5.17,3.4399999999999995,3.34,-0.33,0.83,5.17,0.65,1012.91,13.2,1.0,0.5,partly-cloudy-day,rain,0,2,0,11,333,48
ACORN-F,2012-11-29,48,680.958333333333,10.8068883224067,5.84,1.63,5.84,-0.89,3.735,4.21,3.18,-1.39,0.83,3.2,0.36,1012.58,12.92,1.0,0.53,partly-cloudy-day,rain,0,3,0,11,334,48
ACORN-F,2012-11-30,48,681.0,11.1006960359765,4.37,-0.89,4.37,-1.35,1.74,5.26,2.52,-2.57,0.88,1.55,0.25,1011.91,10.01,1.0,0.56,partly-cloudy-night,rain,0,4,0,11,335,48
ACORN-F,2012-12-01,48,680.916666666667,11.8252327458595,5.73,-1.35,5.73,-1.55,2.1900000000000004,7.08,2.61,-4.31,0.88,2.68,0.31,1014.56,8.92,1.0,0.59,fog,rain,0,5,1,12,336,48
ACORN-F,2012-12-02,48,681.0,12.3552261406755,4.76,-1.55,4.76,1.77,1.605,6.31,2.71,-4.97,0.84,2.1,0.31,1016.35,12.81,1.0,0.62,partly-cloudy-night,rain,0,6,1,12,337,48
ACORN-F,2012-12-03,48,680.9375,10.8802657788182,10.22,2.94,10.22,2.33,6.58,7.280000000000001,10.22,0.57,0.87,3.55,0.58,1007.42,10.67,1.0,0.65,partly-cloudy-day,rain,0,0,0,12,338,49
ACORN-F,2012-12-04,48,680.0,10.8587125352098,7.73,1.21,7.73,-0.77,4.470000000000001,6.5200000000000005,4.36,-2.14,0.82,4.36,0.21,1003.4,12.89,1.0,0.68,partly-cloudy-day,rain,0,1,0,12,339,49
ACORN-F,2012-12-05,48,680.875,11.2178511013756,3.89,-0.77,3.89,-2.82,1.56,4.66,-0.07,-2.82,0.84,3.05,0.39,1008.05,11.14,1.0,0.71,partly-cloudy-day,rain,0,2,0,12,340,49
ACORN-F,2012-12-06,48,681.0,11.7294537443466,4.84,-2.82,4.13,2.99,1.01,7.66,0.37,-5.79,0.84,3.07,0.43,1013.58,12.55,1.0,0.75,partly-cloudy-night,rain,0,3,0,12,341,49
ACORN-F,2012-12-07,48,680.979166666667,11.4810174970288,6.33,2.97,6.33,3.9,4.65,3.36,2.12,-2.07,0.8,5.63,0.56,1001.72,12.84,1.0,0.78,partly-cloudy-night,rain,0,4,0,12,342,49
ACORN-F,2012-12-08,48,680.75,11.4040328823035,6.46,3.17,6.46,3.17,4.8149999999999995,3.29,4.69,0.01,0.83,2.14,0.52,1023.19,12.39,1.0,0.82,partly-cloudy-day,rain,0,5,1,12,343,49
ACORN-F,2012-12-09,48,680.875,12.0320093025466,8.66,3.86,8.66,3.21,6.26,4.800000000000001,5.37,0.49,0.8,5.44,0.53,1018.89,13.33,1.0,0.86,partly-cloudy-day,rain,0,6,1,12,344,49
ACORN-F,2012-12-10,48,681.0,11.0490190863436,5.59,1.55,5.59,-0.23,3.57,4.04,2.23,-1.04,0.79,3.93,0.27,1022.18,13.18,1.0,0.89,partly-cloudy-day,rain,0,0,0,12,345,50
ACORN-F,2012-12-11,48,641.8125,11.450379716391,2.7,-2.49,2.7,-3.83,0.10499999999999998,5.19,1.26,-2.49,0.89,1.67,0.29,1029.42,6.18,1.0,0.93,fog,snow,0,1,0,12,346,50
ACORN-F,2012-12-12,48,679.895833333333,11.8165729616679,1.8,-3.83,1.8,-1.35,-1.0150000000000001,5.63,1.8,-3.83,0.91,0.73,0.45,1020.51,6.49,1.0,0.97,partly-cloudy-day,snow,0,2,0,12,347,50
ACORN-F,2012-12-13,48,680.833333333333,11.793483122253,1.58,-1.35,1.58,0.82,0.11499999999999999,2.93,-1.1,-3.72,0.87,2.09,0.6,1005.66,6.78,1.0,0.01,fog,snow,0,3,0,12,348,50
ACORN-F,2012-12-14,48,681.0,11.5079353881057,10.34,1.93,10.34,7.54,6.135,8.41,10.34,-0.92,0.92,4.22,0.71,985.82,7.45,0.0,0.05,wind,rain,0,4,0,12,349,50
ACORN-F,2012-12-15,48,681.0,11.1770983864905,11.17,6.91,11.17,5.32,9.04,4.26,11.17,4.32,0.86,4.93,0.39,991.49,13.15,1.0,0.08,partly-cloudy-day,rain,0,5,1,12,350,50
ACORN-F,2012-12-16,48,680.9375,11.5222441568109,9.82,5.32,9.82,5.62,7.57,4.5,7.78,3.01,0.89,3.07,0.39,999.72,12.86,1.0,0.12,partly-cloudy-day,rain,0,6,1,12,351,50
ACORN-F,2012-12-17,48,680.875,10.6631287926494,9.1,5.62,9.1,5.04,7.359999999999999,3.4799999999999995,6.39,3.08,0.86,3.79,0.32,1001.69,12.71,1.0,0.15,partly-cloudy-night,rain,0,0,0,12,352,51
ACORN-F,2012-12-18,48,680.75,10.5559043456001,7.96,4.66,7.96,3.07,6.3100000000000005,3.3,7.12,2.47,0.86,2.17,0.62,1014.41,11.65,0.0,0.19,partly-cloudy-day,rain,0,1,0,12,353,51
ACORN-F,2012-12-19,48,680.6875,10.879535878705,7.44,3.07,7.44,6.44,5.255,4.370000000000001,4.49,0.96,0.92,4.02,0.52,1016.68,7.87,1.0,0.22,partly-cloudy-day,rain,0,2,0,12,354,51
ACORN-F,2012-12-20,48,679.604166666667,10.8806594565364,9.57,6.53,9.57,6.75,8.05,3.04,7.93,2.82,0.96,3.54,0.76,1002.52,8.96,0.0,0.26,partly-cloudy-day,rain,0,3,0,12,355,51
ACORN-F,2012-12-21,48,678.541666666667,10.5617596132573,9.69,6.3,9.69,6.04,7.994999999999999,3.3899999999999997,7.58,4.44,0.91,3.21,0.44,1009.54,12.15,1.0,0.29,partly-cloudy-day,rain,0,4,0,12,356,51
ACORN-F,2012-12-22,48,677.770833333333,11.2485831871309,13.07,6.04,13.07,12.34,9.555,7.03,13.07,4.44,0.96,3.91,0.67,1005.25,10.15,0.0,0.32,partly-cloudy-day,rain,0,5,1,12,357,51
ACORN-F,2012-12-23,48,677.958333333333,10.8900636646534,13.08,9.34,12.56,7.57,11.21,3.74,13.08,7.75,0.86,5.51,0.53,1003.59,12.73,1.0,0.35,partly-cloudy-day,rain,0,6,1,12,358,51
ACORN-F,2012-12-24,48,676.916666666667,10.7250568869068,12.3,7.57,12.3,7.25,9.935,4.73,12.3,5.49,0.91,4.28,0.61,999.12,10.85,1.0,0.38,wind,rain,0,0,0,12,359,52
ACORN-F,2012-12-25,48,677.895833333333,10.9482071962508,9.14,6.46,9.14,4.83,7.800000000000001,2.6800000000000006,6.49,3.86,0.89,4.39,0.56,995.66,13.07,1.0,0.41,partly-cloudy-day,rain,1,1,0,12,360,52
ACORN-F,2012-12-26,48,678.0,10.2987787603245,10.18,4.83,10.18,6.42,7.505,5.35,10.18,1.34,0.88,5.05,0.39,1004.15,12.94,1.0,0.44,partly-cloudy-day,rain,1,2,0,12,361,52
ACORN-F,2012-12-27,48,676.770833333333,10.6009868422141,7.97,6.42,7.97,5.45,7.195,1.5499999999999998,5.36,3.64,0.84,4.09,0.51,1005.46,12.46,1.0,0.47,partly-cloudy-night,rain,0,3,0,12,362,52
ACORN-F,2012-12-28,48,677.916666666667,10.68545813138,12.34,5.45,12.28,11.46,8.895,6.89,12.34,3.99,0.89,4.78,0.7,1016.76,11.46,0.0,0.51,wind,rain,0,4,0,12,363,52
ACORN-F,2012-12-29,48,677.666666666667,10.6515059736026,11.97,7.28,11.48,5.44,9.625,4.69,11.97,3.69,0.83,7.6,0.59,1004.18,12.5,0.0,0.53,wind,rain,0,5,1,12,364,52
ACORN-F,2012-12-30,48,677.854166666667,11.0149484915044,10.9,5.44,9.51,4.22,8.17,5.46,10.9,1.25,0.77,6.82,0.37,1009.95,13.2,1.0,0.56,wind,rain,0,6,1,12,365,52
ACORN-F,2012-12-31,48,677.0,10.6185549773113,9.24,4.22,7.49,3.31,6.73,5.0200000000000005,6.97,0.88,0.81,4.55,0.38,1007.65,13.15,1.0,0.6,partly-cloudy-night,rain,0,0,0,12,366,1
ACORN-F,2013-01-01,48,677.979166666667,10.8454803710359,7.49,3.31,5.76,4.42,5.4,4.18,4.38,0.23,0.82,4.0,0.43,1016.89,13.15,1.0,0.63,partly-cloudy-day,rain,1,1,0,1,1,1
ACORN-F,2013-01-02,48,677.729166666667,10.7101315365549,10.82,3.31,9.86,9.65,7.065,7.51,10.82,0.23,0.91,3.72,0.61,1023.12,11.35,1.0,0.66,partly-cloudy-night,rain,0,2,0,1,2,1
ACORN-F,2013-01-03,48,678.0,10.3265958682891,11.41,9.65,11.41,9.55,10.530000000000001,1.7599999999999998,11.41,7.07,0.91,4.36,0.66,1032.61,11.89,1.0,0.7,partly-cloudy-day,rain,0,3,0,1,3,1
ACORN-F,2013-01-04,48,678.0,10.4127787612094,10.79,8.17,10.17,8.07,9.48,2.619999999999999,10.79,5.7,0.85,4.28,0.83,1037.15,12.34,1.0,0.73,partly-cloudy-day,rain,1,4,0,1,4,1
ACORN-F,2013-01-05,48,676.979166666667,10.7091770209308,10.66,7.84,10.66,6.91,9.25,2.8200000000000003,10.66,5.76,0.92,3.15,0.72,1035.16,9.58,1.0,0.77,partly-cloudy-day,rain,0,5,1,1,5,1
ACORN-F,2013-01-06,48,676.854166666667,11.368108689128,8.61,6.91,7.97,7.1,7.76,1.6999999999999993,6.98,5.08,0.96,2.23,0.67,1032.19,5.5,1.0,0.8,fog,rain,0,6,1,1,6,1
ACORN-F,2013-01-07,48,677.958333333333,10.3492277197442,9.08,7.1,8.56,8.19,8.09,1.9800000000000004,7.31,5.24,0.92,3.27,0.84,1026.88,9.7,1.0,0.84,partly-cloudy-day,rain,0,0,0,1,7,2
ACORN-F,2013-01-08,48,678.0,10.0693392346608,11.23,9.02,11.23,8.46,10.125,2.210000000000001,11.23,6.9,0.87,3.71,0.76,1024.17,11.73,1.0,0.88,partly-cloudy-day,rain,0,1,0,1,8,2
ACORN-F,2013-01-09,48,676.666666666667,10.1914097789662,9.21,1.77,8.93,1.16,5.49,7.440000000000001,9.13,1.77,0.9,0.93,0.52,1021.19,8.64,1.0,0.92,partly-cloudy-day,rain,0,2,0,1,9,2
ACORN-F,2013-01-10,48,677.0,10.8155997062038,3.43,1.16,3.43,0.89,2.295,2.2700000000000005,2.36,-0.48,0.94,1.55,0.7,1015.8,5.21,1.0,0.95,partly-cloudy-day,rain,0,3,0,1,10,2
ACORN-F,2013-01-11,48,676.0,10.7234244921563,5.7,0.89,5.7,1.37,3.295,4.8100000000000005,5.7,-1.42,0.93,0.4,0.52,1017.62,5.7,1.0,0.99,partly-cloudy-day,rain,0,4,0,1,11,2
ACORN-F,2013-01-12,48,676.0,11.6031079859467,4.53,1.75,4.53,2.12,3.14,2.7800000000000002,0.07,-1.06,0.83,4.76,0.57,1012.97,10.03,1.0,0.03,partly-cloudy-day,rain,0,5,1,1,12,2
ACORN-F,2013-01-13,48,676.9375,12.1875409053608,3.48,1.04,2.88,-0.41,2.26,2.44,-0.09,-2.16,0.74,3.13,0.6,1018.81,12.46,1.0,0.07,partly-cloudy-day,rain,0,6,1,1,13,2
ACORN-F,2013-01-14,48,676.791666666667,11.6530715930233,2.94,-0.41,2.62,1.23,1.265,3.35,0.94,-3.4,0.88,2.08,0.59,1011.47,9.66,1.0,0.1,partly-cloudy-day,rain,0,0,0,1,14,3
ACORN-F,2013-01-15,48,677.0,11.6532200914328,2.38,-0.83,2.29,-2.18,0.7749999999999999,3.21,0.89,-3.16,0.85,3.28,0.58,1008.99,11.41,1.0,0.14,partly-cloudy-day,rain,0,1,0,1,15,3
ACORN-F,2013-01-16,48,676.916666666667,11.8167427043971,-0.06,-2.32,-0.06,-3.86,-1.19,2.26,-0.15,-4.7,0.91,0.93,0.48,1013.33,4.12,1.0,0.17,fog,snow,0,2,0,1,16,3
ACORN-F,2013-01-17,48,676.604166666667,11.9056285621918,2.88,-3.86,2.88,-1.44,-0.49,6.74,2.88,-3.86,0.83,1.01,0.31,1017.44,9.64,1.0,0.2,partly-cloudy-day,rain,0,3,0,1,17,3
ACORN-F,2013-01-18,48,676.708333333333,12.575484757928,1.33,-1.93,-0.81,-0.81,-0.29999999999999993,3.26,-2.04,-7.8,0.85,5.2,0.67,1004.05,6.41,1.0,0.23,fog,snow,0,4,0,1,18,3
ACORN-F,2013-01-19,48,676.979166666667,13.2549438909488,0.85,-0.65,0.85,-0.93,0.09999999999999998,1.5,-2.56,-5.37,0.86,4.16,0.84,997.28,7.53,1.0,0.26,partly-cloudy-day,snow,0,5,1,1,19,3
ACORN-F,2013-01-20,48,676.729166666667,13.4946010842738,0.08,-1.45,-0.21,-0.86,-0.6849999999999999,1.53,-0.46,-5.88,0.91,3.18,0.85,994.89,5.1,1.0,0.3,fog,snow,0,6,1,1,20,3
ACORN-F,2013-01-21,48,677.0,12.0973929118168,1.17,-1.98,1.17,-3.73,-0.405,3.15,1.08,-4.23,0.9,1.22,0.68,994.61,8.14,1.0,0.33,partly-cloudy-day,snow,0,0,0,1,21,4
ACORN-F,2013-01-22,48,675.0,12.1079064041915,2.82,-3.73,2.82,1.38,-0.45500000000000007,6.55,-1.43,-5.09,0.88,3.44,0.53,1001.55,6.31,1.0,0.36,fog,rain,0,1,0,1,22,4
ACORN-F,2013-01-23,48,674.979166666667,11.7844702239424,2.82,1.38,2.29,1.22,2.0999999999999996,1.44,-1.4,-2.47,0.82,4.23,0.75,1007.72,7.69,1.0,0.39,partly-cloudy-day,rain,0,2,0,1,23,4
ACORN-F,2013-01-24,48,674.020833333333,11.8284560105504,2.23,-0.11,2.23,-1.19,1.06,2.34,2.08,-2.49,0.79,2.07,0.8,1016.41,10.32,1.0,0.41,partly-cloudy-day,rain,0,3,0,1,24,4
ACORN-F,2013-01-25,48,675.854166666667,11.954278741225,2.98,-1.19,1.85,0.96,0.895,4.17,0.81,-4.07,0.8,3.2,0.74,1014.52,10.8,1.0,0.44,partly-cloudy-day,snow,0,4,0,1,25,4
ACORN-F,2013-01-26,48,675.916666666667,11.6924004509413,7.56,2.37,7.41,6.47,4.965,5.1899999999999995,4.69,-2.16,0.86,3.61,0.51,1006.45,10.27,1.0,0.47,wind,rain,0,5,1,1,26,4
ACORN-F,2013-01-27,48,675.020833333333,11.9237959141964,10.26,4.72,10.26,3.02,7.49,5.54,10.26,1.49,0.77,6.6,0.43,997.84,12.01,1.0,0.52,wind,rain,0,6,1,1,27,4
ACORN-F,2013-01-28,48,674.833333333333,11.1183086942479,10.54,3.02,9.34,9.34,6.779999999999999,7.52,10.54,-0.68,0.84,5.95,0.47,1005.47,11.91,1.0,0.54,wind,rain,0,0,0,1,28,5
ACORN-F,2013-01-29,48,674.479166666667,10.2971620995632,13.09,9.76,13.09,8.41,11.425,3.33,13.09,7.09,0.89,7.22,0.69,1003.25,10.88,1.0,0.57,wind,rain,0,1,0,1,29,5
ACORN-F,2013-01-30,48,675.8125,9.92521599524422,12.56,7.51,11.28,7.12,10.035,5.050000000000001,12.56,3.86,0.77,7.85,0.44,1006.93,11.88,1.0,0.61,wind,rain,0,2,0,1,30,5
ACORN-F,2013-01-31,48,674.041666666667,10.0345717583169,9.94,7.12,9.94,5.24,8.53,2.8199999999999994,6.38,3.29,0.74,7.3,0.35,1012.39,12.89,1.0,0.64,wind,rain,0,3,0,1,31,5
ACORN-F,2013-02-01,48,674.979166666667,10.3129260047838,8.03,4.16,7.33,2.9,6.095,3.869999999999999,5.33,2.49,0.85,2.83,0.49,1002.38,12.5,1.0,0.68,partly-cloudy-day,rain,0,4,0,2,32,5
ACORN-F,2013-02-02,48,675.979166666667,11.1038997683154,5.56,1.48,5.14,0.11,3.5199999999999996,4.08,1.9,-1.71,0.71,4.97,0.43,1015.47,13.42,1.0,0.71,partly-cloudy-day,rain,0,5,1,2,33,5
ACORN-F,2013-02-03,48,674.9375,11.7116506203535,9.12,0.11,8.78,8.43,4.614999999999999,9.01,6.66,-2.93,0.82,4.32,0.55,1018.69,13.12,1.0,0.75,partly-cloudy-day,rain,0,6,1,2,34,5
ACORN-F,2013-02-04,48,675.854166666667,10.2444798585849,10.2,6.48,10.16,2.16,8.34,3.719999999999999,10.2,2.41,0.71,6.82,0.5,1012.2,13.0,1.0,0.79,wind,rain,0,0,0,2,35,6
ACORN-F,2013-02-05,48,675.833333333333,10.67891729197,6.44,2.16,5.36,3.48,4.300000000000001,4.28,2.38,-2.91,0.73,7.3,0.48,1000.03,12.84,1.0,0.83,partly-cloudy-day,rain,0,1,0,2,36,6
ACORN-F,2013-02-06,48,675.958333333333,10.9806430145525,6.16,2.86,5.67,1.24,4.51,3.3000000000000003,2.56,-1.46,0.75,6.04,0.61,1006.64,13.23,1.0,0.86,partly-cloudy-day,rain,0,2,0,2,37,6
ACORN-F,2013-02-07,48,675.916666666667,11.1338687742885,5.53,1.24,5.53,0.81,3.3850000000000002,4.29,2.42,-2.68,0.71,3.57,0.39,1017.82,12.49,1.0,0.9,partly-cloudy-day,rain,0,3,0,2,38,6
ACORN-F,2013-02-08,48,675.958333333333,10.8501600440991,5.59,0.81,5.59,1.58,3.2,4.779999999999999,2.73,-2.13,0.78,3.08,0.41,1019.29,10.54,1.0,0.94,partly-cloudy-day,rain,0,4,0,2,39,6
ACORN-F,2013-02-09,48,674.895833333333,11.4304609060633,3.68,1.58,3.68,3.01,2.63,2.1,2.1,-0.57,0.86,0.68,0.7,1018.79,10.38,1.0,0.97,partly-cloudy-day,rain,0,5,1,2,40,6
ACORN-F,2013-02-10,48,675.229166666667,12.2748523344909,4.73,1.06,4.73,0.55,2.8950000000000005,3.6700000000000004,1.58,-4.17,0.93,4.86,0.84,999.65,7.07,1.0,0.02,partly-cloudy-day,rain,0,6,1,2,41,6
ACORN-F,2013-02-11,48,674.666666666667,11.399679145167,1.88,0.55,1.88,1.22,1.2149999999999999,1.3299999999999998,-1.66,-3.92,0.93,3.36,0.87,999.17,4.36,1.0,0.05,partly-cloudy-day,rain,0,0,0,2,42,7
ACORN-F,2013-02-12,48,674.979166666667,11.1117903914865,2.24,1.14,2.24,0.6,1.69,1.1000000000000003,-0.19,-2.29,0.76,2.87,0.86,1015.13,7.32,1.0,0.08,partly-cloudy-day,rain,0,1,0,2,43,7
ACORN-F,2013-02-13,48,674.020833333333,11.2701980745416,3.09,0.6,2.35,1.39,1.845,2.4899999999999998,1.23,-3.18,0.73,3.48,0.68,1021.27,6.92,1.0,0.11,partly-cloudy-day,rain,0,2,0,2,44,7
ACORN-F,2013-02-14,48,674.979166666667,10.5252057105179,10.59,4.07,10.59,2.27,7.33,6.52,10.59,-0.11,0.81,2.96,0.55,1011.45,10.56,1.0,0.15,partly-cloudy-day,rain,0,3,0,2,45,7
ACORN-F,2013-02-15,48,674.020833333333,10.2513056434171,9.76,2.27,9.76,4.7,6.015,7.49,7.75,-0.06,0.77,2.49,0.41,1019.7,13.04,1.0,0.18,partly-cloudy-day,rain,0,4,0,2,46,7
ACORN-F,2013-02-16,48,674.0,10.4963234405045,10.13,3.7,10.13,2.16,6.915000000000001,6.430000000000001,10.13,3.7,0.7,1.11,0.48,1023.52,12.97,1.0,0.21,partly-cloudy-day,rain,0,5,1,2,47,7
ACORN-F,2013-02-17,48,673.020833333333,10.7767082730396,9.49,2.16,9.49,2.02,5.825,7.33,7.33,0.27,0.84,2.79,0.33,1021.74,7.26,1.0,0.24,partly-cloudy-night,rain,0,6,1,2,48,7
ACORN-F,2013-02-18,48,672.916666666667,10.3588115291435,7.65,1.16,7.65,-1.43,4.405,6.49,5.22,-0.63,0.83,2.86,0.33,1020.42,7.23,1.0,0.27,fog,rain,0,0,0,2,49,8
ACORN-F,2013-02-19,48,673.625,10.319481317133,10.12,-1.43,10.12,1.93,4.345,11.549999999999999,10.12,-1.43,0.79,0.4,0.11,1019.55,6.95,2.0,0.3,fog,rain,0,1,0,2,50,8
ACORN-F,2013-02-20,48,673.770833333333,10.6104447683379,4.88,1.83,4.88,1.28,3.355,3.05,3.78,-3.42,0.78,4.86,0.68,1023.08,8.93,1.0,0.33,fog,rain,0,2,0,2,51,8
ACORN-F,2013-02-21,48,672.041666666667,11.6918901189544,2.28,0.86,2.28,0.2,1.5699999999999998,1.42,-2.51,-3.9,0.59,5.58,0.8,1023.97,13.24,1.0,0.36,partly-cloudy-day,rain,0,3,0,2,52,8
ACORN-F,2013-02-22,48,671.770833333333,11.6868359290722,1.36,0.2,1.36,0.19,0.78,1.1600000000000001,-3.32,-4.29,0.63,4.79,0.81,1020.5,13.04,1.0,0.39,partly-cloudy-day,snow,0,4,0,2,53,8
ACORN-F,2013-02-23,48,671.854166666667,12.2491541639821,1.74,0.19,1.74,0.85,0.965,1.55,-1.89,-4.2,0.68,3.92,0.83,1020.81,11.64,1.0,0.42,partly-cloudy-day,rain,0,5,1,2,54,8
ACORN-F,2013-02-24,48,671.020833333333,12.9403672255416,2.35,0.85,2.35,1.74,1.6,1.5,-2.08,-3.26,0.71,4.47,0.86,1023.88,13.0,1.0,0.45,partly-cloudy-day,rain,0,6,1,2,55,8
ACORN-F,2013-02-25,48,670.104166666667,11.7191296062722,4.39,1.74,4.39,2.98,3.065,2.6499999999999995,0.59,-2.46,0.83,4.8,0.84,1026.97,9.78,1.0,0.48,partly-cloudy-day,rain,0,0,0,2,56,9
ACORN-F,2013-02-26,48,670.875,11.1071522641863,4.93,2.98,4.93,2.33,3.955,1.9499999999999997,1.8,-1.18,0.91,4.34,0.86,1032.15,3.48,1.0,0.52,fog,rain,0,1,0,2,57,9
ACORN-F,2013-02-27,48,668.854166666667,10.7398026546761,6.11,2.33,6.11,2.41,4.220000000000001,3.7800000000000002,2.67,-1.82,0.83,4.4,0.69,1034.17,8.92,1.0,0.55,partly-cloudy-day,rain,0,2,0,2,58,9
ACORN-F,2013-02-28,48,668.8125,11.0197557685533,7.26,2.41,7.26,2.58,4.835,4.85,4.09,-1.18,0.8,4.25,0.64,1029.69,12.67,1.0,0.59,partly-cloudy-day,rain,0,3,0,2,59,9
ACORN-F,2013-03-01,48,668.979166666667,10.7297240862043,6.62,2.58,6.62,2.58,4.6,4.04,3.28,-1.08,0.78,3.77,0.83,1029.18,10.27,1.0,0.62,partly-cloudy-day,rain,0,4,0,3,60,9
ACORN-F,2013-03-02,48,668.770833333333,11.0718642429246,4.69,0.63,4.69,-1.14,2.66,4.0600000000000005,3.13,-0.01,0.72,2.02,0.66,1027.67,13.05,1.0,0.66,partly-cloudy-day,rain,0,5,1,3,61,9
ACORN-F,2013-03-03,48,667.916666666667,11.814694967401,7.83,-1.14,7.83,2.14,3.345,8.97,5.04,-1.14,0.8,2.2,0.58,1023.52,10.12,1.0,0.7,partly-cloudy-day,rain,0,6,1,3,62,9
ACORN-F,2013-03-04,48,668.604166666667,10.1260602537855,8.99,2.14,8.99,1.87,5.565,6.85,6.17,-1.41,0.78,3.66,0.27,1013.74,7.02,2.0,0.74,partly-cloudy-day,rain,0,0,0,3,63,10
ACORN-F,2013-03-05,48,668.6875,9.66727483490496,16.06,1.87,16.06,7.65,8.965,14.189999999999998,16.06,1.49,0.74,1.6,0.12,1004.57,8.11,2.0,0.77,fog,rain,0,1,0,3,64,10
ACORN-F,2013-03-06,48,668.479166666667,9.46504426335982,13.14,7.65,13.14,7.43,10.395,5.49,13.14,6.51,0.72,2.41,0.17,1000.69,8.37,2.0,0.81,fog,rain,0,2,0,3,65,10
ACORN-F,2013-03-07,48,668.520833333333,9.7351101533874,9.63,7.43,9.63,8.19,8.530000000000001,2.200000000000001,7.99,6.67,0.93,2.2,0.68,996.96,2.78,2.0,0.85,fog,rain,0,3,0,3,66,10
ACORN-F,2013-03-08,48,668.75,9.75696122802454,9.61,8.02,9.61,5.86,8.815,1.5899999999999999,9.04,6.61,0.96,1.75,0.83,997.56,1.93,2.0,0.89,fog,rain,0,4,0,3,67,10
ACORN-F,2013-03-09,48,669.0,10.3965231651719,8.01,3.88,6.84,2.38,5.945,4.13,7.53,0.97,0.9,2.52,0.84,1002.41,5.68,2.0,0.92,fog,rain,0,5,1,3,68,10
ACORN-F,2013-03-10,48,668.166666666667,11.6861799952071,3.45,1.23,3.37,-0.4,2.34,2.22,0.33,-4.03,0.82,5.05,0.81,1005.94,12.26,2.0,0.96,partly-cloudy-day,rain,0,6,1,3,69,10
ACORN-F,2013-03-11,48,669.583333333333,11.4980767191105,1.22,-1.57,0.04,-1.89,-0.17500000000000004,2.79,-4.11,-8.57,0.73,8.17,0.6,1007.26,10.83,2.0,0.99,wind,snow,0,0,0,3,70,11
ACORN-F,2013-03-12,48,669.75,11.3372261765919,3.86,-1.89,3.86,1.14,0.985,5.75,-0.56,-8.88,0.63,6.81,0.54,1008.83,12.34,2.0,0.03,wind,rain,0,1,0,3,71,11
ACORN-F,2013-03-13,48,669.979166666667,10.9122660149169,6.42,1.14,6.42,-0.91,3.78,5.28,3.01,-2.39,0.73,3.65,0.37,1010.59,13.04,2.0,0.06,partly-cloudy-day,rain,0,2,0,3,72,11
ACORN-F,2013-03-14,48,670.0,10.3607955198507,6.56,-0.91,6.56,2.99,2.8249999999999997,7.47,5.17,-3.72,0.67,1.81,0.27,1015.57,10.54,2.0,0.09,partly-cloudy-night,rain,0,3,0,3,73,11
ACORN-F,2013-03-15,48,669.354166666667,10.3683996455272,8.27,2.99,8.27,6.36,5.63,5.279999999999999,4.56,-0.32,0.81,5.82,0.65,1007.6,12.36,2.0,0.12,wind,rain,0,4,0,3,74,11
ACORN-F,2013-03-16,48,669.729166666667,11.0988313615693,7.51,5.79,7.33,3.17,6.65,1.7199999999999998,3.91,1.78,0.85,6.75,0.69,996.08,12.13,2.0,0.15,wind,rain,0,5,1,3,75,11
ACORN-F,2013-03-17,48,668.958333333333,11.4255060790164,7.3,2.36,7.3,-0.22,4.83,4.9399999999999995,5.13,-0.32,0.88,2.1,0.64,990.34,11.52,2.0,0.19,partly-cloudy-day,rain,0,6,1,3,76,11
ACORN-F,2013-03-18,48,668.9375,10.3261820970944,7.35,-0.22,7.35,3.33,3.565,7.569999999999999,7.06,-1.32,0.91,0.73,0.5,991.02,7.97,2.0,0.22,partly-cloudy-day,rain,0,0,0,3,77,12
ACORN-F,2013-03-19,48,669.916666666667,10.169294268194,7.72,2.81,7.72,2.37,5.265,4.91,5.81,0.65,0.83,1.56,0.59,997.51,8.32,2.0,0.25,partly-cloudy-day,rain,0,1,0,3,78,12
ACORN-F,2013-03-20,48,669.854166666667,10.4059384966073,5.87,2.37,5.87,1.18,4.12,3.5,3.49,0.18,0.86,2.37,0.78,1006.74,5.73,2.0,0.27,partly-cloudy-day,rain,0,2,0,3,79,12
ACORN-F,2013-03-21,48,670.0,10.4200462686567,6.27,1.18,6.27,2.59,3.7249999999999996,5.09,2.57,-1.24,0.75,4.73,0.61,1015.96,10.8,2.0,0.31,partly-cloudy-day,rain,0,3,0,3,80,12
ACORN-F,2013-03-22,48,669.75,10.885099704719,5.01,2.59,5.01,0.95,3.8,2.42,0.07,-2.8,0.79,7.92,0.69,1009.8,6.1,3.0,0.34,wind,rain,0,4,0,3,81,12
ACORN-F,2013-03-23,48,669.875,12.1900410484135,3.06,0.92,1.45,0.14,1.99,2.14,-2.27,-4.48,0.92,6.42,0.85,1009.85,3.73,2.0,0.37,fog,rain,0,5,1,3,82,12
ACORN-F,2013-03-24,48,669.8125,12.7799073969043,1.53,-0.32,1.23,0.71,0.605,1.85,-2.86,-6.34,0.78,6.06,0.83,1012.85,9.37,2.0,0.4,partly-cloudy-day,snow,0,6,1,3,83,12
ACORN-F,2013-03-25,48,670.0,11.7240044734328,1.81,0.71,1.81,0.77,1.26,1.1,-2.89,-4.96,0.65,5.95,0.68,1014.28,12.76,2.0,0.43,partly-cloudy-day,rain,0,0,0,3,84,13
ACORN-F,2013-03-26,48,669.833333333333,11.4742392329892,1.75,0.77,1.75,-0.29,1.26,0.98,-2.29,-4.31,0.65,4.99,0.69,1013.39,12.81,2.0,0.46,partly-cloudy-day,rain,0,1,0,3,85,13
ACORN-F,2013-03-27,48,670.0,11.1421835801493,3.82,-0.29,3.82,-0.89,1.765,4.109999999999999,-0.19,-4.06,0.64,3.95,0.48,1011.63,12.86,3.0,0.49,partly-cloudy-day,rain,0,2,0,3,86,13
ACORN-F,2013-03-28,48,670.0,10.8195820889552,4.08,-0.89,4.08,-0.52,1.595,4.97,0.31,-3.85,0.66,3.57,0.5,1012.3,11.64,2.0,0.54,partly-cloudy-day,rain,0,3,0,3,87,13
ACORN-F,2013-03-29,48,670.0,11.1534059680597,5.31,-0.52,5.31,0.94,2.3949999999999996,5.83,1.71,-2.99,0.63,3.52,0.59,1010.88,13.45,3.0,0.57,partly-cloudy-day,rain,1,4,0,3,88,13
ACORN-F,2013-03-30,48,670.0,10.906679101791,4.87,0.94,4.87,-1.54,2.9050000000000002,3.93,1.53,-2.65,0.69,3.61,0.66,1011.38,13.1,3.0,0.61,partly-cloudy-day,rain,0,5,1,3,89,13
ACORN-F,2013-03-31,48,669.020833333333,10.9500737304529,4.96,-1.54,4.96,1.1,1.71,6.5,1.64,-2.33,0.68,2.8,0.4,1014.56,12.67,3.0,0.65,partly-cloudy-day,rain,0,6,1,3,90,13
ACORN-F,2013-04-01,48,668.979166666667,11.0427781707144,7.71,0.04,7.71,0.48,3.875,7.67,3.74,-4.26,0.57,5.5,0.2,1014.63,13.02,3.0,0.72,partly-cloudy-day,rain,0,0,0,4,91,14
ACORN-F,2013-04-02,48,668.8125,10.3796087278884,4.09,0.48,4.09,0.98,2.285,3.61,-0.57,-3.72,0.64,5.84,0.45,1017.4,13.1,3.0,0.76,partly-cloudy-day,rain,0,1,0,4,92,14
ACORN-F,2013-04-03,48,668.9375,10.7637705828916,2.91,0.98,2.91,1.88,1.945,1.9300000000000002,-1.57,-3.52,0.74,5.76,0.55,1014.22,10.8,3.0,0.8,partly-cloudy-day,rain,0,2,0,4,93,14
ACORN-F,2013-04-04,48,667.875,11.0667556955448,7.34,1.88,7.34,0.64,4.609999999999999,5.46,3.68,-2.8,0.61,5.89,0.63,1015.19,13.08,3.0,0.83,partly-cloudy-day,rain,0,3,0,4,94,14
ACORN-F,2013-04-05,48,667.875,10.4644723010947,9.87,0.64,9.87,-1.21,5.255,9.229999999999999,8.53,-2.67,0.63,2.75,0.23,1023.34,13.02,3.0,0.87,partly-cloudy-day,rain,0,4,0,4,95,14
ACORN-F,2013-04-06,48,668.0,10.1157305381737,10.37,-1.21,10.37,3.47,4.58,11.579999999999998,10.37,-1.21,0.62,2.04,0.4,1020.37,11.84,3.0,0.9,partly-cloudy-day,rain,0,5,1,4,96,14
ACORN-F,2013-04-07,48,667.0,10.1962143432595,9.99,3.47,9.99,3.45,6.73,6.52,7.18,-0.38,0.65,4.97,0.36,1005.84,10.81,3.0,0.94,partly-cloudy-day,rain,0,6,1,4,97,14
ACORN-F,2013-04-08,48,667.770833333333,9.63144157651698,8.81,3.45,8.81,2.98,6.130000000000001,5.36,6.01,0.39,0.83,3.87,0.7,997.5,6.66,3.0,0.97,partly-cloudy-day,rain,0,0,0,4,98,15
ACORN-F,2013-04-09,48,667.916666666667,9.8206828904425,10.59,2.98,10.59,5.93,6.785,7.609999999999999,10.59,0.4,0.79,1.07,0.61,1003.54,4.44,4.0,0.01,fog,rain,0,1,0,4,99,15
ACORN-F,2013-04-10,48,668.0,9.2335508988024,11.3,5.93,11.3,7.09,8.615,5.370000000000001,11.3,2.98,0.9,2.28,0.69,997.1,6.07,3.0,0.04,fog,rain,0,2,0,4,100,15
ACORN-F,2013-04-11,48,667.6875,9.43745000688443,11.51,7.09,11.51,4.92,9.3,4.42,11.51,4.87,0.87,3.04,0.54,997.53,11.62,3.0,0.07,partly-cloudy-day,rain,0,3,0,4,101,15
ACORN-F,2013-04-12,48,667.708333333333,9.20413533786482,11.42,4.92,11.29,10.92,8.17,6.5,11.42,3.3,0.87,4.42,0.57,1011.09,11.06,3.0,0.1,wind,rain,0,4,0,4,102,15
ACORN-F,2013-04-13,48,667.895833333333,9.67428607468704,19.88,11.49,19.88,10.88,15.684999999999999,8.389999999999999,19.88,11.49,0.7,6.56,0.45,1013.12,12.36,4.0,0.13,wind,rain,0,5,1,4,103,15
ACORN-F,2013-04-14,48,667.854166666667,9.12418813317653,15.43,10.08,15.43,9.63,12.754999999999999,5.35,15.43,10.08,0.72,5.4,0.42,1016.86,12.96,4.0,0.16,partly-cloudy-day,rain,0,6,1,4,104,15
ACORN-F,2013-04-15,48,667.916666666667,8.44470654133981,16.55,9.63,16.55,9.66,13.09,6.92,16.55,7.26,0.7,5.75,0.4,1015.5,12.52,4.0,0.19,partly-cloudy-day,rain,0,0,0,4,105,16
ACORN-F,2013-04-16,48,667.8125,8.33750457457833,17.95,9.66,17.95,9.13,13.805,8.29,17.95,8.26,0.77,5.53,0.54,1014.48,10.8,4.0,0.22,wind,rain,0,1,0,4,106,16
ACORN-F,2013-04-17,48,666.958333333333,8.4384529707713,14.11,8.48,14.11,7.08,11.295,5.629999999999999,14.11,5.27,0.64,8.12,0.35,1013.1,12.81,4.0,0.25,wind,rain,0,2,0,4,107,16
ACORN-F,2013-04-18,48,664.958333333333,8.50702871004906,11.95,6.17,11.95,2.88,9.059999999999999,5.779999999999999,11.95,3.88,0.69,2.33,0.47,1025.56,13.12,4.0,0.28,partly-cloudy-day,rain,0,3,0,4,108,16
ACORN-F,2013-04-19,48,664.979166666667,8.63156974981996,13.14,2.88,13.14,1.46,8.01,10.260000000000002,13.14,2.88,0.66,2.21,0.16,1032.63,12.07,5.0,0.31,partly-cloudy-day,rain,0,4,0,4,109,16
ACORN-F,2013-04-20,48,665.895833333333,8.76333640201439,14.12,1.46,14.12,6.91,7.789999999999999,12.66,14.12,1.46,0.64,2.14,0.28,1021.92,12.79,4.0,0.35,partly-cloudy-day,rain,0,5,1,4,110,16
ACORN-F,2013-04-21,48,665.895833333333,9.22594489135993,14.32,6.91,14.32,10.02,10.615,7.41,14.32,5.12,0.74,4.12,0.66,1016.11,12.04,4.0,0.38,partly-cloudy-day,rain,0,6,1,4,111,16
ACORN-F,2013-04-22,48,666.895833333333,8.48321279430438,20.25,10.02,20.25,9.45,15.135,10.23,20.25,10.02,0.68,3.48,0.46,1019.23,12.5,5.0,0.41,partly-cloudy-day,rain,0,0,0,4,112,17
ACORN-F,2013-04-23,48,667.0,7.92573313313343,19.35,9.45,19.35,11.38,14.4,9.900000000000002,19.35,8.49,0.74,3.03,0.33,1023.67,11.96,4.0,0.45,partly-cloudy-day,rain,0,1,0,4,113,17
ACORN-F,2013-04-24,48,665.708333333333,7.76644783623212,22.08,11.38,22.08,7.05,16.73,10.699999999999998,22.08,11.38,0.72,3.2,0.27,1020.93,10.17,5.0,0.48,partly-cloudy-day,rain,0,2,0,4,114,17
ACORN-F,2013-04-25,48,667.9375,7.73901331020936,13.28,7.05,12.06,4.02,10.165,6.2299999999999995,13.28,5.04,0.65,3.42,0.51,1015.24,12.12,5.0,0.52,partly-cloudy-day,rain,0,3,0,4,115,17
ACORN-F,2013-04-26,48,667.0,8.01945580433074,10.36,4.02,10.36,1.61,7.1899999999999995,6.34,10.36,1.82,0.71,2.7,0.39,1015.1,13.16,5.0,0.56,partly-cloudy-day,rain,0,4,0,4,116,17
ACORN-F,2013-04-27,48,666.791666666667,8.76475162640347,11.59,1.61,11.59,7.98,6.6,9.98,11.59,1.61,0.64,3.27,0.27,1017.0,12.49,5.0,0.6,partly-cloudy-day,rain,0,5,1,4,117,17
ACORN-F,2013-04-28,48,667.770833333333,9.29502578567602,13.41,7.98,13.41,5.94,10.695,5.43,13.41,4.92,0.59,4.51,0.45,1016.36,13.18,4.0,0.63,partly-cloudy-day,rain,0,6,1,4,118,17
ACORN-F,2013-04-29,48,666.9375,8.34126169608203,13.71,5.94,13.71,4.42,9.825000000000001,7.7700000000000005,13.71,4.3,0.62,2.84,0.22,1024.5,13.15,5.0,0.67,partly-cloudy-day,rain,0,0,0,4,119,18
ACORN-F,2013-04-30,48,667.770833333333,8.05247196940872,16.32,4.42,16.32,5.43,10.370000000000001,11.9,16.32,2.32,0.62,2.95,0.26,1024.26,12.7,5.0,0.71,partly-cloudy-day,rain,0,1,0,4,120,18
ACORN-F,2013-05-01,48,667.770833333333,8.06248735385632,16.96,5.43,16.96,4.48,11.195,11.530000000000001,16.96,3.39,0.43,2.9,0.2,1022.7,15.34,5.0,0.75,partly-cloudy-day,rain,0,2,0,5,121,18
ACORN-F,2013-05-02,48,667.583333333333,7.92798181336545,19.71,4.48,19.71,8.05,12.095,15.23,19.71,4.48,0.56,2.71,0.34,1019.76,14.76,5.0,0.78,partly-cloudy-day,rain,0,3,0,5,122,18
ACORN-F,2013-05-03,48,667.541666666667,7.74848328691362,16.31,8.05,16.31,6.87,12.18,8.259999999999998,16.31,5.78,0.64,5.16,0.34,1017.3,13.24,4.0,0.82,partly-cloudy-day,rain,0,4,0,5,123,18
ACORN-F,2013-05-04,48,666.416666666667,8.27008100839465,17.79,6.87,17.79,10.48,12.33,10.919999999999998,17.79,5.5,0.68,2.26,0.36,1021.76,12.91,4.0,0.85,partly-cloudy-day,rain,0,5,1,5,124,18
ACORN-F,2013-05-05,48,666.666666666667,8.16585833765684,20.99,10.48,20.99,8.63,15.735,10.509999999999998,20.99,10.48,0.63,1.13,0.22,1020.13,13.5,5.0,0.89,partly-cloudy-day,rain,0,6,1,5,125,18
ACORN-F,2013-05-06,48,665.958333333333,7.97663845177346,19.82,8.63,19.82,11.72,14.225000000000001,11.19,19.82,8.63,0.6,2.07,0.16,1016.51,14.19,5.0,0.92,partly-cloudy-day,rain,0,0,0,5,126,19
ACORN-F,2013-05-07,48,667.895833333333,7.63614547799355,16.81,11.33,16.81,7.28,14.07,5.479999999999999,16.81,11.33,0.77,3.21,0.52,1007.4,9.8,4.0,0.95,partly-cloudy-day,rain,0,1,0,5,127,19
ACORN-F,2013-05-08,48,667.979166666667,7.77749262344801,14.28,7.28,14.28,10.18,10.78,6.999999999999999,14.28,5.0,0.71,7.13,0.47,1008.69,11.97,4.0,0.99,wind,rain,0,2,0,5,128,19
ACORN-F,2013-05-09,48,667.958333333333,8.14007964730247,17.17,10.2,17.17,7.06,13.685,6.970000000000002,17.17,10.2,0.72,6.74,0.63,1010.14,12.39,5.0,0.02,wind,rain,0,3,0,5,129,19
ACORN-F,2013-05-10,48,668.0,7.91833233368263,13.18,7.06,13.18,6.04,10.12,6.12,13.18,4.29,0.78,4.83,0.56,1010.93,12.2,4.0,0.05,wind,rain,0,4,0,5,130,19
ACORN-F,2013-05-11,48,667.895833333333,8.51874431092904,14.81,6.04,14.81,10.87,10.425,8.77,14.81,2.44,0.76,5.33,0.44,1014.56,12.05,6.0,0.08,partly-cloudy-day,rain,0,5,1,5,131,19
ACORN-F,2013-05-12,48,667.020833333333,9.04657573727747,14.06,7.45,14.06,7.36,10.755,6.61,14.06,4.53,0.68,6.61,0.61,1011.68,11.93,5.0,0.11,wind,rain,0,6,1,5,132,19
ACORN-F,2013-05-13,48,666.916666666667,7.99336106008754,10.94,7.36,10.94,7.0,9.15,3.579999999999999,10.94,4.75,0.8,3.97,0.67,1003.62,11.38,4.0,0.14,wind,rain,0,0,0,5,133,20
ACORN-F,2013-05-14,48,667.979166666667,8.45387767628042,13.64,7.0,13.64,4.17,10.32,6.640000000000001,13.64,2.67,0.71,5.86,0.71,994.19,11.97,4.0,0.17,wind,rain,0,1,0,5,134,20
ACORN-F,2013-05-15,48,666.0,8.44803741213588,15.13,4.17,15.13,7.2,9.65,10.96,15.13,4.17,0.74,1.64,0.36,999.92,10.93,5.0,0.2,partly-cloudy-day,rain,0,2,0,5,135,20
ACORN-F,2013-05-16,48,666.625,8.13835222105747,11.3,7.2,11.3,9.12,9.25,4.1000000000000005,11.3,6.9,0.76,2.35,0.6,1005.87,11.54,4.0,0.23,partly-cloudy-day,rain,0,3,0,5,136,20
ACORN-F,2013-05-17,48,665.979166666667,8.47791274661402,14.56,9.12,14.56,8.91,11.84,5.440000000000001,14.56,7.62,0.67,1.94,0.59,1008.08,11.93,4.0,0.26,partly-cloudy-day,rain,0,4,0,5,137,20
ACORN-F,2013-05-18,48,665.291666666667,8.52519373813113,17.85,8.91,17.85,11.38,13.38,8.940000000000001,17.85,8.56,0.7,2.12,0.32,1011.12,11.1,5.0,0.3,partly-cloudy-day,rain,0,5,1,5,138,20
ACORN-F,2013-05-19,48,666.979166666667,8.59819382981325,16.87,11.38,16.77,12.44,14.125,5.49,16.87,11.38,0.84,3.7,0.81,1011.37,7.31,4.0,0.33,cloudy,rain,0,6,1,5,139,20
ACORN-F,2013-05-20,48,666.9375,8.22770060465285,16.22,12.01,13.49,10.1,14.114999999999998,4.209999999999999,16.22,12.01,0.78,4.21,0.79,1015.56,10.78,4.0,0.36,partly-cloudy-day,rain,0,0,0,5,140,21
ACORN-F,2013-05-21,48,667.5,7.96811634779229,14.02,9.58,14.02,6.27,11.8,4.4399999999999995,14.02,7.13,0.7,3.25,0.74,1018.45,11.68,4.0,0.4,partly-cloudy-day,rain,0,1,0,5,141,21
ACORN-F,2013-05-22,48,667.979166666667,7.91941656147892,10.26,6.27,10.26,5.43,8.265,3.99,10.26,3.51,0.65,4.18,0.49,1013.55,12.54,6.0,0.44,partly-cloudy-day,rain,0,2,0,5,142,21
ACORN-F,2013-05-23,48,667.791666666667,8.09921690314561,8.21,5.43,8.21,5.64,6.82,2.780000000000001,6.24,1.79,0.84,2.24,0.65,1009.4,11.89,4.0,0.47,partly-cloudy-day,rain,0,3,0,5,143,21
ACORN-F,2013-05-24,48,667.979166666667,8.80035548797458,14.87,5.64,14.87,6.24,10.254999999999999,9.23,14.87,3.19,0.67,3.46,0.32,1020.26,12.21,5.0,0.51,partly-cloudy-day,rain,0,4,0,5,144,21
ACORN-F,2013-05-25,48,667.020833333333,8.43082858151972,18.82,6.24,18.82,6.32,12.530000000000001,12.58,18.82,4.49,0.55,2.79,0.34,1018.43,14.76,6.0,0.55,partly-cloudy-day,rain,0,5,1,5,145,21
ACORN-F,2013-05-26,48,667.875,8.1367424495018,17.28,6.32,17.28,9.97,11.8,10.96,17.28,4.68,0.58,4.34,0.29,1009.15,13.63,6.0,0.59,wind,rain,0,6,1,5,146,21
ACORN-F,2013-05-27,48,667.0,7.8967515372417,12.13,9.78,11.88,8.38,10.955,2.3500000000000014,12.13,9.12,0.86,1.48,0.67,1000.65,9.37,4.0,0.62,partly-cloudy-day,rain,1,0,0,5,147,22
ACORN-F,2013-05-28,48,666.9375,8.1739420991289,12.79,8.38,12.79,10.79,10.585,4.409999999999998,12.79,7.59,0.87,2.14,0.76,1004.27,9.24,4.0,0.66,partly-cloudy-day,rain,0,1,0,5,148,22
ACORN-F,2013-05-29,48,665.645833333333,8.36167992610957,14.69,10.79,14.69,11.27,12.739999999999998,3.9000000000000004,14.69,10.79,0.86,3.44,0.94,1010.33,8.71,4.0,0.7,partly-cloudy-day,rain,0,2,0,5,149,22
ACORN-F,2013-05-30,48,665.979166666667,8.29914028569848,21.68,11.27,21.68,10.77,16.475,10.41,21.68,11.27,0.72,3.45,0.54,1017.87,10.59,6.0,0.73,partly-cloudy-day,rain,0,3,0,5,150,22
ACORN-F,2013-05-31,48,666.625,7.66197412842449,17.34,10.77,17.34,9.72,14.055,6.57,17.34,10.77,0.65,3.35,0.38,1022.85,12.7,5.0,0.77,partly-cloudy-day,rain,0,4,0,5,151,22
ACORN-F,2013-06-01,48,667.0,7.87194602803598,18.83,9.72,18.83,7.24,14.274999999999999,9.109999999999998,18.83,8.97,0.59,2.4,0.27,1028.53,13.42,5.0,0.8,partly-cloudy-day,rain,0,5,1,6,152,22
ACORN-F,2013-06-02,48,666.333333333333,8.08924098857907,18.66,7.24,18.66,7.64,12.95,11.42,18.66,7.24,0.66,2.84,0.26,1031.47,13.28,6.0,0.84,partly-cloudy-day,rain,0,6,1,6,153,22
ACORN-F,2013-06-03,48,666.020833333333,7.31788198513266,20.07,7.64,20.07,8.96,13.855,12.43,20.07,6.1,0.6,4.16,0.27,1027.0,14.65,7.0,0.87,partly-cloudy-day,rain,0,0,0,6,154,23
ACORN-F,2013-06-04,48,666.979166666667,7.22522402747365,19.64,8.96,19.64,8.73,14.3,10.68,19.64,6.8,0.71,3.59,0.56,1021.53,13.31,5.0,0.9,partly-cloudy-day,rain,0,1,0,6,155,23
ACORN-F,2013-06-05,48,666.979166666667,7.25951925778867,20.88,8.73,20.88,10.02,14.805,12.149999999999999,20.88,6.66,0.68,4.28,0.23,1021.53,13.34,3.0,0.93,partly-cloudy-day,rain,1,2,0,6,156,23
ACORN-F,2013-06-06,48,666.458333333333,7.36435589493543,19.64,10.02,19.64,9.16,14.83,9.620000000000001,19.64,10.02,0.66,4.3,0.38,1023.0,14.39,6.0,0.97,partly-cloudy-day,rain,0,3,0,6,157,23
ACORN-F,2013-06-07,48,665.916666666667,7.40106165163266,17.06,9.16,17.06,10.29,13.11,7.899999999999999,17.06,6.88,0.69,5.44,0.36,1021.44,12.44,6.0,0.99,partly-cloudy-day,rain,0,4,0,6,158,23
ACORN-F,2013-06-08,48,664.583333333333,7.49781081097516,14.17,10.29,14.17,10.61,12.23,3.880000000000001,14.17,10.29,0.72,4.59,0.89,1016.69,12.38,4.0,0.03,partly-cloudy-day,rain,0,5,1,6,159,23
ACORN-F,2013-06-09,48,665.0,8.28219248165414,14.56,10.61,14.56,8.16,12.585,3.950000000000001,14.56,10.61,0.68,1.67,0.95,1015.7,12.55,4.0,0.06,cloudy,rain,0,6,1,6,160,23
ACORN-F,2013-06-10,48,664.0,7.72872891566265,16.96,8.16,16.96,14.16,12.56,8.8,16.96,6.87,0.83,3.0,0.61,1013.81,10.46,4.0,0.09,partly-cloudy-day,rain,0,0,0,6,161,24
ACORN-F,2013-06-11,48,664.979166666667,7.66032663269703,16.96,14.16,16.96,13.03,15.56,2.8000000000000007,17.01,14.16,0.86,5.94,0.93,1011.39,10.86,5.0,0.12,wind,rain,0,1,0,6,162,24
ACORN-F,2013-06-12,48,665.0,7.84093232947368,17.59,12.96,17.59,9.13,15.275,4.629999999999999,17.59,12.96,0.75,6.8,0.78,1011.04,11.94,5.0,0.15,wind,rain,0,2,0,6,163,24
ACORN-F,2013-06-13,48,665.0,7.76472631639098,18.81,9.13,18.81,11.01,13.969999999999999,9.679999999999998,18.81,7.72,0.69,4.12,0.45,1016.14,13.05,5.0,0.18,partly-cloudy-day,rain,0,3,0,6,164,24
ACORN-F,2013-06-14,48,664.875,7.64757543639986,16.27,11.01,16.27,11.46,13.64,5.26,16.27,11.01,0.74,6.04,0.42,1008.6,12.18,5.0,0.21,wind,rain,0,4,0,6,165,24
ACORN-F,2013-06-15,48,665.0,8.01910526345865,17.34,11.46,17.34,12.87,14.4,5.879999999999999,17.34,11.46,0.71,3.05,0.42,1013.64,12.62,5.0,0.25,partly-cloudy-day,rain,0,5,1,6,166,24
ACORN-F,2013-06-16,48,665.0,8.28147669218045,20.4,12.87,20.4,13.33,16.634999999999998,7.529999999999999,20.4,12.87,0.66,4.6,0.5,1014.05,15.08,5.0,0.28,partly-cloudy-day,rain,0,6,1,6,167,24
ACORN-F,2013-06-17,48,664.020833333333,7.54896417579831,20.33,13.33,20.33,15.81,16.83,6.999999999999998,20.37,13.33,0.78,0.97,0.4,1014.27,10.81,6.0,0.31,partly-cloudy-day,rain,0,0,0,6,168,25
ACORN-F,2013-06-18,48,661.645833333333,7.52993332972646,25.56,15.81,25.56,16.22,20.685,9.749999999999998,25.56,15.83,0.76,0.95,0.31,1014.65,9.82,6.0,0.35,partly-cloudy-day,rain,0,1,0,6,169,25
ACORN-F,2013-06-19,48,665.916666666667,7.45674481687261,20.19,16.22,20.19,14.11,18.205,3.9700000000000024,20.2,16.22,0.81,1.34,0.47,1012.05,6.71,4.0,0.39,partly-cloudy-day,rain,0,2,0,6,170,25
ACORN-F,2013-06-20,48,665.020833333333,7.75007727532164,20.38,14.11,20.38,12.01,17.244999999999997,6.27,20.38,14.11,0.81,3.59,0.55,1010.05,10.03,5.0,0.42,partly-cloudy-day,rain,0,3,0,6,171,25
ACORN-F,2013-06-21,48,665.979166666667,7.5852111711732,17.54,12.01,17.54,13.07,14.774999999999999,5.529999999999999,17.54,12.01,0.81,6.78,0.67,1007.11,11.33,5.0,0.46,wind,rain,0,4,0,6,172,25
ACORN-F,2013-06-22,48,665.020833333333,7.8380975688202,16.51,12.62,16.51,10.62,14.565000000000001,3.8900000000000023,16.51,12.62,0.76,6.28,0.7,1009.25,12.38,5.0,0.51,wind,rain,0,5,1,6,173,25
ACORN-F,2013-06-23,48,665.958333333333,8.48945666959967,16.1,10.62,16.1,11.26,13.36,5.480000000000002,16.1,10.62,0.66,4.16,0.52,1021.79,12.89,5.0,0.54,partly-cloudy-day,rain,0,6,1,6,174,25
ACORN-F,2013-06-24,48,665.0,7.6856589945299,18.76,11.26,18.76,10.14,15.010000000000002,7.500000000000002,18.76,11.26,0.57,1.95,0.42,1028.61,14.24,6.0,0.58,partly-cloudy-day,rain,0,0,0,6,175,26
ACORN-F,2013-06-25,48,665.979166666667,7.35243336930931,20.61,10.14,20.61,12.2,15.375,10.469999999999999,20.61,10.14,0.64,1.98,0.42,1029.89,13.53,6.0,0.61,partly-cloudy-day,rain,0,1,0,6,176,26
ACORN-F,2013-06-26,48,665.020833333333,7.36178372071327,19.23,12.2,19.23,12.56,15.715,7.030000000000001,19.23,12.2,0.69,2.69,0.54,1026.49,12.13,5.0,0.65,partly-cloudy-day,rain,0,2,0,6,177,26
ACORN-F,2013-06-27,48,665.0,7.52802857022556,20.16,12.56,20.16,13.42,16.36,7.6,20.25,12.56,0.87,3.46,0.93,1019.73,10.35,4.0,0.69,partly-cloudy-day,rain,0,3,0,6,178,26
ACORN-F,2013-06-28,48,662.9375,7.62671311019869,21.19,13.42,21.19,14.92,17.305,7.770000000000001,21.19,13.42,0.61,3.36,0.35,1022.39,13.23,5.0,0.72,partly-cloudy-day,rain,0,4,0,6,179,26
ACORN-F,2013-06-29,48,664.875,7.52465097618011,25.17,14.92,25.17,13.89,20.045,10.250000000000002,25.17,14.92,0.67,4.28,0.32,1021.6,12.7,5.0,0.75,partly-cloudy-day,rain,0,5,1,6,180,26
ACORN-F,2013-06-30,48,665.625,7.89826820000326,19.78,13.89,19.78,11.84,16.835,5.890000000000001,19.78,13.89,0.63,3.94,0.44,1017.04,12.73,5.0,0.79,partly-cloudy-day,rain,0,6,1,6,181,26
ACORN-F,2013-07-01,48,664.020833333333,7.49425538290855,17.5,11.84,17.5,14.31,14.67,5.66,17.5,11.84,0.72,3.08,0.6,1011.64,13.13,5.0,0.82,partly-cloudy-day,rain,0,0,0,7,182,27
ACORN-F,2013-07-02,48,665.854166666667,7.46166907321886,19.69,14.31,19.69,12.48,17.0,5.380000000000001,19.69,14.31,0.79,3.67,0.83,1008.35,11.86,5.0,0.85,partly-cloudy-day,rain,0,1,0,7,183,27
ACORN-F,2013-07-03,48,665.875,7.46713624763627,22.89,12.48,22.89,12.63,17.685000000000002,10.41,22.89,12.48,0.76,3.97,0.44,1019.37,11.93,5.0,0.88,partly-cloudy-day,rain,0,2,0,7,184,27
ACORN-F,2013-07-04,48,663.0625,7.46506470029622,24.62,12.63,24.62,13.48,18.625,11.99,24.62,12.63,0.65,0.63,0.29,1028.43,13.18,6.0,0.91,partly-cloudy-day,rain,0,3,0,7,185,27
ACORN-F,2013-07-05,48,662.208333333333,7.40457184113994,26.47,13.48,26.47,14.99,19.975,12.989999999999998,26.47,13.48,0.63,1.34,0.12,1029.5,12.89,7.0,0.94,partly-cloudy-day,rain,0,4,0,7,186,27
ACORN-F,2013-07-06,48,663.958333333333,7.6717927668527,27.28,14.99,27.28,14.99,21.135,12.290000000000001,27.28,14.99,0.66,2.5,0.12,1031.56,10.98,6.0,0.97,partly-cloudy-day,rain,0,5,1,7,187,27
ACORN-F,2013-07-07,48,662.041666666667,8.08402348533651,25.18,14.99,25.18,12.01,20.085,10.19,25.18,14.99,0.65,3.92,0.14,1032.66,13.5,6.0,0.01,partly-cloudy-day,rain,0,6,1,7,188,27
ACORN-F,2013-07-08,48,662.604166666667,7.63329355684051,25.61,12.01,25.61,13.54,18.81,13.6,25.61,12.01,0.57,3.27,0.13,1028.39,14.68,6.0,0.04,partly-cloudy-day,rain,0,0,0,7,189,28
ACORN-F,2013-07-09,48,662.9375,7.43483515048456,23.19,13.36,23.19,11.99,18.275,9.830000000000002,23.19,13.36,0.64,3.88,0.22,1025.5,13.39,6.0,0.07,partly-cloudy-day,rain,0,1,0,7,190,28
ACORN-F,2013-07-10,48,662.583333333333,7.34678464734851,21.69,11.99,21.69,12.01,16.84,9.700000000000001,21.69,11.99,0.64,3.65,0.37,1025.45,13.94,6.0,0.1,partly-cloudy-day,rain,0,2,0,7,191,28
ACORN-F,2013-07-11,48,663.0,7.27634992579186,23.92,12.01,23.92,15.01,17.965,11.910000000000002,23.92,12.01,0.7,1.84,0.39,1025.08,13.73,6.0,0.13,partly-cloudy-day,rain,0,3,0,7,192,28
ACORN-F,2013-07-12,48,662.0,7.46166548437616,29.16,15.01,29.16,17.28,22.085,14.15,29.24,15.01,0.67,0.86,0.11,1023.97,12.65,7.0,0.16,partly-cloudy-day,rain,0,4,0,7,193,28
ACORN-F,2013-07-13,48,662.208333333333,7.61592530995184,27.83,17.28,27.83,17.96,22.555,10.549999999999997,27.83,17.28,0.61,0.86,0.27,1023.66,12.5,5.0,0.2,partly-cloudy-day,rain,0,5,1,7,194,28
ACORN-F,2013-07-14,48,662.833333333333,8.01545281972876,29.3,17.96,29.3,17.03,23.630000000000003,11.34,29.3,17.96,0.45,0.84,0.4,1023.14,14.66,5.0,0.23,partly-cloudy-day,rain,0,6,1,7,195,28
ACORN-F,2013-07-15,48,659.0625,7.6507798084805,29.2,17.03,29.2,17.14,23.115000000000002,12.169999999999998,29.2,17.03,0.56,0.48,0.46,1022.88,14.87,5.0,0.27,partly-cloudy-day,rain,0,0,0,7,196,29
ACORN-F,2013-07-16,48,663.416666666667,7.8107811008537,30.28,17.14,30.28,17.5,23.71,13.14,30.28,17.14,0.54,1.24,0.23,1023.84,14.52,6.0,0.3,partly-cloudy-day,rain,0,1,0,7,197,29
ACORN-F,2013-07-17,48,663.020833333333,7.7512306506592,27.56,17.5,27.56,15.62,22.53,10.059999999999999,27.56,17.5,0.6,3.24,0.18,1026.15,14.02,6.0,0.34,partly-cloudy-day,rain,0,2,0,7,198,29
ACORN-F,2013-07-18,48,663.979166666667,7.65200597397191,27.27,15.62,27.27,16.34,21.445,11.65,27.27,15.62,0.57,4.26,0.18,1025.17,15.16,6.0,0.38,partly-cloudy-day,rain,0,3,0,7,199,29
ACORN-F,2013-07-19,48,662.041666666667,7.62980394781831,22.49,16.34,22.49,16.84,19.415,6.149999999999999,22.49,16.34,0.74,4.37,0.51,1023.47,12.42,5.0,0.41,partly-cloudy-day,rain,0,4,0,7,200,29
ACORN-F,2013-07-20,48,661.729166666667,7.80488556493414,26.03,16.84,26.03,17.21,21.435000000000002,9.190000000000001,26.07,16.84,0.71,3.44,0.51,1019.71,11.64,5.0,0.45,partly-cloudy-day,rain,0,5,1,7,201,29
ACORN-F,2013-07-21,48,661.75,7.87856607981681,32.16,17.21,32.16,19.29,24.685,14.949999999999996,32.16,17.29,0.63,1.62,0.28,1016.02,11.3,4.0,0.48,partly-cloudy-day,rain,0,6,1,7,202,29
ACORN-F,2013-07-22,48,661.916666666667,7.71415250380278,27.13,19.29,27.13,15.59,23.21,7.84,28.0,19.64,0.74,1.84,0.37,1013.38,12.1,5.0,0.53,partly-cloudy-day,rain,0,0,0,7,203,30
ACORN-F,2013-07-23,48,663.791666666667,7.77507506075951,26.24,15.59,26.24,16.63,20.915,10.649999999999999,26.24,15.59,0.67,3.59,0.34,1014.24,12.89,6.0,0.57,partly-cloudy-day,rain,0,1,0,7,204,30
ACORN-F,2013-07-24,48,663.020833333333,7.47813761532101,25.13,16.63,25.13,15.26,20.88,8.5,25.13,16.86,0.74,3.05,0.45,1012.93,12.1,4.0,0.6,partly-cloudy-day,rain,0,2,0,7,205,30
ACORN-F,2013-07-25,48,662.020833333333,7.64677034004388,26.19,15.26,26.19,14.82,20.725,10.930000000000001,26.19,15.26,0.62,1.6,0.37,1012.42,13.2,4.0,0.64,partly-cloudy-day,rain,0,3,0,7,206,30
ACORN-F,2013-07-26,48,663.9375,7.43258944284227,27.28,14.82,27.28,15.34,21.05,12.46,27.37,14.82,0.68,0.63,0.26,1006.91,11.96,6.0,0.67,partly-cloudy-day,rain,0,4,0,7,207,30
ACORN-F,2013-07-27,48,663.020833333333,7.6707647488815,23.14,15.34,23.14,16.48,19.240000000000002,7.800000000000001,23.14,15.34,0.73,5.02,0.44,1006.68,11.72,6.0,0.71,partly-cloudy-day,rain,0,5,1,7,208,30
ACORN-F,2013-07-28,48,661.833333333333,7.86429565615085,22.36,16.48,22.36,15.77,19.42,5.879999999999999,22.36,16.48,0.75,5.42,0.55,1011.33,12.3,5.0,0.74,partly-cloudy-day,rain,0,6,1,7,209,30
ACORN-F,2013-07-29,48,660.958333333333,7.57991703878292,20.91,15.64,20.91,16.49,18.275,5.27,21.02,15.7,0.86,3.99,0.49,1013.58,11.12,4.0,0.77,partly-cloudy-day,rain,0,0,0,7,210,31
ACORN-F,2013-07-30,48,659.958333333333,7.55600128827976,23.56,16.49,23.56,16.98,20.025,7.07,23.77,16.49,0.8,4.47,0.55,1015.34,11.97,4.0,0.8,partly-cloudy-day,rain,0,1,0,7,211,31
ACORN-F,2013-07-31,48,660.979166666667,7.52238371781965,32.4,16.98,32.4,17.41,24.689999999999998,15.419999999999998,32.42,17.18,0.65,3.68,0.2,1009.49,14.08,5.0,0.83,partly-cloudy-day,rain,0,2,0,7,212,31
ACORN-F,2013-08-01,48,659.979166666667,7.46659320592689,24.64,17.41,24.64,15.36,21.025,7.23,24.68,17.44,0.71,3.89,0.42,1008.75,12.67,4.0,0.86,partly-cloudy-day,rain,0,3,0,8,213,31
ACORN-F,2013-08-02,48,660.458333333333,7.55087146508617,23.17,15.36,23.17,14.79,19.265,7.810000000000002,23.17,15.36,0.71,4.85,0.34,1014.89,12.71,4.0,0.89,partly-cloudy-day,rain,0,4,0,8,214,31
ACORN-F,2013-08-03,48,659.9375,7.4578953079644,22.98,14.79,22.98,17.05,18.884999999999998,8.190000000000001,22.98,14.79,0.7,4.52,0.43,1019.02,12.67,4.0,0.92,partly-cloudy-day,rain,0,5,1,8,215,31
ACORN-F,2013-08-04,48,660.0,7.79708484818182,22.72,16.23,22.72,12.23,19.475,6.489999999999998,22.72,16.37,0.76,3.13,0.54,1012.36,12.59,4.0,0.95,partly-cloudy-day,rain,0,6,1,8,216,31
ACORN-F,2013-08-05,48,660.0,7.55689848484848,22.11,12.23,22.11,14.97,17.17,9.879999999999999,22.11,12.23,0.68,1.35,0.41,1015.69,13.53,4.0,0.98,partly-cloudy-day,rain,0,0,0,8,217,32
ACORN-F,2013-08-06,48,658.875,7.31639614040371,21.49,14.97,21.49,11.83,18.23,6.519999999999998,21.49,14.97,0.64,2.95,0.37,1014.33,13.49,4.0,0.02,partly-cloudy-day,rain,0,1,0,8,218,32
ACORN-F,2013-08-07,48,656.958333333333,7.23977008427652,23.81,11.83,23.81,15.68,17.82,11.979999999999999,23.81,11.83,0.63,1.47,0.3,1019.26,13.52,6.0,0.05,partly-cloudy-day,rain,0,2,0,8,219,32
ACORN-F,2013-08-08,48,658.9375,7.26378342169281,23.85,15.68,23.85,14.1,19.765,8.170000000000002,23.85,15.72,0.67,3.0,0.48,1018.82,12.42,5.0,0.08,partly-cloudy-day,rain,0,3,0,8,220,32
ACORN-F,2013-08-09,48,657.979166666667,7.35684154094249,21.73,14.1,21.73,15.42,17.915,7.630000000000001,21.73,14.1,0.57,2.82,0.49,1021.99,14.42,5.0,0.11,partly-cloudy-day,rain,0,4,0,8,221,32
ACORN-F,2013-08-10,48,658.9375,7.2630493026625,22.76,15.42,22.76,13.57,19.09,7.340000000000002,22.76,15.42,0.62,3.8,0.45,1018.13,13.97,5.0,0.15,partly-cloudy-day,rain,0,5,1,8,222,32
ACORN-F,2013-08-11,48,659.0,7.53057359620637,20.39,13.57,20.39,11.46,16.98,6.82,20.39,13.57,0.61,3.6,0.41,1016.89,14.11,4.0,0.18,partly-cloudy-day,rain,0,6,1,8,223,32
ACORN-F,2013-08-12,48,659.9375,7.2541296068368,19.8,11.46,19.8,11.04,15.63,8.34,19.8,11.46,0.69,3.63,0.43,1021.59,13.5,4.0,0.22,partly-cloudy-day,rain,0,0,0,8,224,33
ACORN-F,2013-08-13,48,659.958333333333,7.20588098833379,22.04,11.04,22.04,16.16,16.54,11.0,22.04,11.04,0.78,2.79,0.39,1022.81,12.23,4.0,0.25,partly-cloudy-day,rain,0,1,0,8,225,33
ACORN-F,2013-08-14,48,658.9375,7.14659615255856,23.46,16.64,23.46,16.98,20.05,6.82,23.46,16.78,0.79,4.44,0.55,1018.77,10.88,4.0,0.29,partly-cloudy-day,rain,0,2,0,8,226,33
ACORN-F,2013-08-15,48,659.979166666667,7.42085916049018,21.66,16.98,21.66,14.12,19.32,4.68,21.73,16.98,0.84,3.86,0.51,1015.02,11.81,3.0,0.33,partly-cloudy-day,rain,0,3,0,8,227,33
ACORN-F,2013-08-16,48,658.041666666667,7.36572742500691,20.22,14.12,20.22,15.92,17.169999999999998,6.1,20.22,14.12,0.82,5.13,0.57,1012.65,11.1,3.0,0.37,wind,rain,0,4,0,8,228,33
ACORN-F,2013-08-17,48,654.854166666667,7.56094403360103,22.42,15.92,22.42,12.68,19.17,6.500000000000002,22.42,15.92,0.73,4.45,0.57,1009.48,12.76,3.0,0.4,partly-cloudy-day,rain,0,5,1,8,229,33
ACORN-F,2013-08-18,48,656.916666666667,7.86240974383515,22.02,12.68,22.02,12.16,17.35,9.34,22.02,12.68,0.59,3.25,0.27,1019.36,14.13,3.0,0.44,partly-cloudy-day,rain,0,6,1,8,230,33
ACORN-F,2013-08-19,48,656.979166666667,7.35118069754613,23.53,12.16,23.53,12.78,17.845,11.370000000000001,23.53,12.16,0.6,1.6,0.37,1027.38,15.13,4.0,0.48,partly-cloudy-day,rain,0,0,0,8,231,34
ACORN-F,2013-08-20,48,656.75,7.26225616449199,25.57,12.72,25.57,16.54,19.145,12.85,25.57,12.72,0.64,2.36,0.38,1023.87,14.9,4.0,0.52,partly-cloudy-day,rain,0,1,0,8,232,34
ACORN-F,2013-08-21,48,657.9375,7.30968866899187,21.13,16.54,21.13,16.34,18.835,4.59,21.34,16.81,0.9,1.09,0.36,1019.89,11.3,3.0,0.55,partly-cloudy-day,rain,0,2,0,8,233,34
ACORN-F,2013-08-22,48,654.75,7.69908206871606,26.03,16.34,26.03,17.13,21.185000000000002,9.690000000000001,26.03,16.49,0.75,3.34,0.11,1014.88,9.96,4.0,0.59,partly-cloudy-day,rain,0,3,0,8,234,34
ACORN-F,2013-08-23,48,654.020833333333,7.48587803519061,19.51,14.94,18.51,13.18,17.225,4.570000000000002,19.59,14.94,0.9,2.57,0.56,1010.79,5.58,3.0,0.62,fog,rain,0,4,0,8,235,34
ACORN-F,2013-08-24,48,655.916666666667,7.93392071321278,22.74,13.18,22.74,16.37,17.96,9.559999999999999,22.74,13.18,0.83,2.66,0.5,1012.96,10.07,4.0,0.66,partly-cloudy-day,rain,0,5,1,8,236,34
ACORN-F,2013-08-25,48,655.9375,7.84321936587949,24.32,16.37,24.32,12.82,20.345,7.949999999999999,24.32,16.37,0.69,2.65,0.38,1018.33,11.27,4.0,0.69,partly-cloudy-day,rain,0,6,1,8,237,34
ACORN-F,2013-08-26,48,656.0,7.65897560929878,22.78,12.82,22.78,12.45,17.8,9.96,22.78,12.82,0.69,1.89,0.23,1018.6,11.3,4.0,0.72,partly-cloudy-day,rain,1,0,0,8,238,35
ACORN-F,2013-08-27,48,656.916666666667,7.48202660020441,23.38,12.45,23.38,14.16,17.915,10.93,23.38,12.45,0.69,0.85,0.37,1022.24,11.52,4.0,0.75,partly-cloudy-day,rain,0,1,0,8,239,35
ACORN-F,2013-08-28,48,657.0,7.38248858401827,23.19,14.16,23.19,15.34,18.675,9.030000000000001,23.19,14.16,0.56,2.75,0.31,1021.8,11.65,4.0,0.78,partly-cloudy-day,rain,0,2,0,8,240,35
ACORN-F,2013-08-29,48,657.0,7.3153318109589,24.03,15.34,24.03,14.22,19.685000000000002,8.690000000000001,24.03,15.34,0.64,3.91,0.31,1019.63,12.78,3.0,0.81,partly-cloudy-day,rain,0,3,0,8,241,35
ACORN-F,2013-08-30,48,655.041666666667,7.49934085583813,19.87,14.22,19.87,10.17,17.045,5.65,19.87,14.22,0.6,3.37,0.12,1025.01,13.86,4.0,0.84,partly-cloudy-day,rain,0,4,0,8,242,35
ACORN-F,2013-08-31,48,655.916666666667,7.5623553992126,21.07,10.17,21.07,11.88,15.620000000000001,10.9,21.07,10.17,0.63,3.36,0.33,1029.46,14.79,3.0,0.87,partly-cloudy-day,rain,0,5,1,8,243,35
ACORN-F,2013-09-01,48,654.041666666667,7.82510660865593,24.94,11.88,24.94,14.04,18.41,13.06,24.94,11.88,0.7,3.28,0.33,1027.0,14.03,3.0,0.9,partly-cloudy-day,rain,0,6,1,9,244,35
ACORN-F,2013-09-02,48,656.9375,7.56027249879701,23.92,14.04,23.92,14.09,18.98,9.880000000000003,23.92,14.04,0.76,0.5,0.33,1027.04,12.67,3.0,0.93,partly-cloudy-day,rain,0,0,0,9,245,36
ACORN-F,2013-09-03,48,655.041666666667,7.56585305450777,27.04,14.09,27.04,15.46,20.564999999999998,12.95,27.31,14.09,0.75,1.86,0.1,1021.14,11.2,4.0,0.96,clear-day,rain,0,1,0,9,246,36
ACORN-F,2013-09-04,48,655.979166666667,7.60850202598236,28.49,15.46,28.49,15.05,21.975,13.029999999999998,28.59,15.54,0.71,0.78,0.12,1011.32,9.08,4.0,0.99,fog,rain,0,2,0,9,247,36
ACORN-F,2013-09-05,48,655.0,7.60553087539681,18.32,13.26,17.04,11.39,15.79,5.0600000000000005,18.32,13.26,0.81,1.92,0.39,1008.5,11.17,2.0,0.03,partly-cloudy-day,rain,0,3,0,9,248,36
ACORN-F,2013-09-06,48,656.770833333333,7.71646303443865,17.7,11.39,17.7,9.13,14.545,6.309999999999999,17.7,11.39,0.75,3.43,0.26,1013.82,12.6,4.0,0.06,partly-cloudy-day,rain,0,4,0,9,249,36
ACORN-F,2013-09-07,48,656.979166666667,7.7993479144483,16.86,9.13,16.86,9.2,12.995000000000001,7.729999999999999,16.86,9.13,0.8,2.74,0.37,1017.99,12.57,2.0,0.1,partly-cloudy-day,rain,0,5,1,9,250,36
ACORN-F,2013-09-08,48,656.979166666667,8.13781653164421,10.63,9.2,10.29,9.38,9.915,1.4300000000000015,10.63,8.03,0.88,1.61,0.03,1018.08,10.3,4.0,0.13,clear-day,rain,0,6,1,9,251,36
ACORN-F,2013-09-09,48,657.895833333333,8.04236350834235,16.65,9.38,16.65,12.47,13.015,7.269999999999998,16.65,7.53,0.77,4.22,0.64,1020.2,11.54,2.0,0.17,partly-cloudy-day,rain,0,0,0,9,252,37
ACORN-F,2013-09-10,48,656.020833333333,7.94142727118513,16.49,12.47,16.49,12.58,14.48,4.019999999999998,16.49,12.47,0.77,4.01,0.75,1020.96,11.72,2.0,0.21,partly-cloudy-day,rain,0,1,0,9,253,37
ACORN-F,2013-09-11,48,656.0,8.12990091295732,18.02,12.58,18.02,15.33,15.3,5.4399999999999995,18.02,12.58,0.87,1.24,0.72,1019.29,9.24,2.0,0.24,partly-cloudy-day,rain,0,2,0,9,254,37
ACORN-F,2013-09-12,48,655.979166666667,7.89389376669266,18.09,14.78,18.09,9.3,16.435,3.3100000000000005,18.3,14.82,0.95,0.97,1.0,1017.09,5.91,2.0,0.28,cloudy,rain,0,3,0,9,255,37
ACORN-F,2013-09-13,48,655.916666666667,8.18325405345696,13.85,9.3,13.85,6.72,11.575,4.549999999999999,13.85,7.1,0.89,2.95,0.69,1015.54,9.64,2.0,0.32,partly-cloudy-day,rain,0,4,0,9,256,37
ACORN-F,2013-09-14,48,657.833333333333,8.63241253384609,15.36,6.72,14.82,8.24,11.04,8.64,15.36,5.13,0.86,4.65,0.41,1010.26,9.93,2.0,0.36,wind,rain,0,5,1,9,257,37
ACORN-F,2013-09-15,48,657.020833333333,9.26488764598224,14.08,8.24,14.08,8.19,11.16,5.84,14.08,5.59,0.67,5.55,0.31,1002.85,13.55,2.0,0.39,wind,rain,0,6,1,9,258,37
ACORN-F,2013-09-16,48,656.854166666667,8.38195626854827,13.7,8.19,13.08,10.77,10.945,5.51,13.7,5.6,0.84,3.33,0.61,1000.28,11.44,2.0,0.43,partly-cloudy-day,rain,0,0,0,9,259,38
ACORN-F,2013-09-17,48,657.0,8.5046864543379,15.18,10.77,15.18,8.33,12.975,4.41,15.18,10.77,0.78,3.44,0.61,1003.41,11.18,2.0,0.46,partly-cloudy-day,rain,0,1,0,9,260,38
ACORN-F,2013-09-18,48,657.9375,8.2688869096017,15.84,8.33,15.84,9.84,12.085,7.51,15.86,6.46,0.84,3.76,0.49,1010.33,11.99,2.0,0.49,partly-cloudy-day,rain,0,2,0,9,261,38
ACORN-F,2013-09-19,48,657.979166666667,8.55233553934389,18.41,9.84,18.41,10.33,14.125,8.57,18.41,8.16,0.75,2.45,0.51,1017.72,12.5,2.0,0.54,partly-cloudy-day,rain,0,3,0,9,262,38
ACORN-F,2013-09-20,48,655.979166666667,8.35025520924648,18.18,10.33,18.18,16.43,14.254999999999999,7.85,18.24,10.33,0.87,2.8,0.56,1024.26,10.83,2.0,0.57,partly-cloudy-day,rain,0,4,0,9,263,38
ACORN-F,2013-09-21,48,654.041666666667,8.44557596388034,18.84,14.25,18.84,13.03,16.545,4.59,18.89,14.25,0.9,1.96,0.69,1027.75,10.57,2.0,0.6,partly-cloudy-day,rain,0,5,1,9,264,38
ACORN-F,2013-09-22,48,653.666666666667,8.88956823994825,19.64,13.03,19.64,11.53,16.335,6.610000000000001,19.64,13.03,0.89,0.88,0.52,1024.98,9.43,2.0,0.64,fog,rain,0,6,1,9,265,38
ACORN-F,2013-09-23,48,655.770833333333,8.26322703578531,21.47,11.53,21.47,13.67,16.5,9.94,21.47,11.53,0.89,1.18,0.17,1016.64,4.39,3.0,0.67,fog,rain,0,0,0,9,266,39
ACORN-F,2013-09-24,48,654.791666666667,7.99932083797456,20.87,13.67,20.87,13.96,17.27,7.200000000000001,20.87,13.67,0.86,0.51,0.36,1011.86,3.75,2.0,0.7,fog,rain,0,1,0,9,267,39
ACORN-F,2013-09-25,48,654.916666666667,7.97227916583377,18.88,13.12,18.88,10.58,16.0,5.76,18.88,13.12,0.79,3.1,0.51,1016.43,10.07,2.0,0.73,partly-cloudy-day,rain,0,2,0,9,268,39
ACORN-F,2013-09-26,48,655.854166666667,7.99928494593216,16.99,10.58,16.99,12.43,13.785,6.409999999999998,16.99,10.58,0.8,3.45,0.36,1016.27,13.39,2.0,0.76,partly-cloudy-day,rain,0,3,0,9,269,39
ACORN-F,2013-09-27,48,655.75,7.92661134428202,18.36,12.43,18.36,13.57,15.395,5.93,18.36,12.43,0.81,4.46,0.17,1009.88,9.78,2.0,0.79,partly-cloudy-day,rain,0,4,0,9,270,39
ACORN-F,2013-09-28,48,655.729166666667,8.34730027554403,17.36,13.44,17.36,13.44,15.399999999999999,3.92,17.36,13.44,0.79,4.76,0.45,1006.89,12.25,2.0,0.82,partly-cloudy-day,rain,0,5,1,9,271,39
ACORN-F,2013-09-29,48,656.0,8.77447103719512,18.81,13.21,18.81,11.76,16.009999999999998,5.599999999999998,18.81,13.21,0.79,3.68,0.37,1006.77,12.6,2.0,0.85,partly-cloudy-day,rain,0,6,1,9,272,39
ACORN-F,2013-09-30,48,652.916666666667,8.21617524267818,17.28,11.76,17.28,13.62,14.52,5.520000000000001,17.28,11.76,0.82,4.02,0.54,1009.02,9.11,2.0,0.88,partly-cloudy-day,rain,0,0,0,9,273,40
ACORN-F,2013-10-01,48,653.729166666667,8.28659994529142,19.02,13.62,19.02,14.03,16.32,5.4,19.1,13.62,0.87,3.51,0.59,1010.58,7.87,2.0,0.91,fog,rain,0,1,0,10,274,40
ACORN-F,2013-10-02,48,653.875,8.09403662627953,18.45,14.03,18.45,16.62,16.24,4.42,18.68,14.03,0.93,3.37,0.43,1008.9,7.03,2.0,0.94,partly-cloudy-day,rain,0,2,0,10,275,40
ACORN-F,2013-10-03,48,654.0,8.25791437247706,20.82,15.23,20.82,13.67,18.025,5.59,20.84,15.23,0.87,4.04,0.62,1009.01,11.68,1.0,0.98,partly-cloudy-day,rain,0,3,0,10,276,40
ACORN-F,2013-10-04,48,652.791666666667,8.07466250801175,17.94,13.67,17.94,8.76,15.805,4.270000000000001,17.94,13.67,0.87,1.58,0.49,1019.72,11.91,1.0,0.01,partly-cloudy-day,rain,0,4,0,10,277,40
ACORN-F,2013-10-05,48,652.020833333333,8.40566872987881,19.19,8.76,19.19,10.37,13.975000000000001,10.430000000000001,19.19,8.76,0.82,1.53,0.41,1025.61,11.14,1.0,0.05,partly-cloudy-day,rain,0,5,1,10,278,40
ACORN-F,2013-10-06,48,652.979166666667,8.61809460628999,18.57,10.37,18.57,13.36,14.469999999999999,8.200000000000001,18.57,10.37,0.87,2.43,0.47,1025.51,8.71,1.0,0.08,fog,rain,0,6,1,10,279,40
ACORN-F,2013-10-07,48,653.8125,8.31680907858688,19.62,13.36,19.62,13.51,16.490000000000002,6.260000000000002,19.62,13.36,0.85,3.13,0.55,1024.75,10.3,1.0,0.12,partly-cloudy-day,rain,0,0,0,10,280,41
ACORN-F,2013-10-08,48,653.958333333333,8.11767824697191,16.48,9.04,16.48,7.6,12.76,7.440000000000001,16.48,6.37,0.76,3.89,0.55,1019.97,12.46,1.0,0.16,partly-cloudy-day,rain,0,1,0,10,281,41
ACORN-F,2013-10-09,48,653.979166666667,8.15376346368092,11.82,7.6,11.82,8.66,9.71,4.220000000000001,11.82,4.19,0.68,6.07,0.45,1018.36,12.41,1.0,0.19,partly-cloudy-day,rain,0,2,0,10,282,41
ACORN-F,2013-10-10,48,653.979166666667,8.56288996852658,13.16,8.66,13.16,9.39,10.91,4.5,13.16,5.62,0.86,5.86,0.77,1017.55,10.25,1.0,0.23,wind,rain,0,3,0,10,283,41
ACORN-F,2013-10-11,48,652.9375,9.03480658463282,14.17,8.46,14.17,8.46,11.315000000000001,5.709999999999999,14.17,7.6,0.83,2.36,0.43,1018.13,10.62,1.0,0.27,partly-cloudy-day,rain,0,4,0,10,284,41
ACORN-F,2013-10-12,48,653.0,8.78471363062787,11.47,8.87,11.47,8.62,10.17,2.6000000000000014,11.47,6.46,0.92,3.78,0.58,1010.8,9.38,1.0,0.31,partly-cloudy-day,rain,0,5,1,10,285,41
ACORN-F,2013-10-13,48,653.958333333333,10.1043204771389,11.34,8.62,11.34,8.75,9.98,2.7200000000000006,11.34,6.28,0.91,3.71,0.66,1007.43,9.69,1.0,0.34,partly-cloudy-day,rain,0,6,1,10,286,41
ACORN-F,2013-10-14,48,651.770833333333,9.08863038596068,12.58,8.75,12.58,6.76,10.665,3.83,12.58,6.51,0.88,2.97,0.45,1010.38,9.27,1.0,0.38,fog,rain,0,0,0,10,287,42
ACORN-F,2013-10-15,48,652.0,8.86288496993865,14.87,6.76,14.87,11.82,10.815,8.11,14.87,6.42,0.91,1.84,0.44,1010.46,7.15,1.0,0.42,fog,rain,0,1,0,10,288,42
ACORN-F,2013-10-16,48,650.8125,9.1496482405181,17.29,11.82,17.29,10.5,14.555,5.469999999999999,17.29,11.82,0.84,4.15,0.26,1013.27,12.36,1.0,0.45,partly-cloudy-day,rain,0,2,0,10,289,42
ACORN-F,2013-10-17,48,650.0,8.67637545323639,17.16,10.5,17.16,13.21,13.83,6.66,17.16,10.5,0.91,2.76,0.49,1014.16,8.75,1.0,0.48,partly-cloudy-day,rain,0,3,0,10,290,42
ACORN-F,2013-10-18,48,650.979166666667,8.63492121804325,17.52,13.21,17.52,13.18,15.365,4.309999999999999,17.52,13.21,0.91,3.06,0.52,1005.58,11.31,1.0,0.52,partly-cloudy-day,rain,0,4,0,10,291,42
ACORN-F,2013-10-19,48,649.958333333333,8.85600255687333,17.04,12.16,17.04,12.16,14.6,4.879999999999999,17.04,12.16,0.89,4.29,0.42,1005.32,11.57,1.0,0.55,partly-cloudy-day,rain,0,5,1,10,292,42
ACORN-F,2013-10-20,48,650.0,9.58646307784615,17.53,13.26,17.53,16.32,15.395,4.270000000000001,17.53,13.26,0.87,4.81,0.53,1005.88,11.25,1.0,0.58,partly-cloudy-day,rain,0,6,1,10,293,42
ACORN-F,2013-10-21,48,649.979166666667,8.6733335828733,18.03,13.79,18.03,13.79,15.91,4.240000000000002,18.04,13.79,0.86,4.84,0.44,997.55,11.67,1.0,0.61,partly-cloudy-day,rain,0,0,0,10,294,43
ACORN-F,2013-10-22,48,651.854166666667,8.53006787229642,16.53,9.99,16.53,6.83,13.260000000000002,6.540000000000001,16.53,8.92,0.8,5.29,0.34,998.6,12.42,1.0,0.65,wind,rain,0,1,0,10,295,43
ACORN-F,2013-10-23,48,650.0,8.45929916965714,16.91,6.83,16.91,13.14,11.870000000000001,10.08,16.91,6.83,0.86,2.1,0.36,1013.45,12.05,1.0,0.68,partly-cloudy-day,rain,0,2,0,10,296,43
ACORN-F,2013-10-24,48,650.0,8.505126152,18.47,13.16,18.47,14.39,15.815,5.309999999999999,18.47,13.16,0.86,4.14,0.47,1005.16,10.91,1.0,0.7,partly-cloudy-day,rain,0,3,0,10,297,43
ACORN-F,2013-10-25,48,648.666666666667,8.4162841541815,16.66,14.34,16.66,11.66,15.5,2.3200000000000003,16.66,14.34,0.85,6.35,0.49,1004.52,11.31,1.0,0.73,wind,rain,0,4,0,10,298,43
ACORN-F,2013-10-26,48,649.0,8.76753312758089,15.87,11.66,15.87,11.7,13.765,4.209999999999999,15.87,11.66,0.81,7.05,0.32,996.66,11.18,1.0,0.76,wind,rain,0,5,1,10,299,43
ACORN-F,2013-10-27,48,650.958333333333,9.51663070774037,15.965,10.33,14.92,9.684999999999999,13.1475,5.634999999999999,15.974999999999998,9.120000000000001,0.81,7.365,0.405,994.5799999999999,11.19,1.0,0.78,wind,rain,0,6,1,10,300,43
ACORN-F,2013-10-28,48,650.833333333333,9.0346545717235,16.06,9.0,13.97,7.67,12.53,7.059999999999999,16.08,6.58,0.81,7.68,0.49,992.5,11.2,1.0,0.8,wind,rain,0,0,0,10,301,44
ACORN-F,2013-10-29,48,649.854166666667,9.05182596008966,12.38,6.86,12.38,4.47,9.620000000000001,5.5200000000000005,12.38,4.43,0.77,4.77,0.25,1010.58,13.66,1.0,0.83,partly-cloudy-day,rain,0,1,0,10,302,44
ACORN-F,2013-10-30,48,650.354166666667,9.0704300373026,13.57,4.47,13.57,12.03,9.02,9.100000000000001,13.57,2.27,0.8,3.67,0.33,1020.1,13.36,1.0,0.86,partly-cloudy-day,rain,0,2,0,10,303,44
ACORN-F,2013-10-31,48,650.9375,9.20102899000615,13.11,11.61,12.59,11.48,12.36,1.5,13.11,11.61,0.89,4.42,0.74,1016.56,11.36,1.0,0.89,partly-cloudy-day,rain,0,3,0,10,304,44
ACORN-F,2013-11-01,48,650.4375,9.03970715873733,13.97,11.48,13.97,10.47,12.725000000000001,2.49,13.97,11.48,0.89,2.95,0.55,1008.97,11.57,1.0,0.93,partly-cloudy-day,rain,0,4,0,11,305,44
ACORN-F,2013-11-02,48,651.875,9.21582401283344,15.08,10.27,15.08,7.56,12.675,4.8100000000000005,15.08,10.27,0.82,4.55,0.43,998.6,9.46,1.0,0.96,wind,rain,0,5,1,11,306,44
ACORN-F,2013-11-03,48,651.958333333333,10.0304276708221,11.43,7.56,11.43,6.04,9.495,3.87,11.43,3.89,0.74,5.3,0.22,998.64,11.99,1.0,0.0,wind,rain,0,6,1,11,307,44
ACORN-F,2013-11-04,48,649.583333333333,9.38665247482989,9.98,4.78,9.98,4.41,7.380000000000001,5.2,8.24,2.11,0.82,2.94,0.29,991.64,11.14,1.0,0.03,partly-cloudy-day,rain,0,0,0,11,308,45
ACORN-F,2013-11-05,48,650.625,9.58076248934427,12.39,4.41,12.39,9.31,8.4,7.98,12.39,2.98,0.83,3.96,0.56,994.74,12.1,1.0,0.07,partly-cloudy-day,rain,0,1,0,11,309,45
ACORN-F,2013-11-06,48,649.041666666667,9.63403848926104,14.87,9.31,14.79,9.31,12.09,5.559999999999999,14.87,6.77,0.88,4.86,0.62,999.46,10.19,1.0,0.11,wind,rain,0,2,0,11,310,45
ACORN-F,2013-11-07,48,647.916666666667,9.20968954886936,14.7,7.37,11.0,5.29,11.035,7.329999999999999,14.7,6.25,0.83,2.89,0.66,1006.38,13.9,1.0,0.14,partly-cloudy-day,rain,0,3,0,11,311,45
ACORN-F,2013-11-08,48,647.958333333333,9.55909539663618,11.0,5.29,11.0,3.28,8.145,5.71,11.0,2.54,0.9,2.0,0.5,1005.53,12.1,1.0,0.18,partly-cloudy-day,rain,0,4,0,11,312,45
ACORN-F,2013-11-09,48,647.708333333333,10.44687031379,7.06,3.28,7.06,4.79,5.17,3.78,7.04,1.24,0.9,1.9,0.41,1006.05,11.43,1.0,0.22,partly-cloudy-day,rain,0,5,1,11,313,45
ACORN-F,2013-11-10,48,649.291666666667,10.7672439210585,9.22,2.58,9.22,2.53,5.9,6.640000000000001,7.3,0.71,0.79,2.61,0.18,1015.79,12.68,1.0,0.26,partly-cloudy-day,rain,0,6,1,11,314,45
ACORN-F,2013-11-11,48,647.041666666667,9.90868229492088,12.63,2.53,12.11,9.79,7.58,10.100000000000001,12.63,1.21,0.91,3.65,0.65,1022.52,7.81,1.0,0.29,cloudy,rain,0,0,0,11,315,46
ACORN-F,2013-11-12,48,646.583333333333,9.51300437889554,13.11,6.08,12.36,2.11,9.594999999999999,7.029999999999999,13.11,4.61,0.85,2.26,0.56,1026.13,9.91,1.0,0.33,partly-cloudy-day,rain,0,1,0,11,316,46
ACORN-F,2013-11-13,48,646.833333333333,9.67727229245984,9.94,2.11,9.94,6.54,6.0249999999999995,7.83,9.09,0.39,0.82,2.3,0.45,1032.0,12.99,1.0,0.37,partly-cloudy-day,rain,0,2,0,11,317,46
ACORN-F,2013-11-14,48,645.833333333333,9.83325878956686,9.62,5.18,9.62,4.65,7.3999999999999995,4.4399999999999995,6.61,2.32,0.74,4.6,0.32,1023.75,13.18,1.0,0.4,partly-cloudy-day,rain,0,3,0,11,318,46
ACORN-F,2013-11-15,48,645.9375,9.90492483717018,9.25,3.33,9.25,1.38,6.29,5.92,7.41,1.74,0.72,2.57,0.27,1032.71,13.12,1.0,0.43,partly-cloudy-day,rain,0,4,0,11,319,46
ACORN-F,2013-11-16,48,645.020833333333,10.3930872920222,9.14,1.38,9.14,7.59,5.26,7.760000000000001,8.36,-0.1,0.87,1.4,0.35,1031.84,9.66,1.0,0.47,partly-cloudy-day,rain,0,5,1,11,320,46
ACORN-F,2013-11-17,48,645.0,10.8196248015504,9.57,8.28,9.57,8.08,8.925,1.290000000000001,9.57,7.78,0.87,0.87,1.0,1024.24,6.41,1.0,0.5,fog,rain,0,6,1,11,321,46
ACORN-F,2013-11-18,48,645.708333333333,9.90375140479616,9.3,7.37,9.3,2.19,8.335,1.9300000000000006,8.54,5.02,0.92,1.77,0.98,1010.92,5.39,1.0,0.53,fog,rain,0,0,0,11,322,47
ACORN-F,2013-11-19,48,645.895833333333,10.0960728469868,6.78,0.6,5.73,-1.27,3.69,6.180000000000001,4.33,-2.23,0.74,3.57,0.19,1013.76,13.5,1.0,0.56,partly-cloudy-day,rain,0,1,0,11,323,47
ACORN-F,2013-11-20,48,644.020833333333,10.6209550301958,6.38,-1.27,6.38,3.12,2.5549999999999997,7.65,3.21,-4.81,0.85,3.41,0.52,1003.95,12.18,1.0,0.59,partly-cloudy-day,rain,0,2,0,11,324,47
ACORN-F,2013-11-21,48,645.541666666667,10.5062833818137,7.91,3.12,7.91,3.52,5.515000000000001,4.79,4.39,-0.77,0.78,4.83,0.48,1004.26,11.96,1.0,0.62,partly-cloudy-day,rain,0,3,0,11,325,47
ACORN-F,2013-11-22,48,645.895833333333,10.4918878585735,7.89,3.52,7.89,3.41,5.705,4.369999999999999,4.74,0.0,0.76,4.31,0.27,1017.66,12.36,1.0,0.65,partly-cloudy-day,rain,0,4,0,11,326,47
ACORN-F,2013-11-23,48,642.083333333333,10.7664642723055,7.41,3.41,7.41,6.14,5.41,4.0,4.72,0.61,0.82,3.37,0.46,1024.21,11.2,1.0,0.68,partly-cloudy-day,rain,0,5,1,11,327,47
ACORN-F,2013-11-24,48,640.666666666667,11.2677422627377,8.02,5.06,8.02,4.54,6.539999999999999,2.96,5.55,2.69,0.78,3.55,0.77,1030.42,11.78,1.0,0.71,partly-cloudy-day,rain,0,6,1,11,328,47
ACORN-F,2013-11-25,48,640.8125,10.4447671035019,7.29,4.54,7.29,2.98,5.915,2.75,4.63,1.89,0.77,3.33,0.73,1037.52,12.17,1.0,0.74,partly-cloudy-day,rain,0,0,0,11,329,48
ACORN-F,2013-11-26,48,641.979166666667,10.4105117344881,7.23,2.93,7.23,5.78,5.08,4.300000000000001,5.77,1.08,0.72,2.17,0.47,1038.71,12.63,1.0,0.77,partly-cloudy-night,rain,0,1,0,11,330,48
ACORN-F,2013-11-27,48,641.979166666667,10.0808040884563,10.32,5.78,10.32,8.58,8.05,4.54,10.32,4.12,0.89,1.35,0.88,1033.95,6.76,1.0,0.81,partly-cloudy-day,rain,0,2,0,11,331,48
ACORN-F,2013-11-28,48,639.729166666667,9.83734493646168,9.9,8.08,9.9,8.04,8.99,1.8200000000000003,9.38,7.97,0.87,1.23,0.96,1034.64,6.34,0.0,0.84,cloudy,rain,0,3,0,11,332,48
ACORN-F,2013-11-29,48,640.604166666667,9.94198937453469,10.18,6.56,10.18,6.21,8.37,3.62,10.18,2.99,0.77,4.4,0.62,1026.65,11.02,1.0,0.87,partly-cloudy-day,rain,0,4,0,11,333,48
ACORN-F,2013-11-30,48,640.875,10.4573910045247,8.38,3.53,8.38,2.43,5.955,4.850000000000001,6.01,2.19,0.73,3.68,0.5,1027.3,12.46,1.0,0.91,partly-cloudy-day,rain,0,5,1,11,334,48
ACORN-F,2013-12-01,48,641.854166666667,11.3079214027734,9.42,2.43,9.42,7.26,5.925,6.99,8.59,0.21,0.83,1.02,0.55,1032.9,11.59,1.0,0.94,partly-cloudy-day,rain,0,6,1,12,335,48
ACORN-F,2013-12-02,48,639.833333333333,10.1708208087183,9.42,6.59,9.42,6.34,8.004999999999999,2.83,8.79,6.24,0.79,1.36,0.86,1033.95,10.7,0.0,0.98,partly-cloudy-day,rain,0,0,0,12,336,49
ACORN-F,2013-12-03,48,639.9375,10.3053000328255,7.22,3.66,6.44,3.66,5.4399999999999995,3.5599999999999996,7.22,1.58,0.72,0.96,0.97,1029.5,11.99,0.0,0.02,cloudy,rain,0,1,0,12,337,49
ACORN-F,2013-12-04,48,638.041666666667,10.250974562499,8.91,2.35,8.91,1.08,5.63,6.5600000000000005,6.66,-0.58,0.77,2.87,0.56,1029.19,12.25,1.0,0.06,partly-cloudy-day,rain,0,2,0,12,338,49
ACORN-F,2013-12-05,48,637.729166666667,10.7400919103044,10.29,1.08,10.29,2.73,5.685,9.209999999999999,10.29,-2.54,0.73,6.12,0.44,1023.72,13.37,1.0,0.09,wind,rain,0,3,0,12,339,49
ACORN-F,2013-12-06,48,637.0,10.5998908285711,7.85,2.73,7.85,6.55,5.29,5.119999999999999,5.72,-1.27,0.7,3.92,0.38,1027.65,12.67,1.0,0.13,partly-cloudy-day,rain,0,4,0,12,340,49
ACORN-F,2013-12-07,48,638.208333333333,10.8133355025907,8.72,6.55,8.72,5.09,7.635,2.170000000000001,6.32,4.02,0.85,3.71,0.47,1026.6,11.78,1.0,0.17,partly-cloudy-day,rain,0,5,1,12,341,49
ACORN-F,2013-12-08,48,638.895833333333,10.9160275026607,11.24,5.09,11.24,6.01,8.165,6.15,11.24,2.53,0.83,4.56,0.35,1025.35,12.87,1.0,0.2,partly-cloudy-day,rain,0,6,1,12,342,49
ACORN-F,2013-12-09,48,638.5,9.92317836886268,11.01,5.06,11.01,2.06,8.035,5.95,11.01,3.17,0.89,2.69,0.32,1028.84,10.73,1.0,0.24,partly-cloudy-day,rain,0,0,0,12,343,50
ACORN-F,2013-12-10,48,638.0,10.246222569906,9.03,2.06,9.03,2.06,5.545,6.969999999999999,7.65,2.06,0.91,1.35,0.23,1031.32,4.49,1.0,0.28,fog,rain,0,1,0,12,344,50
ACORN-F,2013-12-11,48,636.229166666667,10.3700716768965,6.4,2.06,6.4,1.52,4.23,4.34,6.34,0.46,0.93,1.45,0.03,1029.46,3.48,1.0,0.31,fog,rain,0,2,0,12,345,50
ACORN-F,2013-12-12,48,635.3125,10.414169055627,8.98,1.52,8.98,7.23,5.25,7.460000000000001,7.28,-0.88,0.94,2.28,0.16,1024.86,3.14,1.0,0.35,fog,rain,0,3,0,12,346,50
ACORN-F,2013-12-13,48,636.916666666667,10.2390922061565,11.73,8.15,11.73,3.79,9.940000000000001,3.58,11.73,5.42,0.85,3.44,0.51,1019.67,9.45,1.0,0.38,partly-cloudy-day,rain,0,4,0,12,347,50
ACORN-F,2013-12-14,48,637.979166666667,10.6923407034748,11.33,3.79,11.33,8.11,7.5600000000000005,7.54,11.33,1.16,0.81,5.45,0.35,1022.45,12.73,1.0,0.41,wind,rain,0,5,1,12,348,50
ACORN-F,2013-12-15,48,636.770833333333,11.1984335601007,12.54,8.11,12.44,11.64,10.325,4.43,12.54,6.2,0.91,6.12,0.68,1019.25,9.14,0.0,0.44,wind,rain,0,6,1,12,349,50
ACORN-F,2013-12-16,48,636.895833333333,10.1965761747443,12.89,7.95,12.89,4.61,10.42,4.94,12.89,6.56,0.89,5.57,0.88,1016.66,10.36,0.0,0.47,wind,rain,0,0,0,12,350,51
ACORN-F,2013-12-17,48,637.9375,10.2962558414246,7.4,4.61,6.48,5.01,6.005000000000001,2.79,7.08,2.72,0.9,1.29,0.6,1021.59,9.61,0.0,0.51,fog,rain,0,1,0,12,351,51
ACORN-F,2013-12-18,48,636.6875,10.2345988205874,10.29,5.01,10.27,5.14,7.6499999999999995,5.279999999999999,10.29,2.42,0.88,5.85,0.64,1007.83,9.7,0.0,0.54,wind,rain,0,2,0,12,352,51
ACORN-F,2013-12-19,48,636.166666666667,10.421086865776,9.7,3.68,8.19,2.63,6.6899999999999995,6.02,7.07,0.55,0.78,3.99,0.36,1002.06,13.89,1.0,0.57,partly-cloudy-day,rain,0,3,0,12,353,51
ACORN-F,2013-12-20,48,637.958333333333,10.3723985194153,10.42,2.63,9.69,9.41,6.525,7.79,10.42,-0.66,0.79,5.52,0.36,1018.73,13.82,1.0,0.6,wind,rain,0,4,0,12,354,51
ACORN-F,2013-12-21,48,637.0,11.0554901870959,11.95,9.41,11.95,7.96,10.68,2.539999999999999,11.95,5.58,0.86,8.91,0.86,1012.62,9.66,0.0,0.63,wind,rain,0,5,1,12,355,51
ACORN-F,2013-12-22,48,637.895833333333,11.0808846730789,10.07,4.81,10.07,4.81,7.4399999999999995,5.260000000000001,10.07,1.58,0.73,5.66,0.25,1009.77,12.68,1.0,0.66,partly-cloudy-day,rain,0,6,1,12,356,51
ACORN-F,2013-12-23,48,637.895833333333,10.9368116238653,11.95,5.14,11.33,8.23,8.545,6.81,11.95,2.07,0.84,8.48,0.58,998.59,9.98,0.0,0.69,wind,rain,0,0,0,12,357,52
ACORN-F,2013-12-24,48,637.458333333333,10.8549700316919,11.93,5.43,9.07,3.93,8.68,6.5,11.93,2.68,0.81,6.67,0.4,979.52,10.86,1.0,0.72,partly-cloudy-day,rain,0,1,0,12,358,52
ACORN-F,2013-12-25,48,637.020833333333,11.3158551636531,7.19,3.74,7.19,2.87,5.465,3.45,4.98,0.23,0.85,2.47,0.03,984.66,12.36,1.0,0.75,clear-day,rain,1,2,0,12,359,52
ACORN-F,2013-12-26,48,637.916666666667,10.3007867026744,7.64,2.87,4.29,4.29,5.255,4.77,4.53,-0.06,0.92,2.27,0.49,995.06,9.8,0.0,0.78,wind,rain,1,3,0,12,360,52
ACORN-F,2013-12-27,48,637.020833333333,10.7411485372374,10.99,7.47,10.41,4.27,9.23,3.5200000000000005,10.99,3.68,0.75,7.86,0.37,986.81,11.43,1.0,0.82,wind,rain,0,4,0,12,361,52
ACORN-F,2013-12-28,48,637.979166666667,10.3958771327662,7.81,2.86,7.81,0.72,5.335,4.949999999999999,5.34,0.77,0.77,3.17,0.11,997.47,13.45,1.0,0.85,partly-cloudy-day,rain,0,5,1,12,362,52
ACORN-F,2013-12-29,48,636.9375,10.9962327902707,7.56,0.72,7.15,5.23,4.14,6.84,4.44,-2.77,0.84,3.07,0.12,1014.89,14.08,1.0,0.89,partly-cloudy-night,rain,0,6,1,12,363,52
ACORN-F,2013-12-30,48,637.0,10.9931459992151,10.22,6.4,10.22,6.4,8.31,3.8200000000000003,10.22,4.21,0.83,6.58,0.55,1010.88,11.35,0.0,0.93,wind,rain,0,0,0,12,364,1
ACORN-F,2013-12-31,48,636.979166666667,10.9146832247482,10.36,5.77,10.36,5.77,8.065,4.59,10.36,2.79,0.85,4.72,0.59,1004.27,12.13,0.0,0.96,partly-cloudy-day,rain,0,1,0,12,365,1
ACORN-F,2014-01-01,48,637.875,11.4526098138792,11.34,6.59,10.83,6.54,8.965,4.75,11.34,3.18,0.86,7.2,0.495,993.32,9.95,0.5,0.01,wind,rain,1,2,0,1,1,1
ACORN-F,2014-01-02,48,637.916666666667,10.4412035775852,10.75,6.54,10.27,8.54,8.645,4.21,10.75,3.36,0.82,4.89,0.4,993.31,12.23,1.0,0.04,wind,rain,0,3,0,1,2,1
ACORN-F,2014-01-03,48,638.0,10.6702915351097,10.49,7.01,10.14,7.04,8.75,3.4800000000000004,10.49,2.77,0.78,7.66,0.4,994.51,10.93,1.0,0.08,wind,rain,0,4,0,1,3,1
ACORN-F,2014-01-04,48,637.6875,10.8324623775948,9.58,4.06,9.58,1.72,6.82,5.5200000000000005,6.66,1.16,0.84,4.46,0.61,993.71,11.27,0.0,0.12,partly-cloudy-day,rain,0,5,1,1,4,1
ACORN-F,2014-01-05,48,637.770833333333,11.5330310208912,11.96,1.72,8.78,8.78,6.840000000000001,10.24,11.96,-0.88,0.87,4.4,0.44,1000.02,11.67,1.0,0.15,wind,rain,0,6,1,1,5,1
ACORN-F,2014-01-06,48,636.729166666667,10.3410238171964,12.57,9.34,12.37,10.23,10.955,3.2300000000000004,12.57,5.91,0.78,8.3,0.58,994.61,10.67,1.0,0.19,wind,rain,0,0,0,1,6,2
ACORN-F,2014-01-07,48,637.0,10.2997080047096,11.38,8.98,11.38,7.37,10.18,2.4000000000000004,11.38,5.34,0.78,7.3,0.59,1003.19,11.36,1.0,0.22,wind,rain,0,1,0,1,7,2
ACORN-F,2014-01-08,48,634.0625,9.80076793386685,11.62,7.37,11.62,9.25,9.495,4.249999999999999,11.62,4.53,0.85,4.15,0.5,1011.94,11.99,1.0,0.26,partly-cloudy-day,rain,0,2,0,1,8,2
ACORN-F,2014-01-09,48,634.625,10.1568953607189,12.01,4.86,10.29,2.68,8.435,7.1499999999999995,12.01,1.6,0.77,6.03,0.39,1006.3,12.63,1.0,0.29,wind,rain,0,3,0,1,9,2
ACORN-F,2014-01-10,48,633.020833333333,10.2998451237386,10.14,2.68,10.14,7.16,6.41,7.460000000000001,10.14,0.34,0.85,3.56,0.4,1014.26,13.0,1.0,0.33,partly-cloudy-day,rain,0,4,0,1,10,2
ACORN-F,2014-01-11,48,634.958333333333,10.5639710474546,8.59,1.02,8.41,0.38,4.805,7.57,5.91,1.02,0.81,2.68,0.2,1018.51,12.05,1.0,0.36,partly-cloudy-day,rain,0,5,1,1,11,2
ACORN-F,2014-01-12,48,632.583333333333,11.9042662421751,8.91,0.38,7.06,5.42,4.6450000000000005,8.53,6.06,-1.79,0.9,3.25,0.46,1016.63,8.27,1.0,0.39,cloudy,rain,0,6,1,1,12,2
ACORN-Q,2012-07-01,48,703.041666666667,7.26681629129728,17.58,12.47,17.58,15.43,15.024999999999999,5.109999999999998,17.58,12.47,0.83,4.51,0.56,1015.49,11.97,6.0,0.45,partly-cloudy-day,rain,0,6,1,7,183,26
ACORN-Q,2012-07-02,48,708.833333333333,6.84509869797431,18.81,15.43,18.81,15.95,17.119999999999997,3.379999999999999,18.81,15.52,0.9,3.64,0.78,1013.77,11.54,5.0,0.49,partly-cloudy-day,rain,0,0,0,7,184,27
ACORN-Q,2012-07-03,48,706.583333333333,6.82859917211338,21.44,15.95,21.44,15.2,18.695,5.490000000000002,21.44,16.12,0.85,3.35,0.66,1009.62,11.02,6.0,0.53,partly-cloudy-day,rain,0,1,0,7,185,27
ACORN-Q,2012-07-04,48,714.0625,6.7063687022381,22.33,15.2,22.33,14.78,18.765,7.129999999999999,22.33,15.2,0.71,1.35,0.48,1009.33,12.73,6.0,0.56,partly-cloudy-day,rain,0,2,0,7,186,27
ACORN-Q,2012-07-05,48,728.020833333333,6.63875541029479,18.7,14.78,18.7,13.42,16.74,3.92,18.7,14.78,0.82,2.46,0.39,1007.45,11.89,5.0,0.6,partly-cloudy-day,rain,1,3,0,7,187,27
ACORN-Q,2012-07-06,48,735.583333333333,6.74214639046641,18.65,13.42,18.65,14.28,16.035,5.229999999999999,18.65,13.42,0.81,3.33,0.54,1007.26,11.28,6.0,0.63,partly-cloudy-day,rain,0,4,0,7,188,27
ACORN-Q,2012-07-07,48,745.395833333333,7.02639104998607,18.77,14.28,18.77,14.38,16.525,4.49,18.77,14.28,0.89,1.08,0.55,1005.49,10.94,6.0,0.67,partly-cloudy-day,rain,0,5,1,7,189,27
ACORN-Q,2012-07-08,48,747.645833333333,7.44792030852348,18.0,14.38,18.0,13.96,16.19,3.619999999999999,18.0,14.38,0.85,3.31,0.61,1010.95,11.28,5.0,0.7,partly-cloudy-day,rain,0,6,1,7,190,27
ACORN-Q,2012-07-09,48,752.0,6.90168959425229,17.46,13.28,17.46,12.07,15.370000000000001,4.1800000000000015,17.46,13.28,0.84,3.33,0.55,1010.77,12.18,6.0,0.73,partly-cloudy-day,rain,0,0,0,7,191,28
ACORN-Q,2012-07-10,48,760.125,6.67392519673779,18.75,12.07,18.75,10.04,15.41,6.68,18.75,12.07,0.79,4.03,0.48,1010.87,13.0,6.0,0.76,partly-cloudy-day,rain,0,1,0,7,192,28
ACORN-Q,2012-07-11,48,766.833333333333,6.67821921639674,18.67,10.04,18.67,13.15,14.355,8.630000000000003,18.67,10.04,0.8,3.27,0.5,1012.07,12.34,6.0,0.79,partly-cloudy-day,rain,0,2,0,7,193,28
ACORN-Q,2012-07-12,48,774.5,6.7548015910665,19.26,14.21,19.26,13.66,16.735,5.050000000000001,19.26,14.21,0.83,4.59,0.58,1002.07,12.26,6.0,0.82,partly-cloudy-day,rain,0,3,0,7,194,28
ACORN-Q,2012-07-13,48,783.0,6.62883898234976,16.44,13.13,16.44,12.44,14.785,3.3100000000000005,16.44,13.13,0.88,1.68,0.63,1004.61,11.91,5.0,0.85,partly-cloudy-day,rain,0,4,0,7,195,28
ACORN-Q,2012-07-14,48,784.5625,7.12345922135822,18.26,12.44,18.26,13.05,15.350000000000001,5.820000000000002,18.26,12.44,0.69,3.45,0.39,1015.16,11.97,6.0,0.88,partly-cloudy-day,rain,0,5,1,7,196,28
ACORN-Q,2012-07-15,48,786.8125,7.06968873178036,17.06,13.05,16.94,13.92,15.055,4.009999999999998,17.15,13.05,0.85,5.27,0.68,1019.8,12.21,5.0,0.91,partly-cloudy-day,rain,0,6,1,7,197,28
ACORN-Q,2012-07-16,48,786.0,6.84221647364765,22.44,13.92,22.44,14.91,18.18,8.520000000000001,22.48,13.92,0.77,4.9,0.55,1022.06,12.81,5.0,0.94,partly-cloudy-day,rain,0,0,0,7,198,29
ACORN-Q,2012-07-17,48,786.458333333333,6.68687472302769,18.52,14.91,18.52,13.77,16.715,3.6099999999999994,18.52,14.91,0.85,5.3,0.72,1013.52,12.47,5.0,0.97,partly-cloudy-day,rain,0,1,0,7,199,29
ACORN-Q,2012-07-18,48,783.354166666667,6.67078009520543,20.18,13.77,20.18,13.12,16.975,6.41,20.18,13.77,0.73,4.41,0.48,1010.4,12.96,6.0,0.01,partly-cloudy-day,rain,0,2,0,7,200,29
ACORN-Q,2012-07-19,48,783.0,6.58071563491873,17.77,13.12,17.77,11.83,15.445,4.65,17.77,13.12,0.79,1.52,0.54,1016.21,12.18,5.0,0.04,partly-cloudy-day,rain,0,3,0,7,201,29
ACORN-Q,2012-07-20,48,787.895833333333,6.69350081189117,19.89,11.83,19.89,12.24,15.86,8.06,19.89,11.83,0.7,0.9,0.36,1023.63,12.5,6.0,0.07,partly-cloudy-day,rain,0,4,0,7,202,29
ACORN-Q,2012-07-21,48,787.020833333333,6.65774763908887,22.86,12.24,22.86,12.47,17.55,10.62,22.86,12.24,0.66,3.0,0.22,1026.73,12.6,6.0,0.11,partly-cloudy-day,rain,0,5,1,7,203,29
ACORN-Q,2012-07-22,48,787.333333333333,6.71569599151681,27.18,12.47,27.18,14.21,19.825,14.709999999999999,27.18,12.47,0.58,3.21,0.19,1023.04,12.71,6.0,0.14,partly-cloudy-day,rain,0,6,1,7,204,29
ACORN-Q,2012-07-23,48,787.520833333333,6.53418292282135,28.32,14.21,28.32,15.74,21.265,14.11,28.32,14.21,0.58,0.87,0.02,1018.25,12.31,7.0,0.18,clear-day,rain,0,0,0,7,205,30
ACORN-Q,2012-07-24,48,788.0,6.57898477043147,29.37,15.74,29.37,15.93,22.555,13.63,29.37,15.74,0.57,0.81,0.2,1016.59,12.31,6.0,0.22,partly-cloudy-day,rain,0,1,0,7,206,30
ACORN-Q,2012-07-25,48,787.104166666667,6.54357745955854,26.44,15.93,26.44,15.93,21.185000000000002,10.510000000000002,26.44,15.93,0.61,2.8,0.12,1018.08,11.7,6.0,0.26,partly-cloudy-day,rain,0,2,0,7,207,30
ACORN-Q,2012-07-26,48,788.666666666667,6.5034662892397,23.79,15.93,23.79,15.02,19.86,7.859999999999999,23.79,16.01,0.75,1.48,0.36,1012.66,9.75,5.0,0.29,partly-cloudy-night,rain,0,3,0,7,208,30
ACORN-Q,2012-07-27,48,788.020833333333,6.67866594698729,21.09,14.93,21.09,10.97,18.009999999999998,6.16,21.09,14.93,0.55,2.52,0.44,1010.56,13.26,6.0,0.33,partly-cloudy-day,rain,0,4,0,7,209,30
ACORN-Q,2012-07-28,48,788.958333333333,6.58718626586439,17.92,10.97,17.92,9.86,14.445,6.950000000000001,17.92,10.97,0.75,3.53,0.3,1011.76,12.97,5.0,0.37,partly-cloudy-day,rain,0,5,1,7,210,30
ACORN-Q,2012-07-29,48,788.020833333333,6.96333399328907,19.69,9.86,19.69,11.52,14.775,9.830000000000002,19.69,8.53,0.65,4.22,0.31,1015.19,12.92,5.0,0.41,partly-cloudy-day,rain,0,6,1,7,211,30
ACORN-Q,2012-07-30,48,787.604166666667,6.60107843276772,20.19,11.52,20.19,13.69,15.855,8.670000000000002,20.19,11.52,0.84,3.03,0.53,1014.62,11.57,5.0,0.44,partly-cloudy-day,rain,0,0,0,7,212,31
ACORN-Q,2012-07-31,48,789.791666666667,6.62567950659242,22.57,13.69,22.57,15.61,18.13,8.88,22.57,13.69,0.79,3.24,0.41,1009.58,11.3,5.0,0.48,partly-cloudy-day,rain,0,1,0,7,213,31
ACORN-Q,2012-08-01,48,789.729166666667,6.50641212863609,21.29,15.61,21.29,13.09,18.45,5.68,21.29,15.61,0.74,4.71,0.45,1010.31,12.63,4.0,0.52,partly-cloudy-day,rain,0,2,0,8,214,31
ACORN-Q,2012-08-02,48,789.958333333333,6.5558495066777,21.77,13.09,21.77,14.36,17.43,8.68,21.77,13.09,0.73,4.37,0.33,1012.49,12.63,5.0,0.55,partly-cloudy-day,rain,0,3,0,8,215,31
ACORN-Q,2012-08-03,48,790.0,6.49282531734177,21.04,14.36,21.04,12.98,17.7,6.68,21.04,14.36,0.77,3.97,0.41,1010.03,12.89,5.0,0.58,partly-cloudy-day,rain,0,4,0,8,216,31
ACORN-Q,2012-08-04,48,790.979166666667,6.58446532964522,20.69,12.98,20.69,14.77,16.835,7.710000000000001,20.69,12.98,0.79,2.23,0.34,1007.24,11.99,5.0,0.62,partly-cloudy-day,rain,0,5,1,8,217,31
ACORN-Q,2012-08-05,48,790.895833333333,6.96316493999046,20.95,14.77,20.95,11.49,17.86,6.18,20.95,14.77,0.77,3.26,0.41,1009.08,12.78,5.0,0.65,partly-cloudy-day,rain,0,6,1,8,218,31
ACORN-Q,2012-08-06,48,790.020833333333,6.64580121865496,19.32,11.49,19.32,14.84,15.405000000000001,7.83,19.32,11.49,0.78,3.83,0.46,1019.52,12.89,5.0,0.68,partly-cloudy-day,rain,0,0,0,8,219,32
ACORN-Q,2012-08-07,48,790.895833333333,6.57810150976334,22.8,15.03,22.8,13.33,18.915,7.770000000000001,22.8,15.03,0.77,1.73,0.54,1022.61,11.43,4.0,0.71,partly-cloudy-day,rain,0,1,0,8,220,32
ACORN-Q,2012-08-08,48,791.0,6.57340960847029,25.92,13.33,25.92,14.5,19.625,12.590000000000002,25.92,13.33,0.69,0.52,0.27,1025.62,11.47,5.0,0.74,partly-cloudy-day,rain,0,2,0,8,221,32
ACORN-Q,2012-08-09,48,791.979166666667,6.54881239670871,24.99,14.5,24.99,15.21,19.744999999999997,10.489999999999998,24.99,14.5,0.7,0.55,0.23,1026.05,11.7,5.0,0.77,partly-cloudy-day,rain,0,3,0,8,222,32
ACORN-Q,2012-08-10,48,791.854166666667,6.54322531401387,22.91,15.21,22.91,16.03,19.060000000000002,7.699999999999999,22.91,15.21,0.67,4.3,0.24,1020.96,11.97,5.0,0.8,partly-cloudy-day,rain,0,4,0,8,223,32
ACORN-Q,2012-08-11,48,790.041666666667,6.65938836288678,25.13,16.03,25.13,15.26,20.58,9.099999999999998,25.13,16.03,0.7,2.43,0.24,1012.34,11.18,5.0,0.83,partly-cloudy-day,rain,0,5,1,8,224,32
ACORN-Q,2012-08-12,48,790.979166666667,6.90862227149914,22.68,15.26,22.68,17.62,18.97,7.42,22.68,15.26,0.79,2.92,0.42,1011.16,12.04,4.0,0.86,partly-cloudy-day,rain,0,6,1,8,225,32
ACORN-Q,2012-08-13,48,790.958333333333,6.55904081210933,23.97,17.62,23.97,17.87,20.795,6.349999999999998,23.97,17.81,0.75,2.31,0.44,1011.08,11.8,5.0,0.89,partly-cloudy-day,rain,0,0,0,8,226,33
ACORN-Q,2012-08-14,48,789.375,6.49269753980987,22.57,17.38,22.57,16.02,19.975,5.190000000000001,22.79,17.38,0.77,2.67,0.26,1006.5,11.96,5.0,0.92,partly-cloudy-day,rain,0,1,0,8,227,33
ACORN-Q,2012-08-15,48,790.645833333333,6.62676026473341,21.67,16.02,21.67,17.92,18.845,5.650000000000002,21.67,16.02,0.71,4.22,0.42,1014.08,12.84,4.0,0.95,partly-cloudy-day,rain,0,2,0,8,228,33
ACORN-Q,2012-08-16,48,788.75,6.42422257835735,27.23,17.92,27.23,20.54,22.575000000000003,9.309999999999999,27.23,17.92,0.63,3.71,0.45,1013.84,13.08,4.0,0.98,partly-cloudy-day,rain,0,3,0,8,229,33
ACORN-Q,2012-08-17,48,791.166666666667,6.43119743537167,29.86,20.54,29.86,17.97,25.2,9.32,30.6,20.54,0.59,2.17,0.23,1013.75,12.87,5.0,0.03,partly-cloudy-day,rain,0,4,0,8,230,33
ACORN-Q,2012-08-18,48,792.979166666667,6.75698634286481,28.88,17.97,28.88,16.96,23.424999999999997,10.91,29.5,18.33,0.72,0.76,0.21,1015.16,12.28,4.0,0.06,partly-cloudy-day,rain,0,5,1,8,231,33
ACORN-Q,2012-08-19,48,790.979166666667,7.08997332325443,24.54,16.96,24.54,16.27,20.75,7.579999999999998,24.54,17.05,0.75,2.78,0.34,1019.31,12.5,4.0,0.1,partly-cloudy-day,rain,0,6,1,8,232,33
ACORN-Q,2012-08-20,48,791.979166666667,6.66864182450165,22.09,16.27,22.09,13.16,19.18,5.82,22.09,16.36,0.75,2.54,0.34,1017.69,12.52,4.0,0.13,partly-cloudy-day,rain,0,0,0,8,233,34
ACORN-Q,2012-08-21,48,792.729166666667,6.50284473248035,21.48,13.16,21.48,12.96,17.32,8.32,21.48,13.16,0.72,4.6,0.34,1017.28,12.87,4.0,0.17,partly-cloudy-day,rain,0,1,0,8,234,34
ACORN-Q,2012-08-22,48,792.708333333333,6.50740873599742,22.04,12.96,22.04,14.07,17.5,9.079999999999998,22.04,12.96,0.7,2.6,0.37,1014.56,12.83,4.0,0.21,partly-cloudy-day,rain,0,2,0,8,235,34
ACORN-Q,2012-08-23,48,791.0,6.44295362792328,20.27,14.07,20.27,15.58,17.17,6.199999999999999,20.27,14.07,0.76,2.88,0.44,1005.28,12.34,4.0,0.25,partly-cloudy-day,rain,0,3,0,8,236,34
ACORN-Q,2012-08-24,48,792.0,6.36148358762626,20.93,15.04,20.93,14.26,17.985,5.890000000000001,20.93,15.04,0.88,3.94,0.52,1001.05,12.3,4.0,0.28,partly-cloudy-day,rain,0,4,0,8,237,34
ACORN-Q,2012-08-25,48,791.9375,6.71588121147697,21.01,14.26,21.01,12.62,17.635,6.750000000000002,21.01,14.26,0.69,4.39,0.51,1014.38,13.2,4.0,0.32,partly-cloudy-day,rain,0,5,1,8,238,34
ACORN-Q,2012-08-26,48,790.854166666667,6.63081289431931,20.99,12.62,20.99,14.97,16.805,8.37,20.99,12.62,0.75,3.82,0.32,1014.33,12.46,4.0,0.36,partly-cloudy-day,rain,0,6,1,8,239,34
ACORN-Q,2012-08-27,48,791.333333333333,6.65588392906379,22.5,14.97,22.5,14.74,18.735,7.529999999999999,22.5,14.97,0.75,4.17,0.39,1012.79,12.63,4.0,0.39,partly-cloudy-day,rain,1,0,0,8,240,35
ACORN-Q,2012-08-28,48,791.708333333333,6.44162483156925,19.69,13.66,19.69,14.09,16.675,6.030000000000001,19.69,13.66,0.85,4.15,0.36,1012.74,11.84,3.0,0.43,partly-cloudy-day,rain,0,1,0,8,241,35
ACORN-Q,2012-08-29,48,792.645833333333,6.65378364882073,16.92,11.25,16.92,7.78,14.085,5.670000000000002,16.92,11.25,0.8,2.65,0.4,1016.19,12.33,3.0,0.46,partly-cloudy-day,rain,0,2,0,8,242,35
ACORN-Q,2012-08-30,48,790.770833333333,6.57437279115952,17.72,7.78,17.72,13.11,12.75,9.939999999999998,17.72,5.92,0.6,3.21,0.33,1028.62,13.02,4.0,0.49,partly-cloudy-day,rain,0,3,0,8,243,35
ACORN-Q,2012-08-31,48,791.770833333333,6.38851119400006,20.53,13.11,20.53,12.57,16.82,7.420000000000002,20.53,13.11,0.72,2.53,0.55,1026.14,13.15,3.0,0.54,partly-cloudy-day,rain,0,4,0,8,244,35
ACORN-Q,2012-09-01,48,790.041666666667,6.60610216442527,18.35,12.57,18.35,15.69,15.46,5.780000000000001,18.37,12.57,0.87,3.11,0.56,1024.58,12.07,3.0,0.57,partly-cloudy-day,rain,0,5,1,9,245,35
ACORN-Q,2012-09-02,48,790.958333333333,7.08468605644962,24.34,15.69,24.34,13.71,20.015,8.65,24.34,15.69,0.72,1.15,0.5,1025.68,10.48,3.0,0.6,partly-cloudy-day,rain,0,6,1,9,246,35
ACORN-Q,2012-09-03,48,789.833333333333,6.62708432846822,24.79,13.71,24.79,12.07,19.25,11.079999999999998,24.79,13.71,0.77,1.9,0.42,1023.55,11.41,3.0,0.63,partly-cloudy-day,rain,0,0,0,9,247,36
ACORN-Q,2012-09-04,48,791.645833333333,6.66884528972593,19.97,12.07,19.97,8.67,16.02,7.899999999999999,19.97,12.07,0.6,3.26,0.27,1026.74,12.5,3.0,0.66,partly-cloudy-day,rain,1,1,0,9,248,36
ACORN-Q,2012-09-05,48,791.958333333333,6.48404717894511,20.76,8.67,20.76,11.46,14.715,12.090000000000002,20.76,8.67,0.67,1.88,0.46,1028.3,12.41,3.0,0.69,partly-cloudy-day,rain,0,2,0,9,249,36
ACORN-Q,2012-09-06,48,790.895833333333,6.49365126240289,25.76,11.46,25.76,10.41,18.61,14.3,25.76,11.46,0.63,2.97,0.18,1024.47,11.75,3.0,0.72,partly-cloudy-day,rain,0,3,0,9,250,36
ACORN-Q,2012-09-07,48,791.979166666667,6.55822948675791,27.12,10.41,27.12,11.32,18.765,16.71,27.12,10.41,0.62,1.39,0.14,1020.6,12.36,4.0,0.75,partly-cloudy-day,rain,0,4,0,9,251,36
ACORN-Q,2012-09-08,48,791.958333333333,6.7393326594673,27.78,11.32,27.78,16.93,19.55,16.46,27.78,11.32,0.67,2.97,0.22,1011.85,12.2,3.0,0.78,partly-cloudy-day,rain,0,5,1,9,252,36
ACORN-Q,2012-09-09,48,789.895833333333,6.98519266751039,20.21,16.93,20.21,14.77,18.57,3.280000000000001,20.21,16.93,0.78,5.69,0.59,1010.15,12.65,3.0,0.81,partly-cloudy-day,rain,0,6,1,9,253,36
ACORN-Q,2012-09-10,48,792.916666666667,6.80128993876922,17.82,11.73,17.82,8.24,14.775,6.09,17.82,11.73,0.62,4.84,0.37,1012.33,13.18,3.0,0.84,partly-cloudy-day,rain,0,0,0,9,254,37
ACORN-Q,2012-09-11,48,792.458333333333,6.68681221579933,17.92,8.24,17.92,8.62,13.080000000000002,9.680000000000001,17.92,6.77,0.72,3.93,0.34,1014.64,13.16,3.0,0.87,partly-cloudy-day,rain,0,1,0,9,255,37
ACORN-Q,2012-09-12,48,791.729166666667,6.6417370419087,17.64,8.62,17.64,13.61,13.129999999999999,9.020000000000001,17.64,7.17,0.68,2.92,0.37,1018.75,12.96,3.0,0.9,partly-cloudy-day,rain,0,2,0,9,256,37
ACORN-Q,2012-09-13,48,791.020833333333,6.5449406674865,20.69,13.61,20.69,9.69,17.15,7.080000000000002,20.69,13.61,0.68,5.42,0.56,1013.51,13.31,3.0,0.94,wind,rain,0,3,0,9,257,37
ACORN-Q,2012-09-14,48,790.8125,6.60507729486912,21.12,9.69,21.12,12.98,15.405000000000001,11.430000000000001,21.12,8.97,0.7,2.87,0.22,1017.25,12.92,3.0,0.97,partly-cloudy-day,rain,0,4,0,9,258,37
ACORN-Q,2012-09-15,48,792.875,6.87883796194644,18.31,12.98,18.31,13.29,15.645,5.329999999999998,18.31,12.98,0.76,3.88,0.66,1013.26,12.55,2.0,0.02,partly-cloudy-day,rain,0,5,1,9,259,37
ACORN-Q,2012-09-16,48,791.895833333333,7.21142589267913,18.72,13.29,18.72,11.43,16.005,5.43,18.72,13.29,0.71,4.04,0.55,1012.36,13.07,3.0,0.05,partly-cloudy-day,rain,0,6,1,9,260,37
ACORN-Q,2012-09-17,48,791.583333333333,6.72395729063579,17.19,10.97,17.19,7.35,14.080000000000002,6.220000000000001,17.19,10.97,0.64,4.39,0.28,1013.39,13.02,3.0,0.08,partly-cloudy-day,rain,0,0,0,9,261,38
ACORN-Q,2012-09-18,48,792.979166666667,6.68132501476811,16.3,7.35,16.3,9.07,11.825,8.950000000000001,16.3,5.17,0.63,3.65,0.27,1021.81,12.99,3.0,0.12,partly-cloudy-day,rain,0,1,0,9,262,38
ACORN-Q,2012-09-19,48,791.979166666667,6.614547896507,17.38,9.07,17.38,10.34,13.225,8.309999999999999,17.38,8.07,0.7,3.17,0.45,1020.9,13.0,2.0,0.16,partly-cloudy-day,rain,0,2,0,9,263,38
ACORN-Q,2012-09-20,48,791.895833333333,6.72865614518886,16.32,10.34,16.32,6.59,13.33,5.98,16.32,10.34,0.76,1.47,0.43,1015.46,12.54,2.0,0.2,partly-cloudy-day,rain,0,3,0,9,264,38
ACORN-Q,2012-09-21,48,792.958333333333,6.76504936355882,15.62,6.59,15.62,8.85,11.105,9.03,15.62,5.43,0.69,1.98,0.28,1019.37,12.97,2.0,0.23,partly-cloudy-day,rain,0,4,0,9,265,38
ACORN-Q,2012-09-22,48,791.020833333333,7.10938247443339,12.31,8.85,12.31,10.96,10.58,3.460000000000001,12.31,7.69,0.86,4.46,0.48,1009.6,10.62,2.0,0.27,fog,rain,0,5,1,9,266,38
ACORN-Q,2012-09-23,48,790.958333333333,8.02916033036503,15.2,11.51,15.2,9.74,13.355,3.6899999999999995,15.2,11.51,0.88,2.53,0.66,989.47,8.1,2.0,0.31,wind,rain,0,6,1,9,267,38
ACORN-Q,2012-09-24,48,792.875,7.34627782142891,15.47,9.74,15.47,10.07,12.605,5.73,15.47,7.49,0.78,4.92,0.28,988.79,13.13,2.0,0.34,partly-cloudy-day,rain,0,0,0,9,268,39
ACORN-Q,2012-09-25,48,791.020833333333,6.98827752611633,15.14,10.07,15.14,10.57,12.605,5.07,15.14,10.07,0.88,2.57,0.39,992.07,12.44,2.0,0.38,partly-cloudy-day,rain,0,1,0,9,269,39
ACORN-Q,2012-09-26,48,791.916666666667,7.03262083981854,16.61,10.57,16.61,9.03,13.59,6.039999999999999,16.61,10.57,0.82,2.17,0.48,1006.39,11.41,2.0,0.41,partly-cloudy-day,rain,0,2,0,9,270,39
ACORN-Q,2012-09-27,48,791.0,6.90203155285305,17.07,9.03,17.07,8.74,13.05,8.040000000000001,17.07,7.44,0.85,4.08,0.39,1012.91,12.84,2.0,0.45,partly-cloudy-day,rain,0,3,0,9,271,39
ACORN-Q,2012-09-28,48,791.479166666667,6.99783424026308,15.83,8.71,15.83,6.42,12.27,7.119999999999999,15.83,6.9,0.75,3.36,0.17,1017.85,13.21,2.0,0.48,partly-cloudy-day,rain,0,4,0,9,272,39
ACORN-Q,2012-09-29,48,791.270833333333,7.17669118183615,16.46,6.42,16.46,13.66,11.440000000000001,10.040000000000001,16.46,4.87,0.81,4.6,0.48,1019.0,13.15,2.0,0.52,partly-cloudy-day,rain,0,5,1,9,273,39
ACORN-Q,2012-09-30,48,792.979166666667,7.55049472983464,16.24,12.37,16.24,10.87,14.305,3.869999999999999,16.24,12.37,0.89,4.57,0.61,1012.11,11.43,2.0,0.55,partly-cloudy-day,rain,0,6,1,9,274,39
ACORN-Q,2012-10-01,48,793.020833333333,7.19235679907376,16.44,10.87,16.44,11.06,13.655000000000001,5.570000000000002,16.44,10.87,0.85,5.09,0.39,1010.12,12.55,2.0,0.58,partly-cloudy-day,rain,0,0,0,10,275,40
ACORN-Q,2012-10-02,48,794.541666666667,7.02371522061401,14.34,9.35,14.34,7.19,11.844999999999999,4.99,14.34,7.78,0.8,4.65,0.36,1005.61,12.99,2.0,0.61,partly-cloudy-day,rain,0,1,0,10,276,40
ACORN-Q,2012-10-03,48,795.0,7.16709182490566,14.99,7.19,14.99,10.98,11.09,7.8,14.99,5.02,0.79,3.65,0.28,1008.02,12.79,2.0,0.63,partly-cloudy-day,rain,0,2,0,10,277,40
ACORN-Q,2012-10-04,48,793.75,7.03962650792003,15.6,9.16,15.49,7.61,12.379999999999999,6.4399999999999995,15.65,8.34,0.86,3.0,0.61,1006.96,10.11,2.0,0.66,wind,rain,0,3,0,10,278,40
ACORN-Q,2012-10-05,48,794.375,7.18568338328303,14.89,7.61,14.89,5.27,11.25,7.28,14.89,5.86,0.83,1.75,0.4,1012.51,11.06,2.0,0.69,partly-cloudy-day,rain,0,4,0,10,279,40
ACORN-Q,2012-10-06,48,794.979166666667,7.41506417445495,13.64,5.27,13.64,9.49,9.455,8.370000000000001,13.64,5.17,0.87,0.4,0.25,1021.29,9.98,2.0,0.73,partly-cloudy-day,rain,0,5,1,10,280,40
ACORN-Q,2012-10-07,48,795.6875,7.77563182491514,12.22,9.51,12.22,9.07,10.865,2.710000000000001,12.22,8.84,0.92,2.49,0.61,1015.27,7.84,1.0,0.76,partly-cloudy-day,rain,0,6,1,10,281,40
ACORN-Q,2012-10-08,48,797.25,7.47797840992568,14.23,9.07,14.23,7.04,11.65,5.16,14.23,7.73,0.82,2.66,0.58,1015.96,10.12,2.0,0.79,partly-cloudy-day,rain,0,0,0,10,282,41
ACORN-Q,2012-10-09,48,800.5,7.25103626329088,14.13,7.04,14.13,9.15,10.585,7.090000000000001,14.13,6.21,0.74,2.16,0.56,1015.24,13.21,2.0,0.82,partly-cloudy-day,rain,0,1,0,10,283,41
ACORN-Q,2012-10-10,48,801.208333333333,7.19830680367371,14.88,9.15,14.88,10.37,12.015,5.73,14.99,7.37,0.89,3.2,0.71,1004.43,8.69,1.0,0.85,partly-cloudy-day,rain,0,2,0,10,284,41
ACORN-Q,2012-10-11,48,801.375,7.40841633387303,14.72,8.51,13.99,6.47,11.615,6.210000000000001,14.73,7.12,0.75,5.42,0.48,1005.33,13.07,2.0,0.89,partly-cloudy-day,rain,0,3,0,10,285,41
ACORN-Q,2012-10-12,48,805.916666666667,7.14491633141644,11.53,6.41,11.53,2.81,8.969999999999999,5.119999999999999,11.53,4.01,0.84,2.18,0.29,1004.92,12.94,2.0,0.92,partly-cloudy-day,rain,0,4,0,10,286,41
ACORN-Q,2012-10-13,48,807.020833333333,7.59095187297533,12.32,2.81,12.32,4.09,7.565,9.51,12.32,1.64,0.8,2.36,0.2,1002.5,11.86,2.0,0.96,partly-cloudy-day,rain,0,5,1,10,287,41
ACORN-Q,2012-10-14,48,807.979166666667,8.07002356716662,13.03,4.09,13.03,9.81,8.559999999999999,8.94,13.03,2.83,0.84,2.97,0.31,1002.67,12.17,1.0,0.99,partly-cloudy-day,rain,0,6,1,10,288,41
ACORN-Q,2012-10-15,48,808.291666666667,7.49779471325679,14.74,9.06,14.74,8.8,11.9,5.68,14.74,7.15,0.74,5.37,0.39,1000.8,12.59,1.0,0.03,wind,rain,0,0,0,10,289,42
ACORN-Q,2012-10-16,48,806.916666666667,7.33438575258212,16.6,8.8,16.6,12.15,12.700000000000001,7.800000000000001,16.6,7.41,0.82,4.66,0.42,998.22,12.2,1.0,0.07,partly-cloudy-day,rain,0,1,0,10,290,42
ACORN-Q,2012-10-17,48,809.041666666667,7.3785856930844,16.04,12.15,16.04,11.98,14.094999999999999,3.889999999999999,16.04,12.15,0.85,4.18,0.44,1001.82,13.23,1.0,0.11,partly-cloudy-day,rain,0,2,0,10,291,42
ACORN-Q,2012-10-18,48,812.583333333333,7.38243179616068,13.21,11.98,13.01,9.57,12.595,1.2300000000000004,13.21,11.98,0.95,0.51,0.66,1007.63,8.42,1.0,0.15,partly-cloudy-day,rain,0,3,0,10,292,42
ACORN-Q,2012-10-19,48,815.125,7.54826275886205,14.01,9.57,14.01,10.19,11.79,4.4399999999999995,14.01,8.9,0.91,0.86,0.61,1015.85,8.01,1.0,0.18,fog,rain,0,4,0,10,293,42
ACORN-Q,2012-10-20,48,816.0,7.82481495159314,12.41,10.19,12.41,11.6,11.3,2.2200000000000006,12.41,10.19,0.94,3.37,0.69,1018.09,9.22,1.0,0.22,fog,rain,0,5,1,10,294,42
ACORN-Q,2012-10-21,48,815.979166666667,8.35633751583829,14.73,12.02,14.73,12.51,13.375,2.710000000000001,14.79,12.02,0.98,2.57,0.9,1019.88,1.48,1.0,0.26,fog,rain,0,6,1,10,295,42
ACORN-Q,2012-10-22,48,816.104166666667,7.52704592986053,14.05,12.46,13.51,13.08,13.255,1.5899999999999999,14.05,12.46,0.96,2.3,0.88,1023.66,1.82,1.0,0.29,fog,rain,0,0,0,10,296,43
ACORN-Q,2012-10-23,48,817.0,7.50476988910649,16.18,13.08,16.18,12.94,14.629999999999999,3.0999999999999996,16.18,13.08,0.92,3.45,0.74,1019.7,2.45,1.0,0.33,fog,rain,0,1,0,10,297,43
ACORN-Q,2012-10-24,48,818.020833333333,7.34855666149251,13.61,10.09,13.28,8.5,11.85,3.5199999999999996,13.61,10.09,0.91,5.16,0.81,1016.51,7.9,1.0,0.36,partly-cloudy-day,rain,0,2,0,10,298,43
ACORN-Q,2012-10-25,48,819.770833333333,7.48807911971511,10.11,4.19,8.96,2.49,7.15,5.919999999999999,10.11,-0.37,0.79,5.19,0.7,1012.84,12.33,1.0,0.4,partly-cloudy-day,rain,0,3,0,10,299,43
ACORN-Q,2012-10-26,48,822.291666666667,7.8394157989806,7.68,2.49,7.68,1.43,5.085,5.1899999999999995,3.78,-2.56,0.79,5.79,0.39,1015.91,13.07,1.0,0.43,partly-cloudy-day,rain,0,4,0,10,300,43
ACORN-Q,2012-10-27,48,820.9375,8.18081533757943,9.17,1.43,9.17,7.66,5.3,7.74,6.89,-0.94,0.88,3.13,0.42,1015.62,12.68,1.0,0.46,partly-cloudy-day,rain,0,5,1,10,301,43
ACORN-Q,2012-10-28,48,822.583333333333,8.62849250611459,10.785,4.545,10.785,6.615,7.665000000000001,6.24,9.645,2.265,0.885,3.04,0.435,1012.165,12.585,1.0,0.475,partly-cloudy-day,rain,0,6,1,10,302,43
ACORN-Q,2012-10-29,48,822.9375,7.85073907379901,12.4,7.66,12.4,5.57,10.030000000000001,4.74,12.4,5.47,0.89,2.95,0.45,1008.71,12.49,1.0,0.49,partly-cloudy-day,rain,0,0,0,10,303,44
ACORN-Q,2012-10-30,48,822.0,7.71727478896242,10.92,5.57,10.92,6.45,8.245000000000001,5.35,10.92,3.44,0.84,2.37,0.45,1004.48,11.25,1.0,0.52,partly-cloudy-day,rain,0,1,0,10,304,44
ACORN-Q,2012-10-31,48,821.645833333333,7.92291400019634,12.36,6.45,12.36,6.85,9.405,5.909999999999999,12.36,4.43,0.79,5.32,0.49,989.93,12.99,1.0,0.55,partly-cloudy-day,rain,0,2,0,10,305,44
ACORN-Q,2012-11-01,48,822.0625,7.88066774645201,11.46,4.2,9.42,4.2,7.83,7.260000000000001,11.46,0.85,0.85,4.07,0.44,979.63,12.54,1.0,0.58,partly-cloudy-day,rain,0,3,0,11,306,44
ACORN-Q,2012-11-02,48,820.729166666667,7.92186546349176,9.78,4.61,9.78,3.22,7.195,5.169999999999999,6.88,1.81,0.77,4.31,0.23,991.25,12.96,1.0,0.61,partly-cloudy-day,rain,0,4,0,11,307,44
ACORN-Q,2012-11-03,48,821.958333333333,8.2519137490444,9.45,3.22,9.45,2.96,6.335,6.229999999999999,6.47,1.56,0.79,3.16,0.25,996.52,12.71,1.0,0.64,partly-cloudy-day,rain,0,5,1,11,308,44
ACORN-Q,2012-11-04,48,822.0,8.95989780827251,8.67,2.96,8.67,2.94,5.8149999999999995,5.71,7.03,1.18,0.92,0.59,0.59,994.21,9.99,1.0,0.67,partly-cloudy-day,rain,0,6,1,11,309,44
ACORN-Q,2012-11-05,48,822.0,8.17940267785888,9.19,2.94,9.19,0.92,6.0649999999999995,6.25,7.08,2.62,0.83,2.09,0.41,1006.26,9.08,1.0,0.7,partly-cloudy-day,rain,0,0,0,11,310,45
ACORN-Q,2012-11-06,48,822.958333333333,8.06687969115204,9.67,0.92,9.67,4.97,5.295,8.75,7.17,-1.72,0.87,3.58,0.33,1020.29,10.41,1.0,0.74,partly-cloudy-night,rain,0,1,0,11,311,45
ACORN-Q,2012-11-07,48,821.520833333333,8.04364698822559,9.93,4.97,9.93,7.81,7.449999999999999,4.96,7.64,2.35,0.86,4.2,0.47,1024.32,12.67,1.0,0.77,partly-cloudy-night,rain,0,2,0,11,312,45
ACORN-Q,2012-11-08,48,820.770833333333,7.89519460992992,12.34,7.81,12.34,8.13,10.075,4.53,12.34,5.13,0.78,3.72,0.64,1019.18,13.36,1.0,0.8,partly-cloudy-day,rain,0,3,0,11,313,45
ACORN-Q,2012-11-09,48,822.958333333333,7.7395601402748,11.27,8.13,11.27,8.8,9.7,3.139999999999999,11.27,6.7,0.8,3.17,0.7,1010.05,13.37,1.0,0.84,partly-cloudy-day,rain,0,4,0,11,314,45
ACORN-Q,2012-11-10,48,822.833333333333,8.38008469831472,10.31,5.2,9.78,2.1,7.755000000000001,5.11,10.31,3.38,0.91,2.38,0.49,997.84,11.78,1.0,0.87,partly-cloudy-day,rain,0,5,1,11,315,45
ACORN-Q,2012-11-11,48,821.041666666667,8.62710729735719,9.87,2.1,9.87,4.52,5.984999999999999,7.77,8.39,0.46,0.88,1.98,0.22,1011.6,10.32,1.0,0.91,partly-cloudy-night,rain,0,6,1,11,316,45
ACORN-Q,2012-11-12,48,820.020833333333,8.08554151528163,12.18,4.52,12.06,10.06,8.35,7.66,12.18,3.72,0.92,3.06,0.5,1020.98,10.04,1.0,0.95,partly-cloudy-day,rain,0,0,0,11,317,46
ACORN-Q,2012-11-13,48,821.666666666667,7.66531814470261,14.66,10.06,14.66,10.47,12.36,4.6,14.66,10.06,0.88,3.23,0.54,1026.29,11.49,1.0,0.98,partly-cloudy-night,rain,0,1,0,11,318,46
ACORN-Q,2012-11-14,48,822.770833333333,7.65742665449137,12.62,7.33,12.62,6.64,9.975,5.289999999999999,12.62,7.08,0.86,1.86,0.55,1026.48,9.21,1.0,0.02,fog,rain,0,2,0,11,319,46
ACORN-Q,2012-11-15,48,823.0,7.80550546865128,9.07,6.45,9.07,5.91,7.76,2.62,9.07,5.43,0.92,0.62,0.71,1022.69,4.06,1.0,0.06,fog,rain,0,3,0,11,320,46
ACORN-Q,2012-11-16,48,821.895833333333,7.8658353445795,9.19,5.91,9.11,8.94,7.55,3.2799999999999994,7.75,4.89,0.92,2.0,0.9,1014.76,3.48,1.0,0.1,fog,rain,0,4,0,11,321,46
ACORN-Q,2012-11-17,48,823.5,8.20448224798642,12.44,8.18,12.44,2.07,10.309999999999999,4.26,12.44,7.04,0.88,1.69,0.65,1007.72,9.32,1.0,0.13,partly-cloudy-day,rain,0,5,1,11,322,46
ACORN-Q,2012-11-18,48,823.020833333333,8.61426601939978,9.42,2.07,9.42,3.42,5.745,7.35,9.42,2.07,0.82,0.72,0.3,1014.66,12.57,1.0,0.17,partly-cloudy-night,rain,0,6,1,11,323,46
ACORN-Q,2012-11-19,48,823.6875,7.99433261717122,11.23,3.49,11.23,10.79,7.36,7.74,11.23,1.42,0.82,4.13,0.5,1011.21,12.38,1.0,0.21,partly-cloudy-day,rain,0,0,0,11,324,47
ACORN-Q,2012-11-20,48,823.729166666667,7.9242336746254,13.46,10.88,13.46,9.73,12.170000000000002,2.58,13.46,10.88,0.9,5.74,0.76,1008.74,10.81,1.0,0.24,partly-cloudy-day,rain,0,1,0,11,325,47
ACORN-Q,2012-11-21,48,822.0,8.16185135990437,11.87,6.06,10.8,6.06,8.965,5.81,11.87,3.42,0.91,2.82,0.45,1007.68,10.65,1.0,0.28,wind,rain,0,2,0,11,326,47
ACORN-Q,2012-11-22,48,823.895833333333,7.85687554608813,13.09,6.56,13.09,6.02,9.825,6.53,13.09,4.09,0.81,7.58,0.54,1011.36,12.73,1.0,0.31,wind,rain,0,3,0,11,327,47
ACORN-Q,2012-11-23,48,823.875,7.73812505009954,10.7,5.12,10.7,3.64,7.91,5.579999999999999,10.7,3.97,0.89,2.71,0.38,1011.69,11.46,1.0,0.34,partly-cloudy-day,rain,0,4,0,11,328,47
ACORN-Q,2012-11-24,48,823.020833333333,8.51122564407006,9.91,3.64,9.36,7.46,6.775,6.27,7.11,2.99,0.97,3.43,0.58,1010.19,5.7,1.0,0.38,wind,rain,0,5,1,11,329,47
ACORN-Q,2012-11-25,48,823.729166666667,8.64905193637317,12.54,7.46,10.92,7.68,10.0,5.079999999999999,12.54,2.87,0.81,6.54,0.54,1001.79,12.36,1.0,0.41,wind,rain,0,6,1,11,330,47
ACORN-Q,2012-11-26,48,823.729166666667,8.00356043750934,10.69,7.17,9.52,7.17,8.93,3.5199999999999996,10.69,5.0,0.91,1.29,0.64,998.27,11.31,1.0,0.44,partly-cloudy-day,rain,0,0,0,11,331,48
ACORN-Q,2012-11-27,48,822.9375,7.99374405213511,8.47,6.42,8.47,5.84,7.445,2.0500000000000007,6.07,3.08,0.9,3.98,0.72,1003.65,9.69,1.0,0.47,partly-cloudy-day,rain,0,1,0,11,332,48
ACORN-Q,2012-11-28,48,823.979166666667,8.36359941418753,6.89,3.45,6.89,2.23,5.17,3.4399999999999995,3.34,-0.33,0.83,5.17,0.65,1012.91,13.2,1.0,0.5,partly-cloudy-day,rain,0,2,0,11,333,48
ACORN-Q,2012-11-29,48,823.0,8.35381893027211,5.84,1.63,5.84,-0.89,3.735,4.21,3.18,-1.39,0.83,3.2,0.36,1012.58,12.92,1.0,0.53,partly-cloudy-day,rain,0,3,0,11,334,48
ACORN-Q,2012-11-30,48,823.9375,8.4333447966123,4.37,-0.89,4.37,-1.35,1.74,5.26,2.52,-2.57,0.88,1.55,0.25,1011.91,10.01,1.0,0.56,partly-cloudy-night,rain,0,4,0,11,335,48
ACORN-Q,2012-12-01,48,824.0,9.08566140740291,5.73,-1.35,5.73,-1.55,2.1900000000000004,7.08,2.61,-4.31,0.88,2.68,0.31,1014.56,8.92,1.0,0.59,fog,rain,0,5,1,12,336,48
ACORN-Q,2012-12-02,48,822.958333333333,9.50997730430237,4.76,-1.55,4.76,1.77,1.605,6.31,2.71,-4.97,0.84,2.1,0.31,1016.35,12.81,1.0,0.62,partly-cloudy-night,rain,0,6,1,12,337,48
ACORN-Q,2012-12-03,48,822.25,8.53172150047832,10.22,2.94,10.22,2.33,6.58,7.280000000000001,10.22,0.57,0.87,3.55,0.58,1007.42,10.67,1.0,0.65,partly-cloudy-day,rain,0,0,0,12,338,49
ACORN-Q,2012-12-04,48,823.979166666667,8.49604461033574,7.73,1.21,7.73,-0.77,4.470000000000001,6.5200000000000005,4.36,-2.14,0.82,4.36,0.21,1003.4,12.89,1.0,0.68,partly-cloudy-day,rain,0,1,0,12,339,49
ACORN-Q,2012-12-05,48,822.020833333333,8.71233613509133,3.89,-0.77,3.89,-2.82,1.56,4.66,-0.07,-2.82,0.84,3.05,0.39,1008.05,11.14,1.0,0.71,partly-cloudy-day,rain,0,2,0,12,340,49
ACORN-Q,2012-12-06,48,823.520833333333,8.93934084376548,4.84,-2.82,4.13,2.99,1.01,7.66,0.37,-5.79,0.84,3.07,0.43,1013.58,12.55,1.0,0.75,partly-cloudy-night,rain,0,3,0,12,341,49
ACORN-Q,2012-12-07,48,824.0,8.68115898507282,6.33,2.97,6.33,3.9,4.65,3.36,2.12,-2.07,0.8,5.63,0.56,1001.72,12.84,1.0,0.78,partly-cloudy-night,rain,0,4,0,12,342,49
ACORN-Q,2012-12-08,48,823.020833333333,8.8045694809873,6.46,3.17,6.46,3.17,4.8149999999999995,3.29,4.69,0.01,0.83,2.14,0.52,1023.19,12.39,1.0,0.82,partly-cloudy-day,rain,0,5,1,12,343,49
ACORN-Q,2012-12-09,48,823.979166666667,9.47193622606156,8.66,3.86,8.66,3.21,6.26,4.800000000000001,5.37,0.49,0.8,5.44,0.53,1018.89,13.33,1.0,0.86,partly-cloudy-day,rain,0,6,1,12,344,49
ACORN-Q,2012-12-10,48,822.604166666667,8.5543070722384,5.59,1.55,5.59,-0.23,3.57,4.04,2.23,-1.04,0.79,3.93,0.27,1022.18,13.18,1.0,0.89,partly-cloudy-day,rain,0,0,0,12,345,50
ACORN-Q,2012-12-11,48,761.145833333333,8.73032592296051,2.7,-2.49,2.7,-3.83,0.10499999999999998,5.19,1.26,-2.49,0.89,1.67,0.29,1029.42,6.18,1.0,0.93,fog,snow,0,1,0,12,346,50
ACORN-Q,2012-12-12,48,821.625,8.93692831692256,1.8,-3.83,1.8,-1.35,-1.0150000000000001,5.63,1.8,-3.83,0.91,0.73,0.45,1020.51,6.49,1.0,0.97,partly-cloudy-day,snow,0,2,0,12,347,50
ACORN-Q,2012-12-13,48,823.979166666667,8.97715609920446,1.58,-1.35,1.58,0.82,0.11499999999999999,2.93,-1.1,-3.72,0.87,2.09,0.6,1005.66,6.78,1.0,0.01,fog,snow,0,3,0,12,348,50
ACORN-Q,2012-12-14,48,823.958333333333,8.8912542980643,10.34,1.93,10.34,7.54,6.135,8.41,10.34,-0.92,0.92,4.22,0.71,985.82,7.45,0.0,0.05,wind,rain,0,4,0,12,349,50
ACORN-Q,2012-12-15,48,823.916666666667,8.76254846515324,11.17,6.91,11.17,5.32,9.04,4.26,11.17,4.32,0.86,4.93,0.39,991.49,13.15,1.0,0.08,partly-cloudy-day,rain,0,5,1,12,350,50
ACORN-Q,2012-12-16,48,823.9375,8.98940059728143,9.82,5.32,9.82,5.62,7.57,4.5,7.78,3.01,0.89,3.07,0.39,999.72,12.86,1.0,0.12,partly-cloudy-day,rain,0,6,1,12,351,50
ACORN-Q,2012-12-17,48,823.583333333333,8.23869915131989,9.1,5.62,9.1,5.04,7.359999999999999,3.4799999999999995,6.39,3.08,0.86,3.79,0.32,1001.69,12.71,1.0,0.15,partly-cloudy-night,rain,0,0,0,12,352,51
ACORN-Q,2012-12-18,48,823.979166666667,8.32601201524835,7.96,4.66,7.96,3.07,6.3100000000000005,3.3,7.12,2.47,0.86,2.17,0.62,1014.41,11.65,0.0,0.19,partly-cloudy-day,rain,0,1,0,12,353,51
ACORN-Q,2012-12-19,48,824.041666666667,8.41633265918131,7.44,3.07,7.44,6.44,5.255,4.370000000000001,4.49,0.96,0.92,4.02,0.52,1016.68,7.87,1.0,0.22,partly-cloudy-day,rain,0,2,0,12,354,51
ACORN-Q,2012-12-20,48,825.0,8.41630666484848,9.57,6.53,9.57,6.75,8.05,3.04,7.93,2.82,0.96,3.54,0.76,1002.52,8.96,0.0,0.26,partly-cloudy-day,rain,0,3,0,12,355,51
ACORN-Q,2012-12-21,48,823.0,7.9703120227088,9.69,6.3,9.69,6.04,7.994999999999999,3.3899999999999997,7.58,4.44,0.91,3.21,0.44,1009.54,12.15,1.0,0.29,partly-cloudy-day,rain,0,4,0,12,356,51
ACORN-Q,2012-12-22,48,823.479166666667,8.64243578271303,13.07,6.04,13.07,12.34,9.555,7.03,13.07,4.44,0.96,3.91,0.67,1005.25,10.15,0.0,0.32,partly-cloudy-day,rain,0,5,1,12,357,51
ACORN-Q,2012-12-23,48,823.0,8.54258650637064,13.08,9.34,12.56,7.57,11.21,3.74,13.08,7.75,0.86,5.51,0.53,1003.59,12.73,1.0,0.35,partly-cloudy-day,rain,0,6,1,12,358,51
ACORN-Q,2012-12-24,48,821.958333333333,8.49862436800725,12.3,7.57,12.3,7.25,9.935,4.73,12.3,5.49,0.91,4.28,0.61,999.12,10.85,1.0,0.38,wind,rain,0,0,0,12,359,52
ACORN-Q,2012-12-25,48,823.625,9.06219285584354,9.14,6.46,9.14,4.83,7.800000000000001,2.6800000000000006,6.49,3.86,0.89,4.39,0.56,995.66,13.07,1.0,0.41,partly-cloudy-day,rain,1,1,0,12,360,52
ACORN-Q,2012-12-26,48,821.0625,8.08161919465162,10.18,4.83,10.18,6.42,7.505,5.35,10.18,1.34,0.88,5.05,0.39,1004.15,12.94,1.0,0.44,partly-cloudy-day,rain,1,2,0,12,361,52
ACORN-Q,2012-12-27,48,822.958333333333,8.32403114380945,7.97,6.42,7.97,5.45,7.195,1.5499999999999998,5.36,3.64,0.84,4.09,0.51,1005.46,12.46,1.0,0.47,partly-cloudy-night,rain,0,3,0,12,362,52
ACORN-Q,2012-12-28,48,823.895833333333,8.40678353648767,12.34,5.45,12.28,11.46,8.895,6.89,12.34,3.99,0.89,4.78,0.7,1016.76,11.46,0.0,0.51,wind,rain,0,4,0,12,363,52
ACORN-Q,2012-12-29,48,824.916666666667,8.38501674861312,11.97,7.28,11.48,5.44,9.625,4.69,11.97,3.69,0.83,7.6,0.59,1004.18,12.5,0.0,0.53,wind,rain,0,5,1,12,364,52
ACORN-Q,2012-12-30,48,824.020833333333,8.67000275215843,10.9,5.44,9.51,4.22,8.17,5.46,10.9,1.25,0.77,6.82,0.37,1009.95,13.2,1.0,0.56,wind,rain,0,6,1,12,365,52
ACORN-Q,2012-12-31,48,823.020833333333,8.66585452339947,9.24,4.22,7.49,3.31,6.73,5.0200000000000005,6.97,0.88,0.81,4.55,0.38,1007.65,13.15,1.0,0.6,partly-cloudy-night,rain,0,0,0,12,366,1
ACORN-Q,2013-01-01,48,823.958333333333,8.60551503704081,7.49,3.31,5.76,4.42,5.4,4.18,4.38,0.23,0.82,4.0,0.43,1016.89,13.15,1.0,0.63,partly-cloudy-day,rain,1,1,0,1,1,1
ACORN-Q,2013-01-02,48,823.979166666667,8.50244746322698,10.82,3.31,9.86,9.65,7.065,7.51,10.82,0.23,0.91,3.72,0.61,1023.12,11.35,1.0,0.66,partly-cloudy-night,rain,0,2,0,1,2,1
ACORN-Q,2013-01-03,48,824.0,8.29498665145631,11.41,9.65,11.41,9.55,10.530000000000001,1.7599999999999998,11.41,7.07,0.91,4.36,0.66,1032.61,11.89,1.0,0.7,partly-cloudy-day,rain,0,3,0,1,3,1
ACORN-Q,2013-01-04,48,823.958333333333,8.15979537119062,10.79,8.17,10.17,8.07,9.48,2.619999999999999,10.79,5.7,0.85,4.28,0.83,1037.15,12.34,1.0,0.73,partly-cloudy-day,rain,1,4,0,1,4,1
ACORN-Q,2013-01-05,48,824.979166666667,8.39106587145057,10.66,7.84,10.66,6.91,9.25,2.8200000000000003,10.66,5.76,0.92,3.15,0.72,1035.16,9.58,1.0,0.77,partly-cloudy-day,rain,0,5,1,1,5,1
ACORN-Q,2013-01-06,48,824.833333333333,8.80192849689243,8.61,6.91,7.97,7.1,7.76,1.6999999999999993,6.98,5.08,0.96,2.23,0.67,1032.19,5.5,1.0,0.8,fog,rain,0,6,1,1,6,1
ACORN-Q,2013-01-07,48,823.958333333333,8.29630096171871,9.08,7.1,8.56,8.19,8.09,1.9800000000000004,7.31,5.24,0.92,3.27,0.84,1026.88,9.7,1.0,0.84,partly-cloudy-day,rain,0,0,0,1,7,2
ACORN-Q,2013-01-08,48,824.979166666667,7.97399115033775,11.23,9.02,11.23,8.46,10.125,2.210000000000001,11.23,6.9,0.87,3.71,0.76,1024.17,11.73,1.0,0.88,partly-cloudy-day,rain,0,1,0,1,8,2
ACORN-Q,2013-01-09,48,822.979166666667,8.10505499497805,9.21,1.77,8.93,1.16,5.49,7.440000000000001,9.13,1.77,0.9,0.93,0.52,1021.19,8.64,1.0,0.92,partly-cloudy-day,rain,0,2,0,1,9,2
ACORN-Q,2013-01-10,48,822.583333333333,8.34600758591144,3.43,1.16,3.43,0.89,2.295,2.2700000000000005,2.36,-0.48,0.94,1.55,0.7,1015.8,5.21,1.0,0.95,partly-cloudy-day,rain,0,3,0,1,10,2
ACORN-Q,2013-01-11,48,821.708333333333,8.36236572750641,5.7,0.89,5.7,1.37,3.295,4.8100000000000005,5.7,-1.42,0.93,0.4,0.52,1017.62,5.7,1.0,0.99,partly-cloudy-day,rain,0,4,0,1,11,2
ACORN-Q,2013-01-12,48,822.833333333333,9.23070634633319,4.53,1.75,4.53,2.12,3.14,2.7800000000000002,0.07,-1.06,0.83,4.76,0.57,1012.97,10.03,1.0,0.03,partly-cloudy-day,rain,0,5,1,1,12,2
ACORN-Q,2013-01-13,48,822.833333333333,9.48162637068342,3.48,1.04,2.88,-0.41,2.26,2.44,-0.09,-2.16,0.74,3.13,0.6,1018.81,12.46,1.0,0.07,partly-cloudy-day,rain,0,6,1,1,13,2
ACORN-Q,2013-01-14,48,820.645833333333,8.95693405250075,2.94,-0.41,2.62,1.23,1.265,3.35,0.94,-3.4,0.88,2.08,0.59,1011.47,9.66,1.0,0.1,partly-cloudy-day,rain,0,0,0,1,14,3
ACORN-Q,2013-01-15,48,821.625,8.66116843098548,2.38,-0.83,2.29,-2.18,0.7749999999999999,3.21,0.89,-3.16,0.85,3.28,0.58,1008.99,11.41,1.0,0.14,partly-cloudy-day,rain,0,1,0,1,15,3
ACORN-Q,2013-01-16,48,821.854166666667,9.06556240578807,-0.06,-2.32,-0.06,-3.86,-1.19,2.26,-0.15,-4.7,0.91,0.93,0.48,1013.33,4.12,1.0,0.17,fog,snow,0,2,0,1,16,3
ACORN-Q,2013-01-17,48,822.0,8.95174573917275,2.88,-3.86,2.88,-1.44,-0.49,6.74,2.88,-3.86,0.83,1.01,0.31,1017.44,9.64,1.0,0.2,partly-cloudy-day,rain,0,3,0,1,17,3
ACORN-Q,2013-01-18,48,820.875,9.37524480346719,1.33,-1.93,-0.81,-0.81,-0.29999999999999993,3.26,-2.04,-7.8,0.85,5.2,0.67,1004.05,6.41,1.0,0.23,fog,snow,0,4,0,1,18,3
ACORN-Q,2013-01-19,48,821.020833333333,9.96117602809419,0.85,-0.65,0.85,-0.93,0.09999999999999998,1.5,-2.56,-5.37,0.86,4.16,0.84,997.28,7.53,1.0,0.26,partly-cloudy-day,snow,0,5,1,1,19,3
ACORN-Q,2013-01-20,48,820.9375,10.3503688683947,0.08,-1.45,-0.21,-0.86,-0.6849999999999999,1.53,-0.46,-5.88,0.91,3.18,0.85,994.89,5.1,1.0,0.3,fog,snow,0,6,1,1,20,3
ACORN-Q,2013-01-21,48,821.916666666667,9.27012149954406,1.17,-1.98,1.17,-3.73,-0.405,3.15,1.08,-4.23,0.9,1.22,0.68,994.61,8.14,1.0,0.33,partly-cloudy-day,snow,0,0,0,1,21,4
ACORN-Q,2013-01-22,48,819.458333333333,9.2325423031223,2.82,-3.73,2.82,1.38,-0.45500000000000007,6.55,-1.43,-5.09,0.88,3.44,0.53,1001.55,6.31,1.0,0.36,fog,rain,0,1,0,1,22,4
ACORN-Q,2013-01-23,48,820.833333333333,9.25606600818163,2.82,1.38,2.29,1.22,2.0999999999999996,1.44,-1.4,-2.47,0.82,4.23,0.75,1007.72,7.69,1.0,0.39,partly-cloudy-day,rain,0,2,0,1,23,4
ACORN-Q,2013-01-24,48,819.041666666667,9.18315692468311,2.23,-0.11,2.23,-1.19,1.06,2.34,2.08,-2.49,0.79,2.07,0.8,1016.41,10.32,1.0,0.41,partly-cloudy-day,rain,0,3,0,1,24,4
ACORN-Q,2013-01-25,48,818.895833333333,9.06461657573943,2.98,-1.19,1.85,0.96,0.895,4.17,0.81,-4.07,0.8,3.2,0.74,1014.52,10.8,1.0,0.44,partly-cloudy-day,snow,0,4,0,1,25,4
ACORN-Q,2013-01-26,48,819.645833333333,9.05692225923424,7.56,2.37,7.41,6.47,4.965,5.1899999999999995,4.69,-2.16,0.86,3.61,0.51,1006.45,10.27,1.0,0.47,wind,rain,0,5,1,1,26,4
ACORN-Q,2013-01-27,48,820.791666666667,9.20591036834928,10.26,4.72,10.26,3.02,7.49,5.54,10.26,1.49,0.77,6.6,0.43,997.84,12.01,1.0,0.52,wind,rain,0,6,1,1,27,4
ACORN-Q,2013-01-28,48,820.0,8.70861789187221,10.54,3.02,9.34,9.34,6.779999999999999,7.52,10.54,-0.68,0.84,5.95,0.47,1005.47,11.91,1.0,0.54,wind,rain,0,0,0,1,28,5
ACORN-Q,2013-01-29,48,820.416666666667,8.19639420718258,13.09,9.76,13.09,8.41,11.425,3.33,13.09,7.09,0.89,7.22,0.69,1003.25,10.88,1.0,0.57,wind,rain,0,1,0,1,29,5
ACORN-Q,2013-01-30,48,818.958333333333,8.05581141487237,12.56,7.51,11.28,7.12,10.035,5.050000000000001,12.56,3.86,0.77,7.85,0.44,1006.93,11.88,1.0,0.61,wind,rain,0,2,0,1,30,5
ACORN-Q,2013-01-31,48,818.708333333333,8.02178268454029,9.94,7.12,9.94,5.24,8.53,2.8199999999999994,6.38,3.29,0.74,7.3,0.35,1012.39,12.89,1.0,0.64,wind,rain,0,3,0,1,31,5
ACORN-Q,2013-02-01,48,816.916666666667,8.0934605514256,8.03,4.16,7.33,2.9,6.095,3.869999999999999,5.33,2.49,0.85,2.83,0.49,1002.38,12.5,1.0,0.68,partly-cloudy-day,rain,0,4,0,2,32,5
ACORN-Q,2013-02-02,48,818.9375,8.71138874980844,5.56,1.48,5.14,0.11,3.5199999999999996,4.08,1.9,-1.71,0.71,4.97,0.43,1015.47,13.42,1.0,0.71,partly-cloudy-day,rain,0,5,1,2,33,5
ACORN-Q,2013-02-03,48,819.479166666667,9.28709357776035,9.12,0.11,8.78,8.43,4.614999999999999,9.01,6.66,-2.93,0.82,4.32,0.55,1018.69,13.12,1.0,0.75,partly-cloudy-day,rain,0,6,1,2,34,5
ACORN-Q,2013-02-04,48,819.8125,8.2012249419858,10.2,6.48,10.16,2.16,8.34,3.719999999999999,10.2,2.41,0.71,6.82,0.5,1012.2,13.0,1.0,0.79,wind,rain,0,0,0,2,35,6
ACORN-Q,2013-02-05,48,818.041666666667,8.29535828028147,6.44,2.16,5.36,3.48,4.300000000000001,4.28,2.38,-2.91,0.73,7.3,0.48,1000.03,12.84,1.0,0.83,partly-cloudy-day,rain,0,1,0,2,36,6
ACORN-Q,2013-02-06,48,818.875,8.51175340128724,6.16,2.86,5.67,1.24,4.51,3.3000000000000003,2.56,-1.46,0.75,6.04,0.61,1006.64,13.23,1.0,0.86,partly-cloudy-day,rain,0,2,0,2,37,6
ACORN-Q,2013-02-07,48,818.916666666667,8.49430445504262,5.53,1.24,5.53,0.81,3.3850000000000002,4.29,2.42,-2.68,0.71,3.57,0.39,1017.82,12.49,1.0,0.9,partly-cloudy-day,rain,0,3,0,2,38,6
ACORN-Q,2013-02-08,48,818.958333333333,8.39591920915273,5.59,0.81,5.59,1.58,3.2,4.779999999999999,2.73,-2.13,0.78,3.08,0.41,1019.29,10.54,1.0,0.94,partly-cloudy-day,rain,0,4,0,2,39,6
ACORN-Q,2013-02-09,48,817.520833333333,8.97450524066873,3.68,1.58,3.68,3.01,2.63,2.1,2.1,-0.57,0.86,0.68,0.7,1018.79,10.38,1.0,0.97,partly-cloudy-day,rain,0,5,1,2,40,6
ACORN-Q,2013-02-10,48,818.375,9.49654491265478,4.73,1.06,4.73,0.55,2.8950000000000005,3.6700000000000004,1.58,-4.17,0.93,4.86,0.84,999.65,7.07,1.0,0.02,partly-cloudy-day,rain,0,6,1,2,41,6
ACORN-Q,2013-02-11,48,817.854166666667,8.90333102497369,1.88,0.55,1.88,1.22,1.2149999999999999,1.3299999999999998,-1.66,-3.92,0.93,3.36,0.87,999.17,4.36,1.0,0.05,partly-cloudy-day,rain,0,0,0,2,42,7
ACORN-Q,2013-02-12,48,817.041666666667,8.86070593021881,2.24,1.14,2.24,0.6,1.69,1.1000000000000003,-0.19,-2.29,0.76,2.87,0.86,1015.13,7.32,1.0,0.08,partly-cloudy-day,rain,0,1,0,2,43,7
ACORN-Q,2013-02-13,48,817.958333333333,8.76382647195072,3.09,0.6,2.35,1.39,1.845,2.4899999999999998,1.23,-3.18,0.73,3.48,0.68,1021.27,6.92,1.0,0.11,partly-cloudy-day,rain,0,2,0,2,44,7
ACORN-Q,2013-02-14,48,817.625,8.45976071869089,10.59,4.07,10.59,2.27,7.33,6.52,10.59,-0.11,0.81,2.96,0.55,1011.45,10.56,1.0,0.15,partly-cloudy-day,rain,0,3,0,2,45,7
ACORN-Q,2013-02-15,48,815.583333333333,8.21238236081173,9.76,2.27,9.76,4.7,6.015,7.49,7.75,-0.06,0.77,2.49,0.41,1019.7,13.04,1.0,0.18,partly-cloudy-day,rain,0,4,0,2,46,7
ACORN-Q,2013-02-16,48,816.979166666667,8.28051723574996,10.13,3.7,10.13,2.16,6.915000000000001,6.430000000000001,10.13,3.7,0.7,1.11,0.48,1023.52,12.97,1.0,0.21,partly-cloudy-day,rain,0,5,1,2,47,7
ACORN-Q,2013-02-17,48,817.979166666667,8.70055659187992,9.49,2.16,9.49,2.02,5.825,7.33,7.33,0.27,0.84,2.79,0.33,1021.74,7.26,1.0,0.24,partly-cloudy-night,rain,0,6,1,2,48,7
ACORN-Q,2013-02-18,48,817.958333333333,8.29721634356603,7.65,1.16,7.65,-1.43,4.405,6.49,5.22,-0.63,0.83,2.86,0.33,1020.42,7.23,1.0,0.27,fog,rain,0,0,0,2,49,8
ACORN-Q,2013-02-19,48,817.875,8.12682852505333,10.12,-1.43,10.12,1.93,4.345,11.549999999999999,10.12,-1.43,0.79,0.4,0.11,1019.55,6.95,2.0,0.3,fog,rain,0,1,0,2,50,8
ACORN-Q,2013-02-20,48,816.916666666667,8.47323253603691,4.88,1.83,4.88,1.28,3.355,3.05,3.78,-3.42,0.78,4.86,0.68,1023.08,8.93,1.0,0.33,fog,rain,0,2,0,2,51,8
ACORN-Q,2013-02-21,48,815.041666666667,8.73830916683738,2.28,0.86,2.28,0.2,1.5699999999999998,1.42,-2.51,-3.9,0.59,5.58,0.8,1023.97,13.24,1.0,0.36,partly-cloudy-day,rain,0,3,0,2,52,8
ACORN-Q,2013-02-22,48,815.0,8.84618650171779,1.36,0.2,1.36,0.19,0.78,1.1600000000000001,-3.32,-4.29,0.63,4.79,0.81,1020.5,13.04,1.0,0.39,partly-cloudy-day,snow,0,4,0,2,53,8
ACORN-Q,2013-02-23,48,815.0,9.1781680992638,1.74,0.19,1.74,0.85,0.965,1.55,-1.89,-4.2,0.68,3.92,0.83,1020.81,11.64,1.0,0.42,partly-cloudy-day,rain,0,5,1,2,54,8
ACORN-Q,2013-02-24,48,815.0,9.69532024417178,2.35,0.85,2.35,1.74,1.6,1.5,-2.08,-3.26,0.71,4.47,0.86,1023.88,13.0,1.0,0.45,partly-cloudy-day,rain,0,6,1,2,55,8
ACORN-Q,2013-02-25,48,813.854166666667,9.03530497199387,4.39,1.74,4.39,2.98,3.065,2.6499999999999995,0.59,-2.46,0.83,4.8,0.84,1026.97,9.78,1.0,0.48,partly-cloudy-day,rain,0,0,0,2,56,9
ACORN-Q,2013-02-26,48,812.895833333333,8.91728927593957,4.93,2.98,4.93,2.33,3.955,1.9499999999999997,1.8,-1.18,0.91,4.34,0.86,1032.15,3.48,1.0,0.52,fog,rain,0,1,0,2,57,9
ACORN-Q,2013-02-27,48,812.458333333333,8.44811577319946,6.11,2.33,6.11,2.41,4.220000000000001,3.7800000000000002,2.67,-1.82,0.83,4.4,0.69,1034.17,8.92,1.0,0.55,partly-cloudy-day,rain,0,2,0,2,58,9
ACORN-Q,2013-02-28,48,812.9375,8.30694868831262,7.26,2.41,7.26,2.58,4.835,4.85,4.09,-1.18,0.8,4.25,0.64,1029.69,12.67,1.0,0.59,partly-cloudy-day,rain,0,3,0,2,59,9
ACORN-Q,2013-03-01,48,813.0,8.438528900123,6.62,2.58,6.62,2.58,4.6,4.04,3.28,-1.08,0.78,3.77,0.83,1029.18,10.27,1.0,0.62,partly-cloudy-day,rain,0,4,0,3,60,9
ACORN-Q,2013-03-02,48,811.854166666667,8.86755264835242,4.69,0.63,4.69,-1.14,2.66,4.0600000000000005,3.13,-0.01,0.72,2.02,0.66,1027.67,13.05,1.0,0.66,partly-cloudy-day,rain,0,5,1,3,61,9
ACORN-Q,2013-03-03,48,812.895833333333,8.93815473974204,7.83,-1.14,7.83,2.14,3.345,8.97,5.04,-1.14,0.8,2.2,0.58,1023.52,10.12,1.0,0.7,partly-cloudy-day,rain,0,6,1,3,62,9
ACORN-Q,2013-03-04,48,811.625,8.04656829728338,8.99,2.14,8.99,1.87,5.565,6.85,6.17,-1.41,0.78,3.66,0.27,1013.74,7.02,2.0,0.74,partly-cloudy-day,rain,0,0,0,3,63,10
ACORN-Q,2013-03-05,48,811.666666666667,7.62761785349781,16.06,1.87,16.06,7.65,8.965,14.189999999999998,16.06,1.49,0.74,1.6,0.12,1004.57,8.11,2.0,0.77,fog,rain,0,1,0,3,64,10
ACORN-Q,2013-03-06,48,811.9375,7.74103127878524,13.14,7.65,13.14,7.43,10.395,5.49,13.14,6.51,0.72,2.41,0.17,1000.69,8.37,2.0,0.81,fog,rain,0,2,0,3,65,10
ACORN-Q,2013-03-07,48,810.604166666667,7.7896557929587,9.63,7.43,9.63,8.19,8.530000000000001,2.200000000000001,7.99,6.67,0.93,2.2,0.68,996.96,2.78,2.0,0.85,fog,rain,0,3,0,3,66,10
ACORN-Q,2013-03-08,48,810.625,7.89008246621363,9.61,8.02,9.61,5.86,8.815,1.5899999999999999,9.04,6.61,0.96,1.75,0.83,997.56,1.93,2.0,0.89,fog,rain,0,4,0,3,67,10
ACORN-Q,2013-03-09,48,810.604166666667,8.34461296990722,8.01,3.88,6.84,2.38,5.945,4.13,7.53,0.97,0.9,2.52,0.84,1002.41,5.68,2.0,0.92,fog,rain,0,5,1,3,68,10
ACORN-Q,2013-03-10,48,811.958333333333,9.11992978752468,3.45,1.23,3.37,-0.4,2.34,2.22,0.33,-4.03,0.82,5.05,0.81,1005.94,12.26,2.0,0.96,partly-cloudy-day,rain,0,6,1,3,69,10
ACORN-Q,2013-03-11,48,810.583333333333,8.91422732305579,1.22,-1.57,0.04,-1.89,-0.17500000000000004,2.79,-4.11,-8.57,0.73,8.17,0.6,1007.26,10.83,2.0,0.99,wind,snow,0,0,0,3,70,11
ACORN-Q,2013-03-12,48,809.9375,8.88496735270847,3.86,-1.89,3.86,1.14,0.985,5.75,-0.56,-8.88,0.63,6.81,0.54,1008.83,12.34,2.0,0.03,wind,rain,0,1,0,3,71,11
ACORN-Q,2013-03-13,48,809.8125,8.53907354057654,6.42,1.14,6.42,-0.91,3.78,5.28,3.01,-2.39,0.73,3.65,0.37,1010.59,13.04,2.0,0.06,partly-cloudy-day,rain,0,2,0,3,72,11
ACORN-Q,2013-03-14,48,809.958333333333,8.3781282294636,6.56,-0.91,6.56,2.99,2.8249999999999997,7.47,5.17,-3.72,0.67,1.81,0.27,1015.57,10.54,2.0,0.09,partly-cloudy-night,rain,0,3,0,3,73,11
ACORN-Q,2013-03-15,48,809.416666666667,8.14592557607286,8.27,2.99,8.27,6.36,5.63,5.279999999999999,4.56,-0.32,0.81,5.82,0.65,1007.6,12.36,2.0,0.12,wind,rain,0,4,0,3,74,11
ACORN-Q,2013-03-16,48,810.0,8.69347160876543,7.51,5.79,7.33,3.17,6.65,1.7199999999999998,3.91,1.78,0.85,6.75,0.69,996.08,12.13,2.0,0.15,wind,rain,0,5,1,3,75,11
ACORN-Q,2013-03-17,48,808.5625,9.06227922360558,7.3,2.36,7.3,-0.22,4.83,4.9399999999999995,5.13,-0.32,0.88,2.1,0.64,990.34,11.52,2.0,0.19,partly-cloudy-day,rain,0,6,1,3,76,11
ACORN-Q,2013-03-18,48,808.5,8.3871618530985,7.35,-0.22,7.35,3.33,3.565,7.569999999999999,7.06,-1.32,0.91,0.73,0.5,991.02,7.97,2.0,0.22,partly-cloudy-day,rain,0,0,0,3,77,12
ACORN-Q,2013-03-19,48,808.791666666667,8.09692857564269,7.72,2.81,7.72,2.37,5.265,4.91,5.81,0.65,0.83,1.56,0.59,997.51,8.32,2.0,0.25,partly-cloudy-day,rain,0,1,0,3,78,12
ACORN-Q,2013-03-20,48,809.0,8.22378986353523,5.87,2.37,5.87,1.18,4.12,3.5,3.49,0.18,0.86,2.37,0.78,1006.74,5.73,2.0,0.27,partly-cloudy-day,rain,0,2,0,3,79,12
ACORN-Q,2013-03-21,48,809.0,8.07886031953028,6.27,1.18,6.27,2.59,3.7249999999999996,5.09,2.57,-1.24,0.75,4.73,0.61,1015.96,10.8,2.0,0.31,partly-cloudy-day,rain,0,3,0,3,80,12
ACORN-Q,2013-03-22,48,807.020833333333,8.56669582206129,5.01,2.59,5.01,0.95,3.8,2.42,0.07,-2.8,0.79,7.92,0.69,1009.8,6.1,3.0,0.34,wind,rain,0,4,0,3,81,12
ACORN-Q,2013-03-23,48,807.854166666667,9.30575734293205,3.06,0.92,1.45,0.14,1.99,2.14,-2.27,-4.48,0.92,6.42,0.85,1009.85,3.73,2.0,0.37,fog,rain,0,5,1,3,82,12
ACORN-Q,2013-03-24,48,807.979166666667,9.78815056504181,1.53,-0.32,1.23,0.71,0.605,1.85,-2.86,-6.34,0.78,6.06,0.83,1012.85,9.37,2.0,0.4,partly-cloudy-day,snow,0,6,1,3,83,12
ACORN-Q,2013-03-25,48,806.645833333333,9.00991406471429,1.81,0.71,1.81,0.77,1.26,1.1,-2.89,-4.96,0.65,5.95,0.68,1014.28,12.76,2.0,0.43,partly-cloudy-day,rain,0,0,0,3,84,13
ACORN-Q,2013-03-26,48,807.0,8.85139033197026,1.75,0.77,1.75,-0.29,1.26,0.98,-2.29,-4.31,0.65,4.99,0.69,1013.39,12.81,2.0,0.46,partly-cloudy-day,rain,0,1,0,3,85,13
ACORN-Q,2013-03-27,48,805.020833333333,8.56479912804448,3.82,-0.29,3.82,-0.89,1.765,4.109999999999999,-0.19,-4.06,0.64,3.95,0.48,1011.63,12.86,3.0,0.49,partly-cloudy-day,rain,0,2,0,3,86,13
ACORN-Q,2013-03-28,48,804.875,8.49221299582955,4.08,-0.89,4.08,-0.52,1.595,4.97,0.31,-3.85,0.66,3.57,0.5,1012.3,11.64,2.0,0.54,partly-cloudy-day,rain,0,3,0,3,87,13
ACORN-Q,2013-03-29,48,805.0,8.76121366521739,5.31,-0.52,5.31,0.94,2.3949999999999996,5.83,1.71,-2.99,0.63,3.52,0.59,1010.88,13.45,3.0,0.57,partly-cloudy-day,rain,1,4,0,3,88,13
ACORN-Q,2013-03-30,48,804.020833333333,8.54019201410417,4.87,0.94,4.87,-1.54,2.9050000000000002,3.93,1.53,-2.65,0.69,3.61,0.66,1011.38,13.1,3.0,0.61,partly-cloudy-day,rain,0,5,1,3,89,13
ACORN-Q,2013-03-31,48,804.979166666667,8.58876442088023,4.96,-1.54,4.96,1.1,1.71,6.5,1.64,-2.33,0.68,2.8,0.4,1014.56,12.67,3.0,0.65,partly-cloudy-day,rain,0,6,1,3,90,13
ACORN-Q,2013-04-01,48,803.854166666667,8.61119927354479,7.71,0.04,7.71,0.48,3.875,7.67,3.74,-4.26,0.57,5.5,0.2,1014.63,13.02,3.0,0.72,partly-cloudy-day,rain,0,0,0,4,91,14
ACORN-Q,2013-04-02,48,803.958333333333,8.01641097717391,4.09,0.48,4.09,0.98,2.285,3.61,-0.57,-3.72,0.64,5.84,0.45,1017.4,13.1,3.0,0.76,partly-cloudy-day,rain,0,1,0,4,92,14
ACORN-Q,2013-04-03,48,802.854166666667,8.37827949236805,2.91,0.98,2.91,1.88,1.945,1.9300000000000002,-1.57,-3.52,0.74,5.76,0.55,1014.22,10.8,3.0,0.8,partly-cloudy-day,rain,0,2,0,4,93,14
ACORN-Q,2013-04-04,48,804.229166666667,8.58254250958432,7.34,1.88,7.34,0.64,4.609999999999999,5.46,3.68,-2.8,0.61,5.89,0.63,1015.19,13.08,3.0,0.83,partly-cloudy-day,rain,0,3,0,4,94,14
ACORN-Q,2013-04-05,48,804.8125,8.42370616997891,9.87,0.64,9.87,-1.21,5.255,9.229999999999999,8.53,-2.67,0.63,2.75,0.23,1023.34,13.02,3.0,0.87,partly-cloudy-day,rain,0,4,0,4,95,14
ACORN-Q,2013-04-06,48,804.958333333333,8.36630602433994,10.37,-1.21,10.37,3.47,4.58,11.579999999999998,10.37,-1.21,0.62,2.04,0.4,1020.37,11.84,3.0,0.9,partly-cloudy-day,rain,0,5,1,4,96,14
ACORN-Q,2013-04-07,48,805.0,8.43337763763975,9.99,3.47,9.99,3.45,6.73,6.52,7.18,-0.38,0.65,4.97,0.36,1005.84,10.81,3.0,0.94,partly-cloudy-day,rain,0,6,1,4,97,14
ACORN-Q,2013-04-08,48,804.0,7.8356728858209,8.81,3.45,8.81,2.98,6.130000000000001,5.36,6.01,0.39,0.83,3.87,0.7,997.5,6.66,3.0,0.97,partly-cloudy-day,rain,0,0,0,4,98,15
ACORN-Q,2013-04-09,48,803.958333333333,7.89356585564447,10.59,2.98,10.59,5.93,6.785,7.609999999999999,10.59,0.4,0.79,1.07,0.61,1003.54,4.44,4.0,0.01,fog,rain,0,1,0,4,99,15
ACORN-Q,2013-04-10,48,802.5,7.68156732272371,11.3,5.93,11.3,7.09,8.615,5.370000000000001,11.3,2.98,0.9,2.28,0.69,997.1,6.07,3.0,0.04,fog,rain,0,2,0,4,100,15
ACORN-Q,2013-04-11,48,802.958333333333,7.90464801123406,11.51,7.09,11.51,4.92,9.3,4.42,11.51,4.87,0.87,3.04,0.54,997.53,11.62,3.0,0.07,partly-cloudy-day,rain,0,3,0,4,101,15
ACORN-Q,2013-04-12,48,803.0,7.58135118393524,11.42,4.92,11.29,10.92,8.17,6.5,11.42,3.3,0.87,4.42,0.57,1011.09,11.06,3.0,0.1,wind,rain,0,4,0,4,102,15
ACORN-Q,2013-04-13,48,802.958333333333,7.72202241152303,19.88,11.49,19.88,10.88,15.684999999999999,8.389999999999999,19.88,11.49,0.7,6.56,0.45,1013.12,12.36,4.0,0.13,wind,rain,0,5,1,4,103,15
ACORN-Q,2013-04-14,48,802.875,7.78285100188616,15.43,10.08,15.43,9.63,12.754999999999999,5.35,15.43,10.08,0.72,5.4,0.42,1016.86,12.96,4.0,0.16,partly-cloudy-day,rain,0,6,1,4,104,15
ACORN-Q,2013-04-15,48,801.020833333333,7.18060055333456,16.55,9.63,16.55,9.66,13.09,6.92,16.55,7.26,0.7,5.75,0.4,1015.5,12.52,4.0,0.19,partly-cloudy-day,rain,0,0,0,4,105,16
ACORN-Q,2013-04-16,48,800.625,7.09461406995542,17.95,9.66,17.95,9.13,13.805,8.29,17.95,8.26,0.77,5.53,0.54,1014.48,10.8,4.0,0.22,wind,rain,0,1,0,4,106,16
ACORN-Q,2013-04-17,48,802.291666666667,7.03363442058708,14.11,8.48,14.11,7.08,11.295,5.629999999999999,14.11,5.27,0.64,8.12,0.35,1013.1,12.81,4.0,0.25,wind,rain,0,2,0,4,107,16
ACORN-Q,2013-04-18,48,803.979166666667,7.06665204692772,11.95,6.17,11.95,2.88,9.059999999999999,5.779999999999999,11.95,3.88,0.69,2.33,0.47,1025.56,13.12,4.0,0.28,partly-cloudy-day,rain,0,3,0,4,108,16
ACORN-Q,2013-04-19,48,801.958333333333,7.17663037047229,13.14,2.88,13.14,1.46,8.01,10.260000000000002,13.14,2.88,0.66,2.21,0.16,1032.63,12.07,5.0,0.31,partly-cloudy-day,rain,0,4,0,4,109,16
ACORN-Q,2013-04-20,48,802.895833333333,7.4123525376439,14.12,1.46,14.12,6.91,7.789999999999999,12.66,14.12,1.46,0.64,2.14,0.28,1021.92,12.79,4.0,0.35,partly-cloudy-day,rain,0,5,1,4,110,16
ACORN-Q,2013-04-21,48,801.895833333333,7.75217056663458,14.32,6.91,14.32,10.02,10.615,7.41,14.32,5.12,0.74,4.12,0.66,1016.11,12.04,4.0,0.38,partly-cloudy-day,rain,0,6,1,4,111,16
ACORN-Q,2013-04-22,48,799.916666666667,7.01664495024907,20.25,10.02,20.25,9.45,15.135,10.23,20.25,10.02,0.68,3.48,0.46,1019.23,12.5,5.0,0.41,partly-cloudy-day,rain,0,0,0,4,112,17
ACORN-Q,2013-04-23,48,801.291666666667,6.75977091437205,19.35,9.45,19.35,11.38,14.4,9.900000000000002,19.35,8.49,0.74,3.03,0.33,1023.67,11.96,4.0,0.45,partly-cloudy-day,rain,0,1,0,4,113,17
ACORN-Q,2013-04-24,48,802.770833333333,6.75107812948417,22.08,11.38,22.08,7.05,16.73,10.699999999999998,22.08,11.38,0.72,3.2,0.27,1020.93,10.17,5.0,0.48,partly-cloudy-day,rain,0,2,0,4,114,17
ACORN-Q,2013-04-25,48,801.020833333333,6.60817494126784,13.28,7.05,12.06,4.02,10.165,6.2299999999999995,13.28,5.04,0.65,3.42,0.51,1015.24,12.12,5.0,0.52,partly-cloudy-day,rain,0,3,0,4,115,17
ACORN-Q,2013-04-26,48,800.0,6.78277090878642,10.36,4.02,10.36,1.61,7.1899999999999995,6.34,10.36,1.82,0.71,2.7,0.39,1015.1,13.16,5.0,0.56,partly-cloudy-day,rain,0,4,0,4,116,17
ACORN-Q,2013-04-27,48,800.520833333333,7.30532805993879,11.59,1.61,11.59,7.98,6.6,9.98,11.59,1.61,0.64,3.27,0.27,1017.0,12.49,5.0,0.6,partly-cloudy-day,rain,0,5,1,4,117,17
ACORN-Q,2013-04-28,48,800.0,7.82545353589193,13.41,7.98,13.41,5.94,10.695,5.43,13.41,4.92,0.59,4.51,0.45,1016.36,13.18,4.0,0.63,partly-cloudy-day,rain,0,6,1,4,118,17
ACORN-Q,2013-04-29,48,800.979166666667,6.99660743739076,13.71,5.94,13.71,4.42,9.825000000000001,7.7700000000000005,13.71,4.3,0.62,2.84,0.22,1024.5,13.15,5.0,0.67,partly-cloudy-day,rain,0,0,0,4,119,18
ACORN-Q,2013-04-30,48,799.9375,6.77636838032096,16.32,4.42,16.32,5.43,10.370000000000001,11.9,16.32,2.32,0.62,2.95,0.26,1024.26,12.7,5.0,0.71,partly-cloudy-day,rain,0,1,0,4,120,18
ACORN-Q,2013-05-01,48,799.979166666667,6.76870937590723,16.96,5.43,16.96,4.48,11.195,11.530000000000001,16.96,3.39,0.43,2.9,0.2,1022.7,15.34,5.0,0.75,partly-cloudy-day,rain,0,2,0,5,121,18
ACORN-Q,2013-05-02,48,798.958333333333,6.67826860127446,19.71,4.48,19.71,8.05,12.095,15.23,19.71,4.48,0.56,2.71,0.34,1019.76,14.76,5.0,0.78,partly-cloudy-day,rain,0,3,0,5,122,18
ACORN-Q,2013-05-03,48,798.020833333333,6.69231890395435,16.31,8.05,16.31,6.87,12.18,8.259999999999998,16.31,5.78,0.64,5.16,0.34,1017.3,13.24,4.0,0.82,partly-cloudy-day,rain,0,4,0,5,123,18
ACORN-Q,2013-05-04,48,796.0,7.04511169254794,17.79,6.87,17.79,10.48,12.33,10.919999999999998,17.79,5.5,0.68,2.26,0.36,1021.76,12.91,4.0,0.85,partly-cloudy-day,rain,0,5,1,5,124,18
ACORN-Q,2013-05-05,48,797.5,6.98286103547606,20.99,10.48,20.99,8.63,15.735,10.509999999999998,20.99,10.48,0.63,1.13,0.22,1020.13,13.5,5.0,0.89,partly-cloudy-day,rain,0,6,1,5,125,18
ACORN-Q,2013-05-06,48,797.958333333333,6.83170068615941,19.82,8.63,19.82,11.72,14.225000000000001,11.19,19.82,8.63,0.6,2.07,0.16,1016.51,14.19,5.0,0.92,partly-cloudy-day,rain,0,0,0,5,126,19
ACORN-Q,2013-05-07,48,797.020833333333,6.52228351462109,16.81,11.33,16.81,7.28,14.07,5.479999999999999,16.81,11.33,0.77,3.21,0.52,1007.4,9.8,4.0,0.95,partly-cloudy-day,rain,0,1,0,5,127,19
ACORN-Q,2013-05-08,48,795.979166666667,6.72708670095117,14.28,7.28,14.28,10.18,10.78,6.999999999999999,14.28,5.0,0.71,7.13,0.47,1008.69,11.97,4.0,0.99,wind,rain,0,2,0,5,128,19
ACORN-Q,2013-05-09,48,795.625,6.66097598064684,17.17,10.2,17.17,7.06,13.685,6.970000000000002,17.17,10.2,0.72,6.74,0.63,1010.14,12.39,5.0,0.02,wind,rain,0,3,0,5,129,19
ACORN-Q,2013-05-10,48,795.0,6.55679909775098,13.18,7.06,13.18,6.04,10.12,6.12,13.18,4.29,0.78,4.83,0.56,1010.93,12.2,4.0,0.05,wind,rain,0,4,0,5,130,19
ACORN-Q,2013-05-11,48,796.958333333333,7.09294769176156,14.81,6.04,14.81,10.87,10.425,8.77,14.81,2.44,0.76,5.33,0.44,1014.56,12.05,6.0,0.08,partly-cloudy-day,rain,0,5,1,5,131,19
ACORN-Q,2013-05-12,48,796.0,7.60035271738757,14.06,7.45,14.06,7.36,10.755,6.61,14.06,4.53,0.68,6.61,0.61,1011.68,11.93,5.0,0.11,wind,rain,0,6,1,5,132,19
ACORN-Q,2013-05-13,48,794.625,6.76773614791772,10.94,7.36,10.94,7.0,9.15,3.579999999999999,10.94,4.75,0.8,3.97,0.67,1003.62,11.38,4.0,0.14,wind,rain,0,0,0,5,133,20
ACORN-Q,2013-05-14,48,795.895833333333,7.08200379191935,13.64,7.0,13.64,4.17,10.32,6.640000000000001,13.64,2.67,0.71,5.86,0.71,994.19,11.97,4.0,0.17,wind,rain,0,1,0,5,134,20
ACORN-Q,2013-05-15,48,795.958333333333,6.87240974040138,15.13,4.17,15.13,7.2,9.65,10.96,15.13,4.17,0.74,1.64,0.36,999.92,10.93,5.0,0.2,partly-cloudy-day,rain,0,2,0,5,135,20
ACORN-Q,2013-05-16,48,794.708333333333,6.70959167315237,11.3,7.2,11.3,9.12,9.25,4.1000000000000005,11.3,6.9,0.76,2.35,0.6,1005.87,11.54,4.0,0.23,partly-cloudy-day,rain,0,3,0,5,136,20
ACORN-Q,2013-05-17,48,794.020833333333,6.77686435834846,14.56,9.12,14.56,8.91,11.84,5.440000000000001,14.56,7.62,0.67,1.94,0.59,1008.08,11.93,4.0,0.26,partly-cloudy-day,rain,0,4,0,5,137,20
ACORN-Q,2013-05-18,48,791.333333333333,7.17777345281925,17.85,8.91,17.85,11.38,13.38,8.940000000000001,17.85,8.56,0.7,2.12,0.32,1011.12,11.1,5.0,0.3,partly-cloudy-day,rain,0,5,1,5,138,20
ACORN-Q,2013-05-19,48,794.729166666667,7.30308963848789,16.87,11.38,16.77,12.44,14.125,5.49,16.87,11.38,0.84,3.7,0.81,1011.37,7.31,4.0,0.33,cloudy,rain,0,6,1,5,139,20
ACORN-Q,2013-05-20,48,793.770833333333,6.84674842319408,16.22,12.01,13.49,10.1,14.114999999999998,4.209999999999999,16.22,12.01,0.78,4.21,0.79,1015.56,10.78,4.0,0.36,partly-cloudy-day,rain,0,0,0,5,140,21
ACORN-Q,2013-05-21,48,793.833333333333,6.80764578639592,14.02,9.58,14.02,6.27,11.8,4.4399999999999995,14.02,7.13,0.7,3.25,0.74,1018.45,11.68,4.0,0.4,partly-cloudy-day,rain,0,1,0,5,141,21
ACORN-Q,2013-05-22,48,791.041666666667,6.77734269717745,10.26,6.27,10.26,5.43,8.265,3.99,10.26,3.51,0.65,4.18,0.49,1013.55,12.54,6.0,0.44,partly-cloudy-day,rain,0,2,0,5,142,21
ACORN-Q,2013-05-23,48,791.6875,6.7567442721025,8.21,5.43,8.21,5.64,6.82,2.780000000000001,6.24,1.79,0.84,2.24,0.65,1009.4,11.89,4.0,0.47,partly-cloudy-day,rain,0,3,0,5,143,21
ACORN-Q,2013-05-24,48,791.833333333333,6.94799742959462,14.87,5.64,14.87,6.24,10.254999999999999,9.23,14.87,3.19,0.67,3.46,0.32,1020.26,12.21,5.0,0.51,partly-cloudy-day,rain,0,4,0,5,144,21
ACORN-Q,2013-05-25,48,792.916666666667,6.95989742672278,18.82,6.24,18.82,6.32,12.530000000000001,12.58,18.82,4.49,0.55,2.79,0.34,1018.43,14.76,6.0,0.55,partly-cloudy-day,rain,0,5,1,5,145,21
ACORN-Q,2013-05-26,48,793.520833333333,6.86444088751145,17.28,6.32,17.28,9.97,11.8,10.96,17.28,4.68,0.58,4.34,0.29,1009.15,13.63,6.0,0.59,wind,rain,0,6,1,5,146,21
ACORN-Q,2013-05-27,48,791.916666666667,6.8624818226037,12.13,9.78,11.88,8.38,10.955,2.3500000000000014,12.13,9.12,0.86,1.48,0.67,1000.65,9.37,4.0,0.62,partly-cloudy-day,rain,1,0,0,5,147,22
ACORN-Q,2013-05-28,48,791.3125,6.98888728970399,12.79,8.38,12.79,10.79,10.585,4.409999999999998,12.79,7.59,0.87,2.14,0.76,1004.27,9.24,4.0,0.66,partly-cloudy-day,rain,0,1,0,5,148,22
ACORN-Q,2013-05-29,48,792.375,7.11583239371706,14.69,10.79,14.69,11.27,12.739999999999998,3.9000000000000004,14.69,10.79,0.86,3.44,0.94,1010.33,8.71,4.0,0.7,partly-cloudy-day,rain,0,2,0,5,149,22
ACORN-Q,2013-05-30,48,792.645833333333,6.96385426890771,21.68,11.27,21.68,10.77,16.475,10.41,21.68,11.27,0.72,3.45,0.54,1017.87,10.59,6.0,0.73,partly-cloudy-day,rain,0,3,0,5,150,22
ACORN-Q,2013-05-31,48,793.875,6.65839655857725,17.34,10.77,17.34,9.72,14.055,6.57,17.34,10.77,0.65,3.35,0.38,1022.85,12.7,5.0,0.77,partly-cloudy-day,rain,0,4,0,5,151,22
ACORN-Q,2013-06-01,48,792.041666666667,6.74818668969958,18.83,9.72,18.83,7.24,14.274999999999999,9.109999999999998,18.83,8.97,0.59,2.4,0.27,1028.53,13.42,5.0,0.8,partly-cloudy-day,rain,0,5,1,6,152,22
ACORN-Q,2013-06-02,48,792.0,6.95446085959596,18.66,7.24,18.66,7.64,12.95,11.42,18.66,7.24,0.66,2.84,0.26,1031.47,13.28,6.0,0.84,partly-cloudy-day,rain,0,6,1,6,153,22
ACORN-Q,2013-06-03,48,793.9375,6.41368443139154,20.07,7.64,20.07,8.96,13.855,12.43,20.07,6.1,0.6,4.16,0.27,1027.0,14.65,7.0,0.87,partly-cloudy-day,rain,0,0,0,6,154,23
ACORN-Q,2013-06-04,48,791.041666666667,6.26007367927521,19.64,8.96,19.64,8.73,14.3,10.68,19.64,6.8,0.71,3.59,0.56,1021.53,13.31,5.0,0.9,partly-cloudy-day,rain,0,1,0,6,155,23
ACORN-Q,2013-06-05,48,793.625,6.34879964704016,20.88,8.73,20.88,10.02,14.805,12.149999999999999,20.88,6.66,0.68,4.28,0.23,1021.53,13.34,3.0,0.93,partly-cloudy-day,rain,1,2,0,6,156,23
ACORN-Q,2013-06-06,48,791.8125,6.39675392087025,19.64,10.02,19.64,9.16,14.83,9.620000000000001,19.64,10.02,0.66,4.3,0.38,1023.0,14.39,6.0,0.97,partly-cloudy-day,rain,0,3,0,6,157,23
ACORN-Q,2013-06-07,48,792.0,6.30977651527778,17.06,9.16,17.06,10.29,13.11,7.899999999999999,17.06,6.88,0.69,5.44,0.36,1021.44,12.44,6.0,0.99,partly-cloudy-day,rain,0,4,0,6,158,23
ACORN-Q,2013-06-08,48,789.25,6.70032646121176,14.17,10.29,14.17,10.61,12.23,3.880000000000001,14.17,10.29,0.72,4.59,0.89,1016.69,12.38,4.0,0.03,partly-cloudy-day,rain,0,5,1,6,159,23
ACORN-Q,2013-06-09,48,792.604166666667,7.18175945396038,14.56,10.61,14.56,8.16,12.585,3.950000000000001,14.56,10.61,0.68,1.67,0.95,1015.7,12.55,4.0,0.06,cloudy,rain,0,6,1,6,160,23
ACORN-Q,2013-06-10,48,792.020833333333,6.64750497369996,16.96,8.16,16.96,14.16,12.56,8.8,16.96,6.87,0.83,3.0,0.61,1013.81,10.46,4.0,0.09,partly-cloudy-day,rain,0,0,0,6,161,24
ACORN-Q,2013-06-11,48,790.708333333333,6.52122217811496,16.96,14.16,16.96,13.03,15.56,2.8000000000000007,17.01,14.16,0.86,5.94,0.93,1011.39,10.86,5.0,0.12,wind,rain,0,1,0,6,162,24
ACORN-Q,2013-06-12,48,789.020833333333,6.71484018162948,17.59,12.96,17.59,9.13,15.275,4.629999999999999,17.59,12.96,0.75,6.8,0.78,1011.04,11.94,5.0,0.15,wind,rain,0,2,0,6,163,24
ACORN-Q,2013-06-13,48,790.875,6.66082422958301,18.81,9.13,18.81,11.01,13.969999999999999,9.679999999999998,18.81,7.72,0.69,4.12,0.45,1016.14,13.05,5.0,0.18,partly-cloudy-day,rain,0,3,0,6,164,24
ACORN-Q,2013-06-14,48,788.979166666667,6.47497958700717,16.27,11.01,16.27,11.46,13.64,5.26,16.27,11.01,0.74,6.04,0.42,1008.6,12.18,5.0,0.21,wind,rain,0,4,0,6,165,24
ACORN-Q,2013-06-15,48,789.0,6.99899746489227,17.34,11.46,17.34,12.87,14.4,5.879999999999999,17.34,11.46,0.71,3.05,0.42,1013.64,12.62,5.0,0.25,partly-cloudy-day,rain,0,5,1,6,166,24
ACORN-Q,2013-06-16,48,789.916666666667,7.09867605744926,20.4,12.87,20.4,13.33,16.634999999999998,7.529999999999999,20.4,12.87,0.66,4.6,0.5,1014.05,15.08,5.0,0.28,partly-cloudy-day,rain,0,6,1,6,167,24
ACORN-Q,2013-06-17,48,789.729166666667,6.54666232351206,20.33,13.33,20.33,15.81,16.83,6.999999999999998,20.37,13.33,0.78,0.97,0.4,1014.27,10.81,6.0,0.31,partly-cloudy-day,rain,0,0,0,6,168,25
ACORN-Q,2013-06-18,48,790.520833333333,6.56247444856516,25.56,15.81,25.56,16.22,20.685,9.749999999999998,25.56,15.83,0.76,0.95,0.31,1014.65,9.82,6.0,0.35,partly-cloudy-day,rain,0,1,0,6,169,25
ACORN-Q,2013-06-19,48,789.520833333333,6.38549168969856,20.19,16.22,20.19,14.11,18.205,3.9700000000000024,20.2,16.22,0.81,1.34,0.47,1012.05,6.71,4.0,0.39,partly-cloudy-day,rain,0,2,0,6,170,25
ACORN-Q,2013-06-20,48,790.0,6.50744810240506,20.38,14.11,20.38,12.01,17.244999999999997,6.27,20.38,14.11,0.81,3.59,0.55,1010.05,10.03,5.0,0.42,partly-cloudy-day,rain,0,3,0,6,171,25
ACORN-Q,2013-06-21,48,787.0625,6.47407868790633,17.54,12.01,17.54,13.07,14.774999999999999,5.529999999999999,17.54,12.01,0.81,6.78,0.67,1007.11,11.33,5.0,0.46,wind,rain,0,4,0,6,172,25
ACORN-Q,2013-06-22,48,789.9375,6.80885463972689,16.51,12.62,16.51,10.62,14.565000000000001,3.8900000000000023,16.51,12.62,0.76,6.28,0.7,1009.25,12.38,5.0,0.51,wind,rain,0,5,1,6,173,25
ACORN-Q,2013-06-23,48,787.041666666667,7.16196344867296,16.1,10.62,16.1,11.26,13.36,5.480000000000002,16.1,10.62,0.66,4.16,0.52,1021.79,12.89,5.0,0.54,partly-cloudy-day,rain,0,6,1,6,174,25
ACORN-Q,2013-06-24,48,788.9375,6.49282762469515,18.76,11.26,18.76,10.14,15.010000000000002,7.500000000000002,18.76,11.26,0.57,1.95,0.42,1028.61,14.24,6.0,0.58,partly-cloudy-day,rain,0,0,0,6,175,26
ACORN-Q,2013-06-25,48,787.041666666667,6.37194607781149,20.61,10.14,20.61,12.2,15.375,10.469999999999999,20.61,10.14,0.64,1.98,0.42,1029.89,13.53,6.0,0.61,partly-cloudy-day,rain,0,1,0,6,176,26
ACORN-Q,2013-06-26,48,788.958333333333,6.34736540106886,19.23,12.2,19.23,12.56,15.715,7.030000000000001,19.23,12.2,0.69,2.69,0.54,1026.49,12.13,5.0,0.65,partly-cloudy-day,rain,0,2,0,6,177,26
ACORN-Q,2013-06-27,48,788.9375,6.29437052244797,20.16,12.56,20.16,13.42,16.36,7.6,20.25,12.56,0.87,3.46,0.93,1019.73,10.35,4.0,0.69,partly-cloudy-day,rain,0,3,0,6,178,26
ACORN-Q,2013-06-28,48,787.145833333333,6.44819233474296,21.19,13.42,21.19,14.92,17.305,7.770000000000001,21.19,13.42,0.61,3.36,0.35,1022.39,13.23,5.0,0.72,partly-cloudy-day,rain,0,4,0,6,179,26
ACORN-Q,2013-06-29,48,788.979166666667,6.55768729515949,25.17,14.92,25.17,13.89,20.045,10.250000000000002,25.17,14.92,0.67,4.28,0.32,1021.6,12.7,5.0,0.75,partly-cloudy-day,rain,0,5,1,6,180,26
ACORN-Q,2013-06-30,48,788.854166666667,6.85968027748877,19.78,13.89,19.78,11.84,16.835,5.890000000000001,19.78,13.89,0.63,3.94,0.44,1017.04,12.73,5.0,0.79,partly-cloudy-day,rain,0,6,1,6,181,26
ACORN-Q,2013-07-01,48,787.020833333333,6.4671302460226,17.5,11.84,17.5,14.31,14.67,5.66,17.5,11.84,0.72,3.08,0.6,1011.64,13.13,5.0,0.82,partly-cloudy-day,rain,0,0,0,7,182,27
ACORN-Q,2013-07-02,48,790.666666666667,6.60065031374022,19.69,14.31,19.69,12.48,17.0,5.380000000000001,19.69,14.31,0.79,3.67,0.83,1008.35,11.86,5.0,0.85,partly-cloudy-day,rain,0,1,0,7,183,27
ACORN-Q,2013-07-03,48,787.875,6.52424378444956,22.89,12.48,22.89,12.63,17.685000000000002,10.41,22.89,12.48,0.76,3.97,0.44,1019.37,11.93,5.0,0.88,partly-cloudy-day,rain,0,2,0,7,184,27
ACORN-Q,2013-07-04,48,787.875,6.39734020361812,24.62,12.63,24.62,13.48,18.625,11.99,24.62,12.63,0.65,0.63,0.29,1028.43,13.18,6.0,0.91,partly-cloudy-day,rain,0,3,0,7,185,27
ACORN-Q,2013-07-05,48,786.020833333333,6.46584602027676,26.47,13.48,26.47,14.99,19.975,12.989999999999998,26.47,13.48,0.63,1.34,0.12,1029.5,12.89,7.0,0.94,partly-cloudy-day,rain,0,4,0,7,186,27
ACORN-Q,2013-07-06,48,786.979166666667,6.65365083202906,27.28,14.99,27.28,14.99,21.135,12.290000000000001,27.28,14.99,0.66,2.5,0.12,1031.56,10.98,6.0,0.97,partly-cloudy-day,rain,0,5,1,7,187,27
ACORN-Q,2013-07-07,48,785.041666666667,6.94751670188817,25.18,14.99,25.18,12.01,20.085,10.19,25.18,14.99,0.65,3.92,0.14,1032.66,13.5,6.0,0.01,partly-cloudy-day,rain,0,6,1,7,188,27
ACORN-Q,2013-07-08,48,785.729166666667,6.41871413766195,25.61,12.01,25.61,13.54,18.81,13.6,25.61,12.01,0.57,3.27,0.13,1028.39,14.68,6.0,0.04,partly-cloudy-day,rain,0,0,0,7,189,28
ACORN-Q,2013-07-09,48,785.958333333333,6.42652009952481,23.19,13.36,23.19,11.99,18.275,9.830000000000002,23.19,13.36,0.64,3.88,0.22,1025.5,13.39,6.0,0.07,partly-cloudy-day,rain,0,1,0,7,190,28
ACORN-Q,2013-07-10,48,783.3125,6.51040774982799,21.69,11.99,21.69,12.01,16.84,9.700000000000001,21.69,11.99,0.64,3.65,0.37,1025.45,13.94,6.0,0.1,partly-cloudy-day,rain,0,2,0,7,191,28
ACORN-Q,2013-07-11,48,786.9375,6.31707325290304,23.92,12.01,23.92,15.01,17.965,11.910000000000002,23.92,12.01,0.7,1.84,0.39,1025.08,13.73,6.0,0.13,partly-cloudy-day,rain,0,3,0,7,192,28
ACORN-Q,2013-07-12,48,787.0,6.27439390279543,29.16,15.01,29.16,17.28,22.085,14.15,29.24,15.01,0.67,0.86,0.11,1023.97,12.65,7.0,0.16,partly-cloudy-day,rain,0,4,0,7,193,28
ACORN-Q,2013-07-13,48,786.020833333333,6.48274567367722,27.83,17.28,27.83,17.96,22.555,10.549999999999997,27.83,17.28,0.61,0.86,0.27,1023.66,12.5,5.0,0.2,partly-cloudy-day,rain,0,5,1,7,194,28
ACORN-Q,2013-07-14,48,783.020833333333,6.9414439068858,29.3,17.96,29.3,17.03,23.630000000000003,11.34,29.3,17.96,0.45,0.84,0.4,1023.14,14.66,5.0,0.23,partly-cloudy-day,rain,0,6,1,7,195,28
ACORN-Q,2013-07-15,48,783.958333333333,6.53423535924737,29.2,17.03,29.2,17.14,23.115000000000002,12.169999999999998,29.2,17.03,0.56,0.48,0.46,1022.88,14.87,5.0,0.27,partly-cloudy-day,rain,0,0,0,7,196,29
ACORN-Q,2013-07-16,48,784.3125,6.672298129796,30.28,17.14,30.28,17.5,23.71,13.14,30.28,17.14,0.54,1.24,0.23,1023.84,14.52,6.0,0.3,partly-cloudy-day,rain,0,1,0,7,197,29
ACORN-Q,2013-07-17,48,785.958333333333,6.6621591440176,27.56,17.5,27.56,15.62,22.53,10.059999999999999,27.56,17.5,0.6,3.24,0.18,1026.15,14.02,6.0,0.34,partly-cloudy-day,rain,0,2,0,7,198,29
ACORN-Q,2013-07-18,48,785.958333333333,6.60007078141829,27.27,15.62,27.27,16.34,21.445,11.65,27.27,15.62,0.57,4.26,0.18,1025.17,15.16,6.0,0.38,partly-cloudy-day,rain,0,3,0,7,199,29
ACORN-Q,2013-07-19,48,785.6875,6.40228997845675,22.49,16.34,22.49,16.84,19.415,6.149999999999999,22.49,16.34,0.74,4.37,0.51,1023.47,12.42,5.0,0.41,partly-cloudy-day,rain,0,4,0,7,200,29
ACORN-Q,2013-07-20,48,786.583333333333,6.57977596312645,26.03,16.84,26.03,17.21,21.435000000000002,9.190000000000001,26.07,16.84,0.71,3.44,0.51,1019.71,11.64,5.0,0.45,partly-cloudy-day,rain,0,5,1,7,201,29
ACORN-Q,2013-07-21,48,783.9375,6.93174544791918,32.16,17.21,32.16,19.29,24.685,14.949999999999996,32.16,17.29,0.63,1.62,0.28,1016.02,11.3,4.0,0.48,partly-cloudy-day,rain,0,6,1,7,202,29
ACORN-Q,2013-07-22,48,784.979166666667,6.62193334935916,27.13,19.29,27.13,15.59,23.21,7.84,28.0,19.64,0.74,1.84,0.37,1013.38,12.1,5.0,0.53,partly-cloudy-day,rain,0,0,0,7,203,30
ACORN-Q,2013-07-23,48,784.1875,6.73718967118485,26.24,15.59,26.24,16.63,20.915,10.649999999999999,26.24,15.59,0.67,3.59,0.34,1014.24,12.89,6.0,0.57,partly-cloudy-day,rain,0,1,0,7,204,30
ACORN-Q,2013-07-24,48,782.854166666667,6.57138539889038,25.13,16.63,25.13,15.26,20.88,8.5,25.13,16.86,0.74,3.05,0.45,1012.93,12.1,4.0,0.6,partly-cloudy-day,rain,0,2,0,7,205,30
ACORN-Q,2013-07-25,48,781.729166666667,6.50733509375253,26.19,15.26,26.19,14.82,20.725,10.930000000000001,26.19,15.26,0.62,1.6,0.37,1012.42,13.2,4.0,0.64,partly-cloudy-day,rain,0,3,0,7,206,30
ACORN-Q,2013-07-26,48,782.645833333333,6.30315677028484,27.28,14.82,27.28,15.34,21.05,12.46,27.37,14.82,0.68,0.63,0.26,1006.91,11.96,6.0,0.67,partly-cloudy-day,rain,0,4,0,7,207,30
ACORN-Q,2013-07-27,48,782.020833333333,6.71332519246161,23.14,15.34,23.14,16.48,19.240000000000002,7.800000000000001,23.14,15.34,0.73,5.02,0.44,1006.68,11.72,6.0,0.71,partly-cloudy-day,rain,0,5,1,7,208,30
ACORN-Q,2013-07-28,48,781.729166666667,6.77676636246694,22.36,16.48,22.36,15.77,19.42,5.879999999999999,22.36,16.48,0.75,5.42,0.55,1011.33,12.3,5.0,0.74,partly-cloudy-day,rain,0,6,1,7,209,30
ACORN-Q,2013-07-29,48,782.0,6.44724680332481,20.91,15.64,20.91,16.49,18.275,5.27,21.02,15.7,0.86,3.99,0.49,1013.58,11.12,4.0,0.77,partly-cloudy-day,rain,0,0,0,7,210,31
ACORN-Q,2013-07-30,48,781.020833333333,6.540240339313,23.56,16.49,23.56,16.98,20.025,7.07,23.77,16.49,0.8,4.47,0.55,1015.34,11.97,4.0,0.8,partly-cloudy-day,rain,0,1,0,7,211,31
ACORN-Q,2013-07-31,48,783.791666666667,6.46325344297948,32.4,16.98,32.4,17.41,24.689999999999998,15.419999999999998,32.42,17.18,0.65,3.68,0.2,1009.49,14.08,5.0,0.83,partly-cloudy-day,rain,0,2,0,7,212,31
ACORN-Q,2013-08-01,48,781.895833333333,6.50790455519355,24.64,17.41,24.64,15.36,21.025,7.23,24.68,17.44,0.71,3.89,0.42,1008.75,12.67,4.0,0.86,partly-cloudy-day,rain,0,3,0,8,213,31
ACORN-Q,2013-08-02,48,780.854166666667,6.5037280664182,23.17,15.36,23.17,14.79,19.265,7.810000000000002,23.17,15.36,0.71,4.85,0.34,1014.89,12.71,4.0,0.89,partly-cloudy-day,rain,0,4,0,8,214,31
ACORN-Q,2013-08-03,48,780.020833333333,6.4466797801195,22.98,14.79,22.98,17.05,18.884999999999998,8.190000000000001,22.98,14.79,0.7,4.52,0.43,1019.02,12.67,4.0,0.92,partly-cloudy-day,rain,0,5,1,8,215,31
ACORN-Q,2013-08-04,48,780.0,6.72136666692308,22.72,16.23,22.72,12.23,19.475,6.489999999999998,22.72,16.37,0.76,3.13,0.54,1012.36,12.59,4.0,0.95,partly-cloudy-day,rain,0,6,1,8,216,31
ACORN-Q,2013-08-05,48,780.833333333333,6.52936865861256,22.11,12.23,22.11,14.97,17.17,9.879999999999999,22.11,12.23,0.68,1.35,0.41,1015.69,13.53,4.0,0.98,partly-cloudy-day,rain,0,0,0,8,217,32
ACORN-Q,2013-08-06,48,779.041666666667,6.35868379265268,21.49,14.97,21.49,11.83,18.23,6.519999999999998,21.49,14.97,0.64,2.95,0.37,1014.33,13.49,4.0,0.02,partly-cloudy-day,rain,0,1,0,8,218,32
ACORN-Q,2013-08-07,48,780.958333333333,6.33497371487428,23.81,11.83,23.81,15.68,17.82,11.979999999999999,23.81,11.83,0.63,1.47,0.3,1019.26,13.52,6.0,0.05,partly-cloudy-day,rain,0,2,0,8,219,32
ACORN-Q,2013-08-08,48,780.020833333333,6.25790445668275,23.85,15.68,23.85,14.1,19.765,8.170000000000002,23.85,15.72,0.67,3.0,0.48,1018.82,12.42,5.0,0.08,partly-cloudy-day,rain,0,3,0,8,220,32
ACORN-Q,2013-08-09,48,777.625,6.20238647030955,21.73,14.1,21.73,15.42,17.915,7.630000000000001,21.73,14.1,0.57,2.82,0.49,1021.99,14.42,5.0,0.11,partly-cloudy-day,rain,0,4,0,8,221,32
ACORN-Q,2013-08-10,48,780.895833333333,6.28567619262384,22.76,15.42,22.76,13.57,19.09,7.340000000000002,22.76,15.42,0.62,3.8,0.45,1018.13,13.97,5.0,0.15,partly-cloudy-day,rain,0,5,1,8,222,32
ACORN-Q,2013-08-11,48,779.041666666667,6.49996480876431,20.39,13.57,20.39,11.46,16.98,6.82,20.39,13.57,0.61,3.6,0.41,1016.89,14.11,4.0,0.18,partly-cloudy-day,rain,0,6,1,8,223,32
ACORN-Q,2013-08-12,48,779.979166666667,6.23541528206461,19.8,11.46,19.8,11.04,15.63,8.34,19.8,11.46,0.69,3.63,0.43,1021.59,13.5,4.0,0.22,partly-cloudy-day,rain,0,0,0,8,224,33
ACORN-Q,2013-08-13,48,780.979166666667,6.21751321550937,22.04,11.04,22.04,16.16,16.54,11.0,22.04,11.04,0.78,2.79,0.39,1022.81,12.23,4.0,0.25,partly-cloudy-day,rain,0,1,0,8,225,33
ACORN-Q,2013-08-14,48,779.9375,6.1944670692847,23.46,16.64,23.46,16.98,20.05,6.82,23.46,16.78,0.79,4.44,0.55,1018.77,10.88,4.0,0.29,partly-cloudy-day,rain,0,2,0,8,226,33
ACORN-Q,2013-08-15,48,778.041666666667,6.20679431682157,21.66,16.98,21.66,14.12,19.32,4.68,21.73,16.98,0.84,3.86,0.51,1015.02,11.81,3.0,0.33,partly-cloudy-day,rain,0,3,0,8,227,33
ACORN-Q,2013-08-16,48,777.979166666667,6.25169849925377,20.22,14.12,20.22,15.92,17.169999999999998,6.1,20.22,14.12,0.82,5.13,0.57,1012.65,11.1,3.0,0.37,wind,rain,0,4,0,8,228,33
ACORN-Q,2013-08-17,48,777.791666666667,6.38868569318574,22.42,15.92,22.42,12.68,19.17,6.500000000000002,22.42,15.92,0.73,4.45,0.57,1009.48,12.76,3.0,0.4,partly-cloudy-day,rain,0,5,1,8,229,33
ACORN-Q,2013-08-18,48,779.791666666667,6.49897322308233,22.02,12.68,22.02,12.16,17.35,9.34,22.02,12.68,0.59,3.25,0.27,1019.36,14.13,3.0,0.44,partly-cloudy-day,rain,0,6,1,8,230,33
ACORN-Q,2013-08-19,48,778.979166666667,6.18475167940266,23.53,12.16,23.53,12.78,17.845,11.370000000000001,23.53,12.16,0.6,1.6,0.37,1027.38,15.13,4.0,0.48,partly-cloudy-day,rain,0,0,0,8,231,34
ACORN-Q,2013-08-20,48,779.708333333333,6.19140783497663,25.57,12.72,25.57,16.54,19.145,12.85,25.57,12.72,0.64,2.36,0.38,1023.87,14.9,4.0,0.52,partly-cloudy-day,rain,0,1,0,8,232,34
ACORN-Q,2013-08-21,48,777.666666666667,6.11837342269398,21.13,16.54,21.13,16.34,18.835,4.59,21.34,16.81,0.9,1.09,0.36,1019.89,11.3,3.0,0.55,partly-cloudy-day,rain,0,2,0,8,233,34
ACORN-Q,2013-08-22,48,778.583333333333,6.33254573799292,26.03,16.34,26.03,17.13,21.185000000000002,9.690000000000001,26.03,16.49,0.75,3.34,0.11,1014.88,9.96,4.0,0.59,partly-cloudy-day,rain,0,3,0,8,234,34
ACORN-Q,2013-08-23,48,776.979166666667,6.2650088024745,19.51,14.94,18.51,13.18,17.225,4.570000000000002,19.59,14.94,0.9,2.57,0.56,1010.79,5.58,3.0,0.62,fog,rain,0,4,0,8,235,34
ACORN-Q,2013-08-24,48,776.0,6.67518184473261,22.74,13.18,22.74,16.37,17.96,9.559999999999999,22.74,13.18,0.83,2.66,0.5,1012.96,10.07,4.0,0.66,partly-cloudy-day,rain,0,5,1,8,236,34
ACORN-Q,2013-08-25,48,776.0,6.50017396868557,24.32,16.37,24.32,12.82,20.345,7.949999999999999,24.32,16.37,0.69,2.65,0.38,1018.33,11.27,4.0,0.69,partly-cloudy-day,rain,0,6,1,8,237,34
ACORN-Q,2013-08-26,48,776.958333333333,6.41407972136306,22.78,12.82,22.78,12.45,17.8,9.96,22.78,12.82,0.69,1.89,0.23,1018.6,11.3,4.0,0.72,partly-cloudy-day,rain,1,0,0,8,238,35
ACORN-Q,2013-08-27,48,776.854166666667,6.25453652315291,23.38,12.45,23.38,14.16,17.915,10.93,23.38,12.45,0.69,0.85,0.37,1022.24,11.52,4.0,0.75,partly-cloudy-day,rain,0,1,0,8,239,35
ACORN-Q,2013-08-28,48,778.0,6.24276349627249,23.19,14.16,23.19,15.34,18.675,9.030000000000001,23.19,14.16,0.56,2.75,0.31,1021.8,11.65,4.0,0.78,partly-cloudy-day,rain,0,2,0,8,240,35
ACORN-Q,2013-08-29,48,777.958333333333,6.23521023960194,24.03,15.34,24.03,14.22,19.685000000000002,8.690000000000001,24.03,15.34,0.64,3.91,0.31,1019.63,12.78,3.0,0.81,partly-cloudy-day,rain,0,3,0,8,241,35
ACORN-Q,2013-08-30,48,777.75,6.3586924961256,19.87,14.22,19.87,10.17,17.045,5.65,19.87,14.22,0.6,3.37,0.12,1025.01,13.86,4.0,0.84,partly-cloudy-day,rain,0,4,0,8,242,35
ACORN-Q,2013-08-31,48,775.958333333333,6.40548287285825,21.07,10.17,21.07,11.88,15.620000000000001,10.9,21.07,10.17,0.63,3.36,0.33,1029.46,14.79,3.0,0.87,partly-cloudy-day,rain,0,5,1,8,243,35
ACORN-Q,2013-09-01,48,775.020833333333,6.73649693764799,24.94,11.88,24.94,14.04,18.41,13.06,24.94,11.88,0.7,3.28,0.33,1027.0,14.03,3.0,0.9,partly-cloudy-day,rain,0,6,1,9,244,35
ACORN-Q,2013-09-02,48,777.895833333333,6.35915035886592,23.92,14.04,23.92,14.09,18.98,9.880000000000003,23.92,14.04,0.76,0.5,0.33,1027.04,12.67,3.0,0.93,partly-cloudy-day,rain,0,0,0,9,245,36
ACORN-Q,2013-09-03,48,776.020833333333,6.37240499573277,27.04,14.09,27.04,15.46,20.564999999999998,12.95,27.31,14.09,0.75,1.86,0.1,1021.14,11.2,4.0,0.96,clear-day,rain,0,1,0,9,246,36
ACORN-Q,2013-09-04,48,775.645833333333,6.39314569937414,28.49,15.46,28.49,15.05,21.975,13.029999999999998,28.59,15.54,0.71,0.78,0.12,1011.32,9.08,4.0,0.99,fog,rain,0,2,0,9,247,36
ACORN-Q,2013-09-05,48,775.520833333333,6.44071595520907,18.32,13.26,17.04,11.39,15.79,5.0600000000000005,18.32,13.26,0.81,1.92,0.39,1008.5,11.17,2.0,0.03,partly-cloudy-day,rain,0,3,0,9,248,36
ACORN-Q,2013-09-06,48,777.729166666667,6.46103901614114,17.7,11.39,17.7,9.13,14.545,6.309999999999999,17.7,11.39,0.75,3.43,0.26,1013.82,12.6,4.0,0.06,partly-cloudy-day,rain,0,4,0,9,249,36
ACORN-Q,2013-09-07,48,777.770833333333,6.6758466943989,16.86,9.13,16.86,9.2,12.995000000000001,7.729999999999999,16.86,9.13,0.8,2.74,0.37,1017.99,12.57,2.0,0.1,partly-cloudy-day,rain,0,5,1,9,250,36
ACORN-Q,2013-09-08,48,778.0,6.93982647879177,10.63,9.2,10.29,9.38,9.915,1.4300000000000015,10.63,8.03,0.88,1.61,0.03,1018.08,10.3,4.0,0.13,clear-day,rain,0,6,1,9,251,36
ACORN-Q,2013-09-09,48,776.916666666667,6.68769053597585,16.65,9.38,16.65,12.47,13.015,7.269999999999998,16.65,7.53,0.77,4.22,0.64,1020.2,11.54,2.0,0.17,partly-cloudy-day,rain,0,0,0,9,252,37
ACORN-Q,2013-09-10,48,775.875,6.63241687143536,16.49,12.47,16.49,12.58,14.48,4.019999999999998,16.49,12.47,0.77,4.01,0.75,1020.96,11.72,2.0,0.21,partly-cloudy-day,rain,0,1,0,9,253,37
ACORN-Q,2013-09-11,48,774.020833333333,6.83567046934011,18.02,12.58,18.02,15.33,15.3,5.4399999999999995,18.02,12.58,0.87,1.24,0.72,1019.29,9.24,2.0,0.24,partly-cloudy-day,rain,0,2,0,9,254,37
ACORN-Q,2013-09-12,48,774.979166666667,6.55356078480904,18.09,14.78,18.09,9.3,16.435,3.3100000000000005,18.3,14.82,0.95,0.97,1.0,1017.09,5.91,2.0,0.28,cloudy,rain,0,3,0,9,255,37
ACORN-Q,2013-09-13,48,775.791666666667,6.65351109653725,13.85,9.3,13.85,6.72,11.575,4.549999999999999,13.85,7.1,0.89,2.95,0.69,1015.54,9.64,2.0,0.32,partly-cloudy-day,rain,0,4,0,9,256,37
ACORN-Q,2013-09-14,48,776.729166666667,7.14403683121741,15.36,6.72,14.82,8.24,11.04,8.64,15.36,5.13,0.86,4.65,0.41,1010.26,9.93,2.0,0.36,wind,rain,0,5,1,9,257,37
ACORN-Q,2013-09-15,48,776.020833333333,7.4951548487747,14.08,8.24,14.08,8.19,11.16,5.84,14.08,5.59,0.67,5.55,0.31,1002.85,13.55,2.0,0.39,wind,rain,0,6,1,9,258,37
ACORN-Q,2013-09-16,48,774.541666666667,6.74602805238618,13.7,8.19,13.08,10.77,10.945,5.51,13.7,5.6,0.84,3.33,0.61,1000.28,11.44,2.0,0.43,partly-cloudy-day,rain,0,0,0,9,259,38
ACORN-Q,2013-09-17,48,774.958333333333,6.8803950739435,15.18,10.77,15.18,8.33,12.975,4.41,15.18,10.77,0.78,3.44,0.61,1003.41,11.18,2.0,0.46,partly-cloudy-day,rain,0,1,0,9,260,38
ACORN-Q,2013-09-18,48,775.0,6.79683871096774,15.84,8.33,15.84,9.84,12.085,7.51,15.86,6.46,0.84,3.76,0.49,1010.33,11.99,2.0,0.49,partly-cloudy-day,rain,0,2,0,9,261,38
ACORN-Q,2013-09-19,48,774.020833333333,6.87982005103376,18.41,9.84,18.41,10.33,14.125,8.57,18.41,8.16,0.75,2.45,0.51,1017.72,12.5,2.0,0.54,partly-cloudy-day,rain,0,3,0,9,262,38
ACORN-Q,2013-09-20,48,772.041666666667,6.71938590686093,18.18,10.33,18.18,16.43,14.254999999999999,7.85,18.24,10.33,0.87,2.8,0.56,1024.26,10.83,2.0,0.57,partly-cloudy-day,rain,0,4,0,9,263,38
ACORN-Q,2013-09-21,48,774.8125,7.13819232308243,18.84,14.25,18.84,13.03,16.545,4.59,18.89,14.25,0.9,1.96,0.69,1027.75,10.57,2.0,0.6,partly-cloudy-day,rain,0,5,1,9,264,38
ACORN-Q,2013-09-22,48,773.020833333333,7.40378432780572,19.64,13.03,19.64,11.53,16.335,6.610000000000001,19.64,13.03,0.89,0.88,0.52,1024.98,9.43,2.0,0.64,fog,rain,0,6,1,9,265,38
ACORN-Q,2013-09-23,48,772.9375,6.82299586897868,21.47,11.53,21.47,13.67,16.5,9.94,21.47,11.53,0.89,1.18,0.17,1016.64,4.39,3.0,0.67,fog,rain,0,0,0,9,266,39
ACORN-Q,2013-09-24,48,773.291666666667,6.65545788868173,20.87,13.67,20.87,13.96,17.27,7.200000000000001,20.87,13.67,0.86,0.51,0.36,1011.86,3.75,2.0,0.7,fog,rain,0,1,0,9,267,39
ACORN-Q,2013-09-25,48,773.979166666667,6.71162107456519,18.88,13.12,18.88,10.58,16.0,5.76,18.88,13.12,0.79,3.1,0.51,1016.43,10.07,2.0,0.73,partly-cloudy-day,rain,0,2,0,9,268,39
ACORN-Q,2013-09-26,48,774.0,6.6964211881137,16.99,10.58,16.99,12.43,13.785,6.409999999999998,16.99,10.58,0.8,3.45,0.36,1016.27,13.39,2.0,0.76,partly-cloudy-day,rain,0,3,0,9,269,39
ACORN-Q,2013-09-27,48,771.875,6.64002684356284,18.36,12.43,18.36,13.57,15.395,5.93,18.36,12.43,0.81,4.46,0.17,1009.88,9.78,2.0,0.79,partly-cloudy-day,rain,0,4,0,9,270,39
ACORN-Q,2013-09-28,48,773.958333333333,7.08351982320326,17.36,13.44,17.36,13.44,15.399999999999999,3.92,17.36,13.44,0.79,4.76,0.45,1006.89,12.25,2.0,0.82,partly-cloudy-day,rain,0,5,1,9,271,39
ACORN-Q,2013-09-29,48,774.979166666667,7.37123809337284,18.81,13.21,18.81,11.76,16.009999999999998,5.599999999999998,18.81,13.21,0.79,3.68,0.37,1006.77,12.6,2.0,0.85,partly-cloudy-day,rain,0,6,1,9,272,39
ACORN-Q,2013-09-30,48,771.958333333333,6.85075210521391,17.28,11.76,17.28,13.62,14.52,5.520000000000001,17.28,11.76,0.82,4.02,0.54,1009.02,9.11,2.0,0.88,partly-cloudy-day,rain,0,0,0,9,273,40
ACORN-Q,2013-10-01,48,772.145833333333,6.8603315487844,19.02,13.62,19.02,14.03,16.32,5.4,19.1,13.62,0.87,3.51,0.59,1010.58,7.87,2.0,0.91,fog,rain,0,1,0,10,274,40
ACORN-Q,2013-10-02,48,771.979166666667,6.86713934143078,18.45,14.03,18.45,16.62,16.24,4.42,18.68,14.03,0.93,3.37,0.43,1008.9,7.03,2.0,0.94,partly-cloudy-day,rain,0,2,0,10,275,40
ACORN-Q,2013-10-03,48,772.541666666667,6.83971418284971,20.82,15.23,20.82,13.67,18.025,5.59,20.84,15.23,0.87,4.04,0.62,1009.01,11.68,1.0,0.98,partly-cloudy-day,rain,0,3,0,10,276,40
ACORN-Q,2013-10-04,48,773.666666666667,6.81115396752246,17.94,13.67,17.94,8.76,15.805,4.270000000000001,17.94,13.67,0.87,1.58,0.49,1019.72,11.91,1.0,0.01,partly-cloudy-day,rain,0,4,0,10,277,40
ACORN-Q,2013-10-05,48,774.0,7.13730103229974,19.19,8.76,19.19,10.37,13.975000000000001,10.430000000000001,19.19,8.76,0.82,1.53,0.41,1025.61,11.14,1.0,0.05,partly-cloudy-day,rain,0,5,1,10,278,40
ACORN-Q,2013-10-06,48,771.0625,7.39950361247951,18.57,10.37,18.57,13.36,14.469999999999999,8.200000000000001,18.57,10.37,0.87,2.43,0.47,1025.51,8.71,1.0,0.08,fog,rain,0,6,1,10,279,40
ACORN-Q,2013-10-07,48,770.645833333333,6.88124925169745,19.62,13.36,19.62,13.51,16.490000000000002,6.260000000000002,19.62,13.36,0.85,3.13,0.55,1024.75,10.3,1.0,0.12,partly-cloudy-day,rain,0,0,0,10,280,41
ACORN-Q,2013-10-08,48,770.895833333333,6.78632452683477,16.48,9.04,16.48,7.6,12.76,7.440000000000001,16.48,6.37,0.76,3.89,0.55,1019.97,12.46,1.0,0.16,partly-cloudy-day,rain,0,1,0,10,281,41
ACORN-Q,2013-10-09,48,772.8125,6.96220668852118,11.82,7.6,11.82,8.66,9.71,4.220000000000001,11.82,4.19,0.68,6.07,0.45,1018.36,12.41,1.0,0.19,partly-cloudy-day,rain,0,2,0,10,282,41
ACORN-Q,2013-10-10,48,773.875,6.97508842719225,13.16,8.66,13.16,9.39,10.91,4.5,13.16,5.62,0.86,5.86,0.77,1017.55,10.25,1.0,0.23,wind,rain,0,3,0,10,283,41
ACORN-Q,2013-10-11,48,770.729166666667,7.35992946395858,14.17,8.46,14.17,8.46,11.315000000000001,5.709999999999999,14.17,7.6,0.83,2.36,0.43,1018.13,10.62,1.0,0.27,partly-cloudy-day,rain,0,4,0,10,284,41
ACORN-Q,2013-10-12,48,769.958333333333,7.42502872118753,11.47,8.87,11.47,8.62,10.17,2.6000000000000014,11.47,6.46,0.92,3.78,0.58,1010.8,9.38,1.0,0.31,partly-cloudy-day,rain,0,5,1,10,285,41
ACORN-Q,2013-10-13,48,769.958333333333,8.18485440125581,11.34,8.62,11.34,8.75,9.98,2.7200000000000006,11.34,6.28,0.91,3.71,0.66,1007.43,9.69,1.0,0.34,partly-cloudy-day,rain,0,6,1,10,286,41
ACORN-Q,2013-10-14,48,768.958333333333,7.42624547945599,12.58,8.75,12.58,6.76,10.665,3.83,12.58,6.51,0.88,2.97,0.45,1010.38,9.27,1.0,0.38,fog,rain,0,0,0,10,287,42
ACORN-Q,2013-10-15,48,770.75,7.16766936412814,14.87,6.76,14.87,11.82,10.815,8.11,14.87,6.42,0.91,1.84,0.44,1010.46,7.15,1.0,0.42,fog,rain,0,1,0,10,288,42
ACORN-Q,2013-10-16,48,768.9375,7.31630163671287,17.29,11.82,17.29,10.5,14.555,5.469999999999999,17.29,11.82,0.84,4.15,0.26,1013.27,12.36,1.0,0.45,partly-cloudy-day,rain,0,2,0,10,289,42
ACORN-Q,2013-10-17,48,770.229166666667,7.1169097221305,17.16,10.5,17.16,13.21,13.83,6.66,17.16,10.5,0.91,2.76,0.49,1014.16,8.75,1.0,0.48,partly-cloudy-day,rain,0,3,0,10,290,42
ACORN-Q,2013-10-18,48,771.979166666667,6.98734008167073,17.52,13.21,17.52,13.18,15.365,4.309999999999999,17.52,13.21,0.91,3.06,0.52,1005.58,11.31,1.0,0.52,partly-cloudy-day,rain,0,4,0,10,291,42
ACORN-Q,2013-10-19,48,770.6875,7.36525114393079,17.04,12.16,17.04,12.16,14.6,4.879999999999999,17.04,12.16,0.89,4.29,0.42,1005.32,11.57,1.0,0.55,partly-cloudy-day,rain,0,5,1,10,292,42
ACORN-Q,2013-10-20,48,769.791666666667,7.89499871289432,17.53,13.26,17.53,16.32,15.395,4.270000000000001,17.53,13.26,0.87,4.81,0.53,1005.88,11.25,1.0,0.58,partly-cloudy-day,rain,0,6,1,10,293,42
ACORN-Q,2013-10-21,48,769.0,7.20824606682135,18.03,13.79,18.03,13.79,15.91,4.240000000000002,18.04,13.79,0.86,4.84,0.44,997.55,11.67,1.0,0.61,partly-cloudy-day,rain,0,0,0,10,294,43
ACORN-Q,2013-10-22,48,767.9375,7.14621632885647,16.53,9.99,16.53,6.83,13.260000000000002,6.540000000000001,16.53,8.92,0.8,5.29,0.34,998.6,12.42,1.0,0.65,wind,rain,0,1,0,10,295,43
ACORN-Q,2013-10-23,48,768.979166666667,6.9918073339969,16.91,6.83,16.91,13.14,11.870000000000001,10.08,16.91,6.83,0.86,2.1,0.36,1013.45,12.05,1.0,0.68,partly-cloudy-day,rain,0,2,0,10,296,43
ACORN-Q,2013-10-24,48,767.791666666667,6.95267945980799,18.47,13.16,18.47,14.39,15.815,5.309999999999999,18.47,13.16,0.86,4.14,0.47,1005.16,10.91,1.0,0.7,partly-cloudy-day,rain,0,3,0,10,297,43
ACORN-Q,2013-10-25,48,769.854166666667,6.90866445725501,16.66,14.34,16.66,11.66,15.5,2.3200000000000003,16.66,14.34,0.85,6.35,0.49,1004.52,11.31,1.0,0.73,wind,rain,0,4,0,10,298,43
ACORN-Q,2013-10-26,48,768.041666666667,7.48725786075994,15.87,11.66,15.87,11.7,13.765,4.209999999999999,15.87,11.66,0.81,7.05,0.32,996.66,11.18,1.0,0.76,wind,rain,0,5,1,10,299,43
ACORN-Q,2013-10-27,48,768.875,7.77568744191083,15.965,10.33,14.92,9.684999999999999,13.1475,5.634999999999999,15.974999999999998,9.120000000000001,0.81,7.365,0.405,994.5799999999999,11.19,1.0,0.78,wind,rain,0,6,1,10,300,43
ACORN-Q,2013-10-28,48,768.270833333333,7.54477018763342,16.06,9.0,13.97,7.67,12.53,7.059999999999999,16.08,6.58,0.81,7.68,0.49,992.5,11.2,1.0,0.8,wind,rain,0,0,0,10,301,44
ACORN-Q,2013-10-29,48,767.458333333333,7.55712163573713,12.38,6.86,12.38,4.47,9.620000000000001,5.5200000000000005,12.38,4.43,0.77,4.77,0.25,1010.58,13.66,1.0,0.83,partly-cloudy-day,rain,0,1,0,10,302,44
ACORN-Q,2013-10-30,48,769.125,7.35527992566354,13.57,4.47,13.57,12.03,9.02,9.100000000000001,13.57,2.27,0.8,3.67,0.33,1020.1,13.36,1.0,0.86,partly-cloudy-day,rain,0,2,0,10,303,44
ACORN-Q,2013-10-31,48,766.5625,7.45279783830395,13.11,11.61,12.59,11.48,12.36,1.5,13.11,11.61,0.89,4.42,0.74,1016.56,11.36,1.0,0.89,partly-cloudy-day,rain,0,3,0,10,304,44
ACORN-Q,2013-11-01,48,766.979166666667,7.37601677607085,13.97,11.48,13.97,10.47,12.725000000000001,2.49,13.97,11.48,0.89,2.95,0.55,1008.97,11.57,1.0,0.93,partly-cloudy-day,rain,0,4,0,11,305,44
ACORN-Q,2013-11-02,48,768.895833333333,7.4669561639293,15.08,10.27,15.08,7.56,12.675,4.8100000000000005,15.08,10.27,0.82,4.55,0.43,998.6,9.46,1.0,0.96,wind,rain,0,5,1,11,306,44
ACORN-Q,2013-11-03,48,768.020833333333,8.14306166797976,11.43,7.56,11.43,6.04,9.495,3.87,11.43,3.89,0.74,5.3,0.22,998.64,11.99,1.0,0.0,wind,rain,0,6,1,11,307,44
ACORN-Q,2013-11-04,48,765.875,7.48668645583001,9.98,4.78,9.98,4.41,7.380000000000001,5.2,8.24,2.11,0.82,2.94,0.29,991.64,11.14,1.0,0.03,partly-cloudy-day,rain,0,0,0,11,308,45
ACORN-Q,2013-11-05,48,764.770833333333,7.81862642697471,12.39,4.41,12.39,9.31,8.4,7.98,12.39,2.98,0.83,3.96,0.56,994.74,12.1,1.0,0.07,partly-cloudy-day,rain,0,1,0,11,309,45
ACORN-Q,2013-11-06,48,763.791666666667,7.65736645033186,14.87,9.31,14.79,9.31,12.09,5.559999999999999,14.87,6.77,0.88,4.86,0.62,999.46,10.19,1.0,0.11,wind,rain,0,2,0,11,310,45
ACORN-Q,2013-11-07,48,766.625,7.44621667155032,14.7,7.37,11.0,5.29,11.035,7.329999999999999,14.7,6.25,0.83,2.89,0.66,1006.38,13.9,1.0,0.14,partly-cloudy-day,rain,0,3,0,11,311,45
ACORN-Q,2013-11-08,48,763.770833333333,7.63996807912878,11.0,5.29,11.0,3.28,8.145,5.71,11.0,2.54,0.9,2.0,0.5,1005.53,12.1,1.0,0.18,partly-cloudy-day,rain,0,4,0,11,312,45
ACORN-Q,2013-11-09,48,767.916666666667,8.25819091476194,7.06,3.28,7.06,4.79,5.17,3.78,7.04,1.24,0.9,1.9,0.41,1006.05,11.43,1.0,0.22,partly-cloudy-day,rain,0,5,1,11,313,45
ACORN-Q,2013-11-10,48,765.0,8.53565550692837,9.22,2.58,9.22,2.53,5.9,6.640000000000001,7.3,0.71,0.79,2.61,0.18,1015.79,12.68,1.0,0.26,partly-cloudy-day,rain,0,6,1,11,314,45
ACORN-Q,2013-11-11,48,765.9375,7.97618579459271,12.63,2.53,12.11,9.79,7.58,10.100000000000001,12.63,1.21,0.91,3.65,0.65,1022.52,7.81,1.0,0.29,cloudy,rain,0,0,0,11,315,46
ACORN-Q,2013-11-12,48,764.0,7.47284073155086,13.11,6.08,12.36,2.11,9.594999999999999,7.029999999999999,13.11,4.61,0.85,2.26,0.56,1026.13,9.91,1.0,0.33,partly-cloudy-day,rain,0,1,0,11,316,46
ACORN-Q,2013-11-13,48,765.958333333333,7.66116865180341,9.94,2.11,9.94,6.54,6.0249999999999995,7.83,9.09,0.39,0.82,2.3,0.45,1032.0,12.99,1.0,0.37,partly-cloudy-day,rain,0,2,0,11,317,46
ACORN-Q,2013-11-14,48,766.854166666667,7.75394941108571,9.62,5.18,9.62,4.65,7.3999999999999995,4.4399999999999995,6.61,2.32,0.74,4.6,0.32,1023.75,13.18,1.0,0.4,partly-cloudy-day,rain,0,3,0,11,318,46
ACORN-Q,2013-11-15,48,765.875,7.74030317876712,9.25,3.33,9.25,1.38,6.29,5.92,7.41,1.74,0.72,2.57,0.27,1032.71,13.12,1.0,0.43,partly-cloudy-day,rain,0,4,0,11,319,46
ACORN-Q,2013-11-16,48,764.6875,8.26723197791639,9.14,1.38,9.14,7.59,5.26,7.760000000000001,8.36,-0.1,0.87,1.4,0.35,1031.84,9.66,1.0,0.47,partly-cloudy-day,rain,0,5,1,11,320,46
ACORN-Q,2013-11-17,48,766.9375,8.68777429219539,9.57,8.28,9.57,8.08,8.925,1.290000000000001,9.57,7.78,0.87,0.87,1.0,1024.24,6.41,1.0,0.5,fog,rain,0,6,1,11,321,46
ACORN-Q,2013-11-18,48,766.875,8.00164578933243,9.3,7.37,9.3,2.19,8.335,1.9300000000000006,8.54,5.02,0.92,1.77,0.98,1010.92,5.39,1.0,0.53,fog,rain,0,0,0,11,322,47
ACORN-Q,2013-11-19,48,764.9375,7.91713903091635,6.78,0.6,5.73,-1.27,3.69,6.180000000000001,4.33,-2.23,0.74,3.57,0.19,1013.76,13.5,1.0,0.56,partly-cloudy-day,rain,0,1,0,11,323,47
ACORN-Q,2013-11-20,48,765.958333333333,8.1946239141697,6.38,-1.27,6.38,3.12,2.5549999999999997,7.65,3.21,-4.81,0.85,3.41,0.52,1003.95,12.18,1.0,0.59,partly-cloudy-day,rain,0,2,0,11,324,47
ACORN-Q,2013-11-21,48,765.791666666667,8.0338585925568,7.91,3.12,7.91,3.52,5.515000000000001,4.79,4.39,-0.77,0.78,4.83,0.48,1004.26,11.96,1.0,0.62,partly-cloudy-day,rain,0,3,0,11,325,47
ACORN-Q,2013-11-22,48,765.791666666667,8.01011823895886,7.89,3.52,7.89,3.41,5.705,4.369999999999999,4.74,0.0,0.76,4.31,0.27,1017.66,12.36,1.0,0.65,partly-cloudy-day,rain,0,4,0,11,326,47
ACORN-Q,2013-11-23,48,765.020833333333,8.56546664278367,7.41,3.41,7.41,6.14,5.41,4.0,4.72,0.61,0.82,3.37,0.46,1024.21,11.2,1.0,0.68,partly-cloudy-day,rain,0,5,1,11,327,47
ACORN-Q,2013-11-24,48,762.895833333333,8.90047634450433,8.02,5.06,8.02,4.54,6.539999999999999,2.96,5.55,2.69,0.78,3.55,0.77,1030.42,11.78,1.0,0.71,partly-cloudy-day,rain,0,6,1,11,328,47
ACORN-Q,2013-11-25,48,763.770833333333,8.00544467388031,7.29,4.54,7.29,2.98,5.915,2.75,4.63,1.89,0.77,3.33,0.73,1037.52,12.17,1.0,0.74,partly-cloudy-day,rain,0,0,0,11,329,48
ACORN-Q,2013-11-26,48,762.041666666667,8.09422523156855,7.23,2.93,7.23,5.78,5.08,4.300000000000001,5.77,1.08,0.72,2.17,0.47,1038.71,12.63,1.0,0.77,partly-cloudy-night,rain,0,1,0,11,330,48
ACORN-Q,2013-11-27,48,761.916666666667,8.07012276610405,10.32,5.78,10.32,8.58,8.05,4.54,10.32,4.12,0.89,1.35,0.88,1033.95,6.76,1.0,0.81,partly-cloudy-day,rain,0,2,0,11,331,48
ACORN-Q,2013-11-28,48,761.208333333333,7.80235607402149,9.9,8.08,9.9,8.04,8.99,1.8200000000000003,9.38,7.97,0.87,1.23,0.96,1034.64,6.34,0.0,0.84,cloudy,rain,0,3,0,11,332,48
ACORN-Q,2013-11-29,48,760.979166666667,7.86366750626582,10.18,6.56,10.18,6.21,8.37,3.62,10.18,2.99,0.77,4.4,0.62,1026.65,11.02,1.0,0.87,partly-cloudy-day,rain,0,4,0,11,333,48
ACORN-Q,2013-11-30,48,757.770833333333,8.38986164044972,8.38,3.53,8.38,2.43,5.955,4.850000000000001,6.01,2.19,0.73,3.68,0.5,1027.3,12.46,1.0,0.91,partly-cloudy-day,rain,0,5,1,11,334,48
ACORN-Q,2013-12-01,48,759.916666666667,8.78203502788085,9.42,2.43,9.42,7.26,5.925,6.99,8.59,0.21,0.83,1.02,0.55,1032.9,11.59,1.0,0.94,partly-cloudy-day,rain,0,6,1,12,335,48
ACORN-Q,2013-12-02,48,760.9375,8.01443945030446,9.42,6.59,9.42,6.34,8.004999999999999,2.83,8.79,6.24,0.79,1.36,0.86,1033.95,10.7,0.0,0.98,partly-cloudy-day,rain,0,0,0,12,336,49
ACORN-Q,2013-12-03,48,761.0,8.00506964362681,7.22,3.66,6.44,3.66,5.4399999999999995,3.5599999999999996,7.22,1.58,0.72,0.96,0.97,1029.5,11.99,0.0,0.02,cloudy,rain,0,1,0,12,337,49
ACORN-Q,2013-12-04,48,760.020833333333,8.10213352130213,8.91,2.35,8.91,1.08,5.63,6.5600000000000005,6.66,-0.58,0.77,2.87,0.56,1029.19,12.25,1.0,0.06,partly-cloudy-day,rain,0,2,0,12,338,49
ACORN-Q,2013-12-05,48,760.1875,8.3732146677599,10.29,1.08,10.29,2.73,5.685,9.209999999999999,10.29,-2.54,0.73,6.12,0.44,1023.72,13.37,1.0,0.09,wind,rain,0,3,0,12,339,49
ACORN-Q,2013-12-06,48,760.9375,8.08016228756757,7.85,2.73,7.85,6.55,5.29,5.119999999999999,5.72,-1.27,0.7,3.92,0.38,1027.65,12.67,1.0,0.13,partly-cloudy-day,rain,0,4,0,12,340,49
ACORN-Q,2013-12-07,48,759.9375,8.62770269099203,8.72,6.55,8.72,5.09,7.635,2.170000000000001,6.32,4.02,0.85,3.71,0.47,1026.6,11.78,1.0,0.17,partly-cloudy-day,rain,0,5,1,12,341,49
ACORN-Q,2013-12-08,48,759.020833333333,8.85954060218414,11.24,5.09,11.24,6.01,8.165,6.15,11.24,2.53,0.83,4.56,0.35,1025.35,12.87,1.0,0.2,partly-cloudy-day,rain,0,6,1,12,342,49
ACORN-Q,2013-12-09,48,760.645833333333,8.00955536221793,11.01,5.06,11.01,2.06,8.035,5.95,11.01,3.17,0.89,2.69,0.32,1028.84,10.73,1.0,0.24,partly-cloudy-day,rain,0,0,0,12,343,50
ACORN-Q,2013-12-10,48,758.0625,8.0243826159218,9.03,2.06,9.03,2.06,5.545,6.969999999999999,7.65,2.06,0.91,1.35,0.23,1031.32,4.49,1.0,0.28,fog,rain,0,1,0,12,344,50
ACORN-Q,2013-12-11,48,756.041666666667,8.33293547756104,6.4,2.06,6.4,1.52,4.23,4.34,6.34,0.46,0.93,1.45,0.03,1029.46,3.48,1.0,0.31,fog,rain,0,2,0,12,345,50
ACORN-Q,2013-12-12,48,756.833333333333,8.2294789192273,8.98,1.52,8.98,7.23,5.25,7.460000000000001,7.28,-0.88,0.94,2.28,0.16,1024.86,3.14,1.0,0.35,fog,rain,0,3,0,12,346,50
ACORN-Q,2013-12-13,48,758.791666666667,8.03707076751701,11.73,8.15,11.73,3.79,9.940000000000001,3.58,11.73,5.42,0.85,3.44,0.51,1019.67,9.45,1.0,0.38,partly-cloudy-day,rain,0,4,0,12,347,50
ACORN-Q,2013-12-14,48,759.979166666667,8.65153719090424,11.33,3.79,11.33,8.11,7.5600000000000005,7.54,11.33,1.16,0.81,5.45,0.35,1022.45,12.73,1.0,0.41,wind,rain,0,5,1,12,348,50
ACORN-Q,2013-12-15,48,757.0625,8.95887372247097,12.54,8.11,12.44,11.64,10.325,4.43,12.54,6.2,0.91,6.12,0.68,1019.25,9.14,0.0,0.44,wind,rain,0,6,1,12,349,50
ACORN-Q,2013-12-16,48,757.6875,8.0803289221697,12.89,7.95,12.89,4.61,10.42,4.94,12.89,6.56,0.89,5.57,0.88,1016.66,10.36,0.0,0.47,wind,rain,0,0,0,12,350,51
ACORN-Q,2013-12-17,48,756.020833333333,8.0984805354889,7.4,4.61,6.48,5.01,6.005000000000001,2.79,7.08,2.72,0.9,1.29,0.6,1021.59,9.61,0.0,0.51,fog,rain,0,1,0,12,351,51
ACORN-Q,2013-12-18,48,757.916666666667,8.07127329792967,10.29,5.01,10.27,5.14,7.6499999999999995,5.279999999999999,10.29,2.42,0.88,5.85,0.64,1007.83,9.7,0.0,0.54,wind,rain,0,2,0,12,352,51
ACORN-Q,2013-12-19,48,759.729166666667,8.18761500094247,9.7,3.68,8.19,2.63,6.6899999999999995,6.02,7.07,0.55,0.78,3.99,0.36,1002.06,13.89,1.0,0.57,partly-cloudy-day,rain,0,3,0,12,353,51
ACORN-Q,2013-12-20,48,760.9375,8.110428760633,10.42,2.63,9.69,9.41,6.525,7.79,10.42,-0.66,0.79,5.52,0.36,1018.73,13.82,1.0,0.6,wind,rain,0,4,0,12,354,51
ACORN-Q,2013-12-21,48,759.979166666667,8.65389819980999,11.95,9.41,11.95,7.96,10.68,2.539999999999999,11.95,5.58,0.86,8.91,0.86,1012.62,9.66,0.0,0.63,wind,rain,0,5,1,12,355,51
ACORN-Q,2013-12-22,48,758.604166666667,8.65372319252963,10.07,4.81,10.07,4.81,7.4399999999999995,5.260000000000001,10.07,1.58,0.73,5.66,0.25,1009.77,12.68,1.0,0.66,partly-cloudy-day,rain,0,6,1,12,356,51
ACORN-Q,2013-12-23,48,758.9375,8.57378864040195,11.95,5.14,11.33,8.23,8.545,6.81,11.95,2.07,0.84,8.48,0.58,998.59,9.98,0.0,0.69,wind,rain,0,0,0,12,357,52
ACORN-Q,2013-12-24,48,757.770833333333,8.72992323478978,11.93,5.43,9.07,3.93,8.68,6.5,11.93,2.68,0.81,6.67,0.4,979.52,10.86,1.0,0.72,partly-cloudy-day,rain,0,1,0,12,358,52
ACORN-Q,2013-12-25,48,756.9375,9.21931375097467,7.19,3.74,7.19,2.87,5.465,3.45,4.98,0.23,0.85,2.47,0.03,984.66,12.36,1.0,0.75,clear-day,rain,1,2,0,12,359,52
ACORN-Q,2013-12-26,48,758.916666666667,8.54006048636599,7.64,2.87,4.29,4.29,5.255,4.77,4.53,-0.06,0.92,2.27,0.49,995.06,9.8,0.0,0.78,wind,rain,1,3,0,12,360,52
ACORN-Q,2013-12-27,48,757.979166666667,8.33465156011357,10.99,7.47,10.41,4.27,9.23,3.5200000000000005,10.99,3.68,0.75,7.86,0.37,986.81,11.43,1.0,0.82,wind,rain,0,4,0,12,361,52
ACORN-Q,2013-12-28,48,756.916666666667,8.27584367528999,7.81,2.86,7.81,0.72,5.335,4.949999999999999,5.34,0.77,0.77,3.17,0.11,997.47,13.45,1.0,0.85,partly-cloudy-day,rain,0,5,1,12,362,52
ACORN-Q,2013-12-29,48,758.9375,8.80388564956239,7.56,0.72,7.15,5.23,4.14,6.84,4.44,-2.77,0.84,3.07,0.12,1014.89,14.08,1.0,0.89,partly-cloudy-night,rain,0,6,1,12,363,52
ACORN-Q,2013-12-30,48,759.0,8.6515243740448,10.22,6.4,10.22,6.4,8.31,3.8200000000000003,10.22,4.21,0.83,6.58,0.55,1010.88,11.35,0.0,0.93,wind,rain,0,0,0,12,364,1
ACORN-Q,2013-12-31,48,758.916666666667,8.7493628154085,10.36,5.77,10.36,5.77,8.065,4.59,10.36,2.79,0.85,4.72,0.59,1004.27,12.13,0.0,0.96,partly-cloudy-day,rain,0,1,0,12,365,1
ACORN-Q,2014-01-01,48,756.0625,8.98216493465765,11.34,6.59,10.83,6.54,8.965,4.75,11.34,3.18,0.86,7.2,0.495,993.32,9.95,0.5,0.01,wind,rain,1,2,0,1,1,1
ACORN-Q,2014-01-02,48,756.104166666667,8.22935570023107,10.75,6.54,10.27,8.54,8.645,4.21,10.75,3.36,0.82,4.89,0.4,993.31,12.23,1.0,0.04,wind,rain,0,3,0,1,2,1
ACORN-Q,2014-01-03,48,754.8125,8.37642918583451,10.49,7.01,10.14,7.04,8.75,3.4800000000000004,10.49,2.77,0.78,7.66,0.4,994.51,10.93,1.0,0.08,wind,rain,0,4,0,1,3,1
ACORN-Q,2014-01-04,48,756.854166666667,8.72753513652695,9.58,4.06,9.58,1.72,6.82,5.5200000000000005,6.66,1.16,0.84,4.46,0.61,993.71,11.27,0.0,0.12,partly-cloudy-day,rain,0,5,1,1,4,1
ACORN-Q,2014-01-05,48,754.041666666667,9.05344321046918,11.96,1.72,8.78,8.78,6.840000000000001,10.24,11.96,-0.88,0.87,4.4,0.44,1000.02,11.67,1.0,0.15,wind,rain,0,6,1,1,5,1
ACORN-Q,2014-01-06,48,755.583333333333,8.21350433977907,12.57,9.34,12.37,10.23,10.955,3.2300000000000004,12.57,5.91,0.78,8.3,0.58,994.61,10.67,1.0,0.19,wind,rain,0,0,0,1,6,2
ACORN-Q,2014-01-07,48,755.020833333333,8.1750557131019,11.38,8.98,11.38,7.37,10.18,2.4000000000000004,11.38,5.34,0.78,7.3,0.59,1003.19,11.36,1.0,0.22,wind,rain,0,1,0,1,7,2
ACORN-Q,2014-01-08,48,754.854166666667,7.93351789802677,11.62,7.37,11.62,9.25,9.495,4.249999999999999,11.62,4.53,0.85,4.15,0.5,1011.94,11.99,1.0,0.26,partly-cloudy-day,rain,0,2,0,1,8,2
ACORN-Q,2014-01-09,48,754.0,7.90286750518791,12.01,4.86,10.29,2.68,8.435,7.1499999999999995,12.01,1.6,0.77,6.03,0.39,1006.3,12.63,1.0,0.29,wind,rain,0,3,0,1,9,2
ACORN-Q,2014-01-10,48,751.0625,8.0537445439679,10.14,2.68,10.14,7.16,6.41,7.460000000000001,10.14,0.34,0.85,3.56,0.4,1014.26,13.0,1.0,0.33,partly-cloudy-day,rain,0,4,0,1,10,2
ACORN-Q,2014-01-11,48,752.916666666667,8.48225939500233,8.59,1.02,8.41,0.38,4.805,7.57,5.91,1.02,0.81,2.68,0.2,1018.51,12.05,1.0,0.36,partly-cloudy-day,rain,0,5,1,1,11,2
ACORN-Q,2014-01-12,48,749.916666666667,9.02367353492982,8.91,0.38,7.06,5.42,4.6450000000000005,8.53,6.06,-1.79,0.9,3.25,0.46,1016.63,8.27,1.0,0.39,cloudy,rain,0,6,1,1,12,2
