Date,temperatureMax,temperatureMin,temperatureHigh,temperatureLow,temperatureMean,temperatureRange,apparentTemperatureMax,apparentTemperatureMin,humidity,windSpeed,cloudCover,pressure,visibility,uvIndex,moonPhase,icon,precipType
2011-11-01,15.57,9.68,15.57,8.88,12.625,5.890000000000001,15.57,9.01,0.84,2.45,0.36,1009.46,12.68,1.0,0.21,partly-cloudy-day,rain
2011-11-02,15.19,8.88,15.06,13.99,12.035,6.309999999999999,15.19,7.33,0.87,4.39,0.39,1004.79,11.83,1.0,0.24,partly-cloudy-night,rain
2011-11-03,17.41,12.79,17.41,12.52,15.1,4.620000000000001,17.41,12.79,0.89,3.99,0.52,993.4,12.15,1.0,0.27,partly-cloudy-day,rain
2011-11-04,15.54,11.53,15.54,10.17,13.535,4.01,15.54,11.53,0.91,2.62,0.5,995.54,10.69,1.0,0.31,fog,rain
2011-11-05,13.94,10.17,13.94,9.46,12.055,3.7699999999999996,13.94,10.17,0.92,2.7,0.65,1007.39,4.6,1.0,0.34,fog,rain
2011-11-06,11.85,9.46,11.85,10.17,10.655000000000001,2.389999999999999,11.85,7.03,0.81,4.77,0.77,1021.96,11.76,1.0,0.37,partly-cloudy-day,rain
2011-11-07,12.78,10.17,12.78,9.67,11.475,2.6099999999999994,12.78,10.17,0.89,3.9,0.82,1020.81,5.89,1.0,0.4,fog,rain
2011-11-08,11.31,9.37,10.57,9.73,10.34,1.9400000000000013,11.31,7.85,0.92,2.4,0.83,1014.61,4.31,1.0,0.43,fog,rain
2011-11-09,15.0,10.1,15.0,10.26,12.55,4.9,15.0,10.1,0.9,2.74,0.57,1015.59,9.85,1.0,0.46,partly-cloudy-day,rain
2011-11-10,13.71,10.26,13.71,8.85,11.985,3.450000000000001,13.71,10.26,0.92,2.66,0.34,1017.41,6.41,1.0,0.49,fog,rain
2011-11-11,11.96,8.85,10.87,10.87,10.405000000000001,3.110000000000001,11.96,6.48,0.95,3.88,0.79,1016.08,3.3,1.0,0.52,fog,rain
2011-11-12,15.26,11.56,15.26,10.76,13.41,3.6999999999999993,15.26,11.56,0.93,2.5,0.78,1024.77,4.83,1.0,0.55,fog,rain
2011-11-13,15.32,10.23,15.32,8.16,12.775,5.09,15.32,10.23,0.9,3.81,0.56,1027.73,5.15,1.0,0.58,fog,rain
2011-11-14,10.18,8.16,9.68,8.41,9.17,2.0199999999999996,10.18,6.34,0.95,3.34,0.86,1023.29,3.19,1.0,0.61,fog,rain
2011-11-15,11.36,5.88,11.36,5.19,8.62,5.4799999999999995,11.36,3.55,0.87,3.42,0.63,1018.53,5.39,1.0,0.65,fog,rain
2011-11-16,8.32,5.19,8.18,6.93,6.755000000000001,3.13,7.14,2.93,0.93,2.36,0.81,1017.4,3.69,1.0,0.68,fog,rain
2011-11-17,14.44,8.54,14.44,9.06,11.489999999999998,5.9,14.44,7.54,0.88,2.23,0.52,1018.32,8.1,1.0,0.71,fog,rain
2011-11-18,14.64,8.64,14.64,7.78,11.64,6.0,14.64,7.01,0.87,3.15,0.37,1017.97,12.55,1.0,0.75,partly-cloudy-day,rain
2011-11-19,13.19,7.48,13.19,4.76,10.335,5.709999999999999,13.19,5.98,0.92,2.37,0.26,1016.8,6.63,1.0,0.79,fog,rain
2011-11-20,9.71,4.76,9.71,7.1,7.235,4.950000000000001,9.54,4.76,0.96,1.24,0.41,1018.82,2.64,1.0,0.82,fog,rain
2011-11-21,10.69,7.1,10.69,9.39,8.895,3.59,10.69,5.95,0.95,2.62,0.7,1015.07,2.82,1.0,0.86,fog,rain
2011-11-22,12.93,9.19,12.93,3.81,11.059999999999999,3.74,12.93,8.95,0.94,0.35,0.78,1018.38,3.35,1.0,0.9,fog,rain
2011-11-23,10.36,3.81,10.36,8.24,7.085,6.549999999999999,10.36,2.18,0.93,2.04,0.36,1027.12,8.06,1.0,0.94,fog,rain
2011-11-24,12.93,8.56,12.93,9.71,10.745000000000001,4.369999999999999,12.93,7.01,0.89,4.04,0.41,1027.22,10.64,1.0,0.97,partly-cloudy-night,rain
2011-11-25,13.03,7.46,12.27,7.01,10.245,5.569999999999999,13.03,4.84,0.79,5.02,0.48,1024.47,12.38,1.0,0.01,partly-cloudy-day,rain
2011-11-26,12.96,7.01,12.96,11.59,9.985,5.950000000000001,12.96,4.69,0.81,5.75,0.44,1025.8,13.07,1.0,0.05,wind,rain
2011-11-27,13.54,4.47,13.54,1.31,9.004999999999999,9.07,13.54,2.94,0.72,5.48,0.42,1021.11,13.08,1.0,0.08,wind,rain
2011-11-28,12.58,1.31,10.27,10.27,6.945,11.27,12.58,1.31,0.86,2.34,0.56,1022.8,11.84,1.0,0.12,partly-cloudy-night,rain
2011-11-29,13.47,6.37,13.47,6.34,9.92,7.1000000000000005,13.47,3.39,0.82,6.48,0.6,1009.7,12.57,1.0,0.15,wind,rain
2011-11-30,11.87,6.34,11.87,9.44,9.105,5.529999999999999,11.87,3.34,0.78,4.43,0.31,1019.43,13.05,1.0,0.19,wind,rain
2011-12-01,12.15,6.08,12.15,2.56,9.115,6.07,12.15,5.29,0.82,2.57,0.57,1007.12,12.15,1.0,0.22,partly-cloudy-day,rain
2011-12-02,8.07,2.56,7.36,6.33,5.315,5.51,5.33,0.46,0.87,3.0,0.32,1012.12,11.89,1.0,0.25,wind,rain
2011-12-03,11.42,8.12,11.42,7.53,9.77,3.3000000000000007,11.42,4.71,0.79,5.42,0.54,1003.55,12.7,1.0,0.28,partly-cloudy-day,rain
2011-12-04,9.11,4.69,9.11,2.81,6.9,4.419999999999999,6.66,1.03,0.82,4.31,0.36,1001.15,13.36,1.0,0.31,partly-cloudy-day,rain
2011-12-05,6.87,2.81,6.87,2.68,4.84,4.0600000000000005,3.13,-1.69,0.77,5.57,0.2,1006.01,13.0,1.0,0.34,partly-cloudy-day,rain
2011-12-06,6.91,2.68,6.91,5.16,4.795,4.23,3.77,-1.61,0.83,4.79,0.34,1007.32,13.15,1.0,0.37,partly-cloudy-day,rain
2011-12-07,9.02,4.91,9.02,4.27,6.965,4.109999999999999,5.14,0.94,0.68,7.06,0.29,1008.76,13.12,1.0,0.4,wind,rain
2011-12-08,12.89,4.27,12.89,3.76,8.58,8.620000000000001,12.89,0.63,0.81,7.01,0.53,1010.84,12.59,1.0,0.43,wind,rain
2011-12-09,7.68,2.03,7.68,-0.13,4.8549999999999995,5.65,3.99,-1.42,0.71,5.65,0.15,1010.6,12.83,1.0,0.46,partly-cloudy-day,rain
2011-12-10,6.08,-0.13,6.08,2.48,2.975,6.21,3.14,-3.42,0.81,3.08,0.17,1015.58,12.83,1.0,0.49,partly-cloudy-day,rain
2011-12-11,8.59,2.48,8.59,3.09,5.535,6.109999999999999,5.72,0.11,0.88,3.94,0.56,1007.71,12.09,1.0,0.53,partly-cloudy-day,rain
2011-12-12,9.82,3.09,8.53,6.88,6.455,6.73,5.94,-0.64,0.84,5.02,0.38,1002.47,12.05,1.0,0.56,wind,rain
2011-12-13,12.08,4.54,8.48,4.16,8.31,7.54,12.08,0.22,0.75,7.44,0.42,990.27,12.55,1.0,0.59,wind,rain
2011-12-14,5.92,4.14,5.81,4.08,5.029999999999999,1.7800000000000002,2.88,0.78,0.79,4.48,0.36,994.48,13.2,1.0,0.63,partly-cloudy-day,rain
2011-12-15,7.97,4.08,7.97,1.8,6.025,3.8899999999999997,4.38,1.07,0.77,4.71,0.42,996.75,12.79,1.0,0.66,wind,rain
2011-12-16,4.68,1.8,4.53,0.24,3.2399999999999998,2.88,0.99,-2.65,0.88,3.71,0.7,988.1,10.96,1.0,0.7,partly-cloudy-day,rain
2011-12-17,5.35,0.24,5.35,-0.01,2.795,5.109999999999999,1.72,-3.56,0.86,3.99,0.37,1008.46,11.64,1.0,0.73,partly-cloudy-day,rain
2011-12-18,5.49,-0.56,5.49,-0.84,2.465,6.050000000000001,1.98,-4.12,0.84,3.6,0.22,1016.37,13.04,1.0,0.77,partly-cloudy-day,rain
2011-12-19,6.64,-0.84,6.64,5.83,2.9,7.4799999999999995,4.02,-3.67,0.94,2.7,0.47,1014.39,10.43,1.0,0.81,partly-cloudy-day,rain
2011-12-20,8.26,5.66,8.26,5.93,6.96,2.5999999999999996,4.98,1.68,0.81,4.25,0.48,1015.09,12.89,1.0,0.85,partly-cloudy-day,rain
2011-12-21,12.14,5.93,12.14,8.08,9.035,6.210000000000001,12.14,3.84,0.94,2.9,0.67,1017.91,9.41,0.0,0.88,partly-cloudy-day,rain
2011-12-22,12.14,8.08,12.14,10.35,10.11,4.0600000000000005,12.14,5.37,0.87,4.31,0.38,1024.71,12.99,1.0,0.92,partly-cloudy-night,rain
2011-12-23,11.44,5.28,11.21,3.17,8.36,6.159999999999999,11.44,0.99,0.85,4.85,0.74,1017.67,12.36,0.0,0.96,partly-cloudy-day,rain
2011-12-24,8.22,3.17,7.93,7.45,5.695,5.050000000000001,5.32,-0.51,0.8,4.46,0.37,1028.17,13.16,1.0,0.99,partly-cloudy-night,rain
2011-12-25,11.98,8.67,11.54,11.52,10.325,3.3100000000000005,11.98,5.93,0.83,5.81,0.88,1028.45,13.99,0.0,0.03,partly-cloudy-day,rain
2011-12-26,12.91,9.82,12.91,9.79,11.365,3.09,12.91,6.91,0.84,5.44,0.81,1033.14,13.23,1.0,0.07,partly-cloudy-day,rain
2011-12-27,10.33,8.03,10.33,8.03,9.18,2.3000000000000007,10.33,5.59,0.74,3.54,0.85,1032.76,13.39,0.0,0.1,partly-cloudy-day,rain
2011-12-28,11.19,5.95,11.19,5.31,8.57,5.239999999999999,11.19,1.84,0.77,6.02,0.46,1021.31,12.83,1.0,0.13,partly-cloudy-day,rain
2011-12-29,9.58,5.31,9.58,5.33,7.445,4.2700000000000005,6.46,0.98,0.76,6.83,0.45,1020.47,13.13,1.0,0.17,partly-cloudy-day,rain
2011-12-30,10.27,5.33,6.99,6.77,7.8,4.9399999999999995,10.27,1.71,0.84,3.71,0.56,1016.85,11.06,1.0,0.2,partly-cloudy-day,rain
2011-12-31,12.57,10.66,12.17,11.9,11.615,1.9100000000000001,12.57,10.66,0.89,5.46,0.76,1010.02,13.33,0.0,0.23,partly-cloudy-day,rain
2012-01-01,12.59,7.71,12.56,5.18,10.15,4.88,12.59,4.86,0.9,4.92,0.58,1004.82,12.33,1.0,0.26,partly-cloudy-day,rain
2012-01-02,7.57,4.69,7.57,4.69,6.130000000000001,2.88,4.8,0.87,0.81,4.81,0.21,1008.49,13.23,1.0,0.29,partly-cloudy-day,rain
2012-01-03,12.41,5.96,12.41,5.27,9.185,6.45,12.41,1.73,0.82,8.47,0.48,1003.23,10.8,1.0,0.32,wind,rain
2012-01-04,9.33,5.27,8.21,8.16,7.3,4.0600000000000005,4.77,0.79,0.78,7.98,0.49,1014.07,12.62,1.0,0.35,wind,rain
2012-01-05,11.46,7.34,11.04,4.4,9.4,4.120000000000001,11.46,3.67,0.7,9.49,0.47,1004.74,12.92,1.0,0.38,wind,rain
2012-01-06,9.18,4.4,8.08,8.08,6.79,4.779999999999999,6.13,1.64,0.78,3.93,0.45,1023.65,12.96,1.0,0.41,partly-cloudy-night,rain
2012-01-07,10.34,7.6,10.2,7.6,8.969999999999999,2.74,10.34,4.72,0.72,5.65,0.6,1021.72,13.45,1.0,0.44,partly-cloudy-day,rain
2012-01-08,9.62,8.12,9.62,7.74,8.87,1.5,8.09,5.52,0.75,3.56,0.73,1026.57,13.13,1.0,0.47,partly-cloudy-day,rain
2012-01-09,12.33,7.74,12.33,9.16,10.035,4.59,12.33,5.51,0.84,4.05,0.68,1029.61,12.47,1.0,0.51,partly-cloudy-day,rain
2012-01-10,11.29,9.16,11.29,7.1,10.225,2.129999999999999,11.29,7.25,0.87,3.76,0.72,1033.21,12.42,1.0,0.54,partly-cloudy-day,rain
2012-01-11,11.19,7.1,11.19,7.48,9.145,4.09,11.19,4.79,0.84,3.98,0.53,1032.94,13.05,1.0,0.57,partly-cloudy-night,rain
2012-01-12,12.4,5.08,12.4,2.34,8.74,7.32,12.4,2.86,0.81,4.35,0.46,1027.85,13.12,1.0,0.61,partly-cloudy-day,rain
2012-01-13,6.41,1.2,6.41,-1.79,3.805,5.21,4.61,0.08,0.83,1.61,0.16,1032.84,11.83,1.0,0.64,partly-cloudy-day,rain
2012-01-14,6.01,-1.79,6.01,1.16,2.11,7.8,5.77,-1.79,0.86,0.99,0.14,1030.1,10.54,1.0,0.68,partly-cloudy-night,rain
2012-01-15,6.27,1.16,6.27,0.83,3.715,5.109999999999999,2.97,-1.38,0.78,3.03,0.32,1024.8,12.33,1.0,0.72,partly-cloudy-night,rain
2012-01-16,6.56,0.83,6.56,-1.45,3.695,5.7299999999999995,4.18,-1.97,0.74,2.45,0.23,1025.48,10.98,1.0,0.76,partly-cloudy-day,rain
2012-01-17,5.79,-1.45,5.79,3.58,2.17,7.24,5.21,-3.24,0.83,1.43,0.34,1027.71,10.61,1.0,0.79,partly-cloudy-night,rain
2012-01-18,11.92,4.51,11.92,10.48,8.215,7.41,11.92,2.05,0.93,4.2,0.76,1023.93,6.28,1.0,0.83,fog,rain
2012-01-19,11.51,6.91,11.5,4.91,9.21,4.6,11.51,3.28,0.85,5.23,0.56,1018.64,11.33,1.0,0.87,partly-cloudy-day,rain
2012-01-20,10.05,4.91,10.05,8.68,7.48,5.140000000000001,10.05,0.73,0.78,6.18,0.47,1019.26,12.99,1.0,0.9,partly-cloudy-night,rain
2012-01-21,12.35,7.61,12.35,6.0,9.98,4.739999999999999,12.35,4.21,0.75,7.17,0.59,1012.5,13.36,1.0,0.94,partly-cloudy-day,rain
2012-01-22,11.8,6.0,11.8,4.86,8.9,5.800000000000001,11.8,2.14,0.68,5.93,0.37,1014.29,13.15,1.0,0.98,partly-cloudy-night,rain
2012-01-23,8.4,3.46,8.4,1.94,5.93,4.94,5.67,0.91,0.78,3.89,0.36,1018.88,13.04,1.0,0.02,partly-cloudy-day,rain
2012-01-24,9.77,1.94,9.31,8.63,5.8549999999999995,7.83,8.56,-1.04,0.95,2.13,0.6,1019.33,7.92,1.0,0.05,partly-cloudy-day,rain
2012-01-25,9.76,8.59,9.72,6.55,9.175,1.17,8.59,5.72,0.9,3.56,0.81,1015.27,10.38,1.0,0.08,partly-cloudy-day,rain
2012-01-26,9.54,3.15,8.77,2.93,6.345,6.389999999999999,6.9,-0.23,0.8,4.51,0.51,1009.15,12.71,1.0,0.11,partly-cloudy-day,rain
2012-01-27,8.68,2.93,8.68,3.51,5.805,5.75,6.15,-0.42,0.78,3.33,0.25,1019.12,13.0,1.0,0.14,partly-cloudy-night,rain
2012-01-28,6.46,3.27,6.46,1.87,4.865,3.19,4.04,1.08,0.86,2.56,0.57,1027.99,11.51,1.0,0.17,partly-cloudy-day,rain
2012-01-29,4.5,1.87,4.5,1.24,3.185,2.63,2.68,-0.24,0.89,1.62,0.77,1030.78,6.73,1.0,0.2,fog,rain
2012-01-30,3.98,1.24,3.98,-0.54,2.61,2.74,2.42,0.03,0.79,1.54,0.55,1026.05,9.29,1.0,0.23,partly-cloudy-day,rain
2012-01-31,2.13,-0.54,2.12,-0.51,0.7949999999999999,2.67,1.13,-2.95,0.84,2.36,0.55,1026.13,5.62,1.0,0.26,fog,rain
2012-02-01,3.36,-0.92,3.36,-1.66,1.22,4.28,-1.86,-5.98,0.67,5.45,0.36,1032.32,11.41,1.0,0.29,partly-cloudy-day,snow
2012-02-02,1.41,-1.76,1.41,-2.19,-0.17500000000000004,3.17,-3.78,-6.49,0.59,4.71,0.29,1035.76,13.05,1.0,0.32,partly-cloudy-day,snow
2012-02-03,1.54,-2.19,1.54,-3.27,-0.32499999999999996,3.73,-1.67,-5.77,0.67,2.2,0.36,1039.19,12.89,1.0,0.35,partly-cloudy-day,snow
2012-02-04,0.79,-3.27,0.79,-0.81,-1.24,4.0600000000000005,-2.32,-5.9,0.8,2.13,0.58,1036.05,8.64,1.0,0.38,fog,snow
2012-02-05,1.81,-0.12,1.81,1.39,0.845,1.9300000000000002,1.81,-4.68,0.96,0.93,0.85,1027.42,4.18,1.0,0.42,fog,rain
2012-02-06,4.08,1.39,4.08,1.06,2.735,2.6900000000000004,4.08,0.15,0.92,0.56,0.79,1033.06,3.28,1.0,0.45,fog,rain
2012-02-07,2.63,-2.83,2.63,-2.83,-0.10000000000000009,5.46,1.92,-7.99,0.75,2.66,0.58,1039.95,8.92,1.0,0.48,partly-cloudy-day,rain
2012-02-08,0.73,-2.1,0.73,-0.94,-0.685,2.83,-3.19,-6.87,0.78,3.92,0.89,1040.92,12.55,1.0,0.52,partly-cloudy-day,snow
2012-02-09,1.79,-0.96,1.79,-0.75,0.41500000000000004,2.75,1.79,-3.7,0.81,0.84,0.75,1039.26,9.75,1.0,0.56,fog,snow
2012-02-10,1.21,-2.96,1.21,-5.64,-0.875,4.17,-0.54,-5.24,0.81,2.13,0.47,1038.18,8.38,1.0,0.59,partly-cloudy-day,snow
2012-02-11,1.93,-5.64,1.93,-4.46,-1.855,7.569999999999999,1.93,-5.64,0.78,0.92,0.04,1036.81,6.98,1.0,0.63,clear-day,snow
2012-02-12,4.84,-4.46,4.84,1.09,0.18999999999999995,9.3,2.73,-6.26,0.88,1.78,0.59,1034.52,4.91,1.0,0.67,fog,rain
2012-02-13,6.58,1.09,6.58,4.54,3.835,5.49,3.42,-1.33,0.9,3.23,0.65,1027.34,7.79,1.0,0.7,fog,rain
2012-02-14,8.42,4.54,8.42,6.88,6.48,3.88,5.84,1.06,0.76,4.34,0.57,1024.57,12.73,1.0,0.74,partly-cloudy-day,rain
2012-02-15,10.61,6.93,10.61,5.47,8.77,3.6799999999999997,10.61,3.46,0.73,5.39,0.59,1025.18,13.13,1.0,0.78,partly-cloudy-day,rain
2012-02-16,10.61,5.47,10.61,7.13,8.04,5.14,10.61,3.44,0.74,3.42,0.51,1027.4,13.26,1.0,0.82,partly-cloudy-day,rain
2012-02-17,11.83,7.13,11.83,8.17,9.48,4.7,11.83,4.96,0.84,3.64,0.59,1023.17,12.1,1.0,0.85,partly-cloudy-day,rain
2012-02-18,10.76,3.2,10.76,2.04,6.98,7.56,10.76,-1.07,0.79,5.95,0.53,1012.6,12.92,1.0,0.89,partly-cloudy-day,rain
2012-02-19,6.35,0.62,6.35,-1.9,3.485,5.7299999999999995,3.63,-1.92,0.64,3.81,0.17,1024.14,13.1,1.0,0.92,partly-cloudy-day,rain
2012-02-20,8.44,-1.9,8.44,5.69,3.2699999999999996,10.34,5.37,-4.67,0.7,3.42,0.33,1032.06,12.92,1.0,0.96,partly-cloudy-night,rain
2012-02-21,11.65,5.72,11.65,7.48,8.685,5.930000000000001,11.65,2.74,0.76,4.83,0.66,1028.85,13.37,1.0,0.98,partly-cloudy-day,rain
2012-02-22,10.47,7.48,9.68,9.13,8.975000000000001,2.99,10.47,3.94,0.84,6.68,0.78,1024.07,12.07,1.0,0.03,partly-cloudy-day,rain
2012-02-23,16.98,10.34,16.98,9.55,13.66,6.640000000000001,16.98,10.34,0.84,4.73,0.5,1022.96,12.38,1.0,0.06,partly-cloudy-day,rain
2012-02-24,14.43,9.55,14.43,7.72,11.99,4.879999999999999,14.43,7.01,0.83,4.35,0.6,1027.25,12.21,1.0,0.09,partly-cloudy-day,rain
2012-02-25,12.11,6.97,12.11,3.26,9.54,5.14,12.11,5.93,0.67,2.18,0.51,1027.58,12.83,2.0,0.12,partly-cloudy-day,rain
2012-02-26,12.67,3.26,12.67,6.27,7.965,9.41,12.67,1.82,0.74,1.43,0.28,1028.24,12.36,2.0,0.15,partly-cloudy-day,rain
2012-02-27,11.15,6.27,11.15,9.73,8.71,4.880000000000001,11.15,3.69,0.85,3.68,0.67,1024.91,11.09,1.0,0.18,partly-cloudy-day,rain
2012-02-28,13.86,9.73,13.86,9.61,11.795,4.129999999999999,13.86,8.12,0.86,2.71,0.66,1023.97,8.71,2.0,0.21,partly-cloudy-day,rain
2012-02-29,12.74,9.61,12.74,6.49,11.175,3.130000000000001,12.74,8.36,0.85,2.47,0.54,1024.65,7.77,1.0,0.24,partly-cloudy-day,rain
2012-03-01,15.11,6.49,15.11,5.69,10.8,8.62,15.11,6.16,0.8,1.03,0.11,1026.15,6.08,2.0,0.27,fog,rain
2012-03-02,8.39,5.69,8.39,7.06,7.040000000000001,2.7,8.23,4.77,0.91,2.11,0.66,1025.57,2.9,2.0,0.3,fog,rain
2012-03-03,14.29,7.06,14.29,6.92,10.674999999999999,7.2299999999999995,14.29,5.29,0.82,3.5,0.55,1018.94,7.44,2.0,0.33,fog,rain
2012-03-04,9.32,3.92,9.32,4.04,6.62,5.4,7.01,-0.88,0.9,2.19,0.65,1016.56,10.36,1.0,0.36,wind,rain
2012-03-05,9.37,4.04,9.37,3.74,6.705,5.329999999999999,5.56,-1.21,0.64,8.01,0.48,1021.21,13.07,2.0,0.4,wind,rain
2012-03-06,7.22,3.74,7.22,4.68,5.48,3.4799999999999995,7.22,-0.25,0.78,1.93,0.55,1025.17,12.55,2.0,0.43,partly-cloudy-day,rain
2012-03-07,10.75,5.14,10.75,3.26,7.945,5.61,10.75,1.87,0.78,4.26,0.46,1017.5,11.8,2.0,0.46,wind,rain
2012-03-08,12.03,3.26,12.03,6.74,7.645,8.77,12.03,-0.33,0.68,3.54,0.29,1030.58,12.96,2.0,0.49,partly-cloudy-day,rain
2012-03-09,10.86,6.74,10.86,8.74,8.8,4.119999999999999,10.86,4.48,0.78,4.01,0.64,1034.68,13.02,2.0,0.54,partly-cloudy-day,rain
2012-03-10,15.39,8.74,15.39,6.82,12.065000000000001,6.65,15.39,6.66,0.81,3.15,0.53,1036.42,11.17,2.0,0.58,partly-cloudy-day,rain
2012-03-11,15.55,6.82,15.55,5.43,11.185,8.73,15.55,6.04,0.81,1.25,0.38,1036.86,10.59,2.0,0.61,partly-cloudy-day,rain
2012-03-12,13.86,5.43,13.86,6.4,9.645,8.43,13.86,4.46,0.87,1.02,0.41,1035.0,4.76,2.0,0.65,fog,rain
2012-03-13,10.89,6.36,10.89,5.37,8.625,4.53,10.89,4.71,0.86,1.55,0.79,1034.58,6.08,2.0,0.69,fog,rain
2012-03-14,12.41,5.03,12.41,2.82,8.72,7.38,12.41,3.37,0.8,2.03,0.54,1031.31,6.61,2.0,0.73,fog,rain
2012-03-15,16.79,2.82,16.79,8.5,9.805,13.969999999999999,16.79,1.59,0.82,1.41,0.32,1024.51,3.2,3.0,0.76,fog,rain
2012-03-16,9.75,8.5,9.75,7.49,9.125,1.25,7.32,6.07,0.76,4.2,0.89,1018.93,9.4,2.0,0.8,partly-cloudy-day,rain
2012-03-17,10.75,7.37,10.75,3.98,9.06,3.38,10.75,5.11,0.87,3.44,0.52,1012.96,9.3,2.0,0.83,partly-cloudy-day,rain
2012-03-18,9.76,3.98,9.76,1.69,6.87,5.779999999999999,8.03,1.58,0.82,1.84,0.38,1017.33,11.57,2.0,0.87,partly-cloudy-day,rain
2012-03-19,13.27,1.69,13.27,4.33,7.4799999999999995,11.58,13.27,-0.32,0.68,2.68,0.17,1032.01,11.46,3.0,0.9,partly-cloudy-day,rain
2012-03-20,14.48,4.33,14.48,8.79,9.405000000000001,10.15,14.48,1.97,0.72,2.42,0.34,1034.75,13.05,2.0,0.94,partly-cloudy-day,rain
2012-03-21,15.62,7.44,15.62,6.14,11.53,8.18,15.62,5.38,0.67,1.87,0.47,1034.03,12.6,3.0,0.97,partly-cloudy-day,rain
2012-03-22,15.81,6.14,15.81,6.74,10.975,9.670000000000002,15.81,3.51,0.72,3.71,0.1,1029.23,6.63,3.0,0.99,fog,rain
2012-03-23,19.48,6.74,19.48,6.42,13.11,12.74,19.48,6.74,0.74,1.01,0.07,1026.63,5.05,3.0,0.03,fog,rain
2012-03-24,18.83,6.42,18.83,4.4,12.625,12.409999999999998,18.83,6.42,0.74,2.12,0.08,1028.59,6.12,3.0,0.06,fog,rain
2012-03-25,13.79,4.4,13.79,3.84,9.094999999999999,9.389999999999999,13.79,2.47,0.78,2.58,0.39,1033.5,9.0,3.0,0.09,partly-cloudy-day,rain
2012-03-26,18.26,5.32,18.26,4.88,11.790000000000001,12.940000000000001,18.26,4.77,0.53,2.09,0.14,1036.33,11.64,3.0,0.15,partly-cloudy-day,rain
2012-03-27,21.14,4.88,21.14,6.89,13.01,16.26,21.14,4.88,0.49,0.82,0.1,1032.69,12.62,3.0,0.18,partly-cloudy-day,rain
2012-03-28,19.16,6.89,19.16,7.81,13.025,12.27,19.16,5.82,0.61,1.76,0.19,1027.92,10.85,4.0,0.21,partly-cloudy-day,rain
2012-03-29,17.12,7.81,17.12,7.37,12.465,9.310000000000002,17.12,6.71,0.71,1.28,0.16,1024.2,7.5,3.0,0.24,partly-cloudy-day,rain
2012-03-30,11.09,6.58,11.09,2.43,8.835,4.51,11.09,4.29,0.71,3.31,0.61,1019.84,11.22,3.0,0.27,partly-cloudy-day,rain
2012-03-31,12.88,2.43,12.88,3.98,7.655,10.450000000000001,12.88,1.12,0.61,1.15,0.25,1020.81,12.83,3.0,0.31,partly-cloudy-day,rain
2012-04-01,15.04,3.98,15.04,5.04,9.51,11.059999999999999,15.04,3.98,0.63,1.14,0.24,1011.19,12.46,3.0,0.34,partly-cloudy-day,rain
2012-04-02,12.92,5.04,12.92,3.57,8.98,7.88,12.92,5.04,0.75,1.72,0.31,1003.25,11.12,3.0,0.38,partly-cloudy-day,rain
2012-04-03,10.18,3.57,10.18,6.51,6.875,6.609999999999999,10.18,1.87,0.75,1.03,0.49,1006.81,11.47,3.0,0.41,partly-cloudy-day,rain
2012-04-04,8.92,4.61,8.92,0.34,6.765000000000001,4.31,6.47,2.59,0.76,4.6,0.7,1018.58,9.64,3.0,0.45,partly-cloudy-day,rain
2012-04-05,12.28,0.34,12.28,7.92,6.31,11.94,12.28,-1.43,0.65,2.48,0.35,1016.01,13.05,3.0,0.48,partly-cloudy-day,rain
2012-04-06,10.48,6.86,10.48,6.52,8.67,3.62,10.48,6.42,0.75,2.09,0.72,1012.32,11.64,3.0,0.53,partly-cloudy-day,rain
2012-04-07,13.08,6.52,13.08,8.31,9.8,6.5600000000000005,13.08,4.57,0.81,2.85,0.72,1012.36,10.83,3.0,0.56,partly-cloudy-day,rain
2012-04-08,10.81,8.31,10.81,5.94,9.56,2.5,10.81,5.58,0.89,5.9,0.72,997.57,11.15,3.0,0.6,wind,rain
2012-04-09,12.9,5.94,12.9,3.57,9.42,6.96,12.9,2.8,0.7,5.0,0.37,990.03,13.18,4.0,0.64,partly-cloudy-day,rain
2012-04-10,12.91,3.57,12.91,3.68,8.24,9.34,12.91,1.97,0.7,1.67,0.31,996.99,13.1,4.0,0.67,partly-cloudy-day,rain
2012-04-11,12.13,3.68,12.13,3.97,7.905,8.450000000000001,12.13,2.56,0.77,1.31,0.32,1002.96,12.02,4.0,0.71,partly-cloudy-day,rain
2012-04-12,12.02,3.97,12.02,5.67,7.995,8.049999999999999,12.02,2.81,0.77,0.65,0.45,1005.09,8.8,4.0,0.75,fog,rain
2012-04-13,11.62,5.67,11.62,3.3,8.645,5.949999999999999,11.62,3.66,0.72,3.41,0.47,1007.83,10.62,4.0,0.78,partly-cloudy-day,rain
2012-04-14,9.12,3.3,9.12,1.96,6.209999999999999,5.819999999999999,6.16,-0.3,0.66,4.65,0.25,1019.5,13.33,4.0,0.82,partly-cloudy-day,rain
2012-04-15,10.94,1.96,10.94,5.16,6.449999999999999,8.98,10.94,-0.22,0.59,0.59,0.37,1024.8,12.78,4.0,0.85,partly-cloudy-day,rain
2012-04-16,13.77,5.16,13.77,6.27,9.465,8.61,13.77,1.82,0.71,4.94,0.42,1002.45,12.55,4.0,0.88,wind,rain
2012-04-17,10.01,6.27,10.01,6.47,8.14,3.74,10.01,2.76,0.87,5.1,0.6,982.22,11.86,3.0,0.91,wind,rain
2012-04-18,9.93,6.47,9.93,5.34,8.2,3.46,8.05,3.41,0.91,3.78,0.67,984.05,10.7,4.0,0.94,partly-cloudy-day,rain
2012-04-19,12.46,5.34,12.46,3.78,8.9,7.120000000000001,12.46,2.92,0.83,3.28,0.37,993.06,11.52,4.0,0.97,partly-cloudy-day,rain
2012-04-20,12.45,3.78,12.45,4.76,8.115,8.67,12.45,1.57,0.73,3.63,0.35,997.0,12.76,4.0,0.01,partly-cloudy-day,rain
2012-04-21,14.03,4.76,14.03,6.89,9.395,9.27,14.03,2.21,0.78,4.35,0.29,1002.51,13.12,4.0,0.04,partly-cloudy-day,rain
2012-04-22,9.67,6.89,9.67,6.99,8.28,2.7800000000000002,7.28,4.53,0.86,2.4,0.63,995.32,11.68,4.0,0.07,partly-cloudy-day,rain
2012-04-23,12.48,6.99,12.48,6.55,9.735,5.49,12.48,4.03,0.76,2.91,0.57,996.88,11.75,4.0,0.1,partly-cloudy-day,rain
2012-04-24,11.94,6.55,11.94,9.23,9.245,5.39,11.94,2.27,0.88,5.44,0.57,988.28,11.22,4.0,0.13,wind,rain
2012-04-25,13.89,9.23,13.89,9.28,11.56,4.66,13.89,5.94,0.77,7.61,0.56,993.73,12.5,4.0,0.16,wind,rain
2012-04-26,14.84,9.28,14.84,8.31,12.059999999999999,5.5600000000000005,14.84,6.84,0.77,4.14,0.49,1009.84,12.92,4.0,0.19,partly-cloudy-day,rain
2012-04-27,10.03,6.46,9.59,5.99,8.245,3.5699999999999994,10.03,2.18,0.92,4.9,0.74,1014.81,9.06,4.0,0.22,wind,rain
2012-04-28,14.89,5.99,14.89,8.68,10.440000000000001,8.9,14.89,1.49,0.86,4.98,0.7,1004.79,10.28,4.0,0.26,wind,rain
2012-04-29,17.15,8.68,17.15,11.28,12.915,8.469999999999999,17.15,6.21,0.68,4.69,0.32,1012.09,13.13,5.0,0.29,partly-cloudy-day,rain
2012-04-30,17.24,11.28,17.24,9.98,14.259999999999998,5.959999999999999,17.24,11.28,0.84,1.85,0.61,1015.82,9.29,4.0,0.33,partly-cloudy-day,rain
2012-05-01,13.81,9.73,13.81,8.16,11.77,4.08,13.81,7.76,0.85,3.3,0.78,1019.49,8.66,4.0,0.36,partly-cloudy-day,rain
2012-05-02,9.19,7.99,8.75,7.38,8.59,1.1999999999999993,7.73,5.92,0.9,2.7,0.82,1012.04,9.04,4.0,0.4,partly-cloudy-day,rain
2012-05-03,9.02,7.38,9.02,6.21,8.2,1.6399999999999997,7.18,5.89,0.86,2.56,0.78,1006.82,10.57,4.0,0.44,partly-cloudy-day,rain
2012-05-04,9.71,6.21,9.71,5.72,7.960000000000001,3.500000000000001,7.42,2.99,0.73,4.28,0.63,1009.49,13.15,4.0,0.47,partly-cloudy-day,rain
2012-05-05,8.37,5.72,8.37,5.2,7.045,2.6499999999999995,7.04,3.19,0.75,2.75,0.73,1013.88,13.1,4.0,0.51,partly-cloudy-day,rain
2012-05-06,14.48,5.2,14.48,10.43,9.84,9.280000000000001,14.48,4.48,0.82,2.54,0.52,1014.29,11.64,4.0,0.55,partly-cloudy-day,rain
2012-05-07,17.24,10.43,17.24,10.78,13.834999999999999,6.809999999999999,17.24,10.43,0.82,3.13,0.51,1007.34,12.09,5.0,0.59,partly-cloudy-day,rain
2012-05-08,15.18,10.78,15.18,14.27,12.98,4.4,15.18,10.78,0.92,3.06,0.77,1008.41,8.14,4.0,0.62,wind,rain
2012-05-09,17.12,14.44,17.12,11.47,15.780000000000001,2.6800000000000015,17.12,14.44,0.9,6.59,0.79,1009.21,10.9,4.0,0.66,wind,rain
2012-05-10,15.88,9.37,15.88,5.69,12.625,6.510000000000002,15.88,7.43,0.64,5.09,0.45,1021.32,13.31,5.0,0.7,wind,rain
2012-05-11,14.44,5.69,14.44,5.49,10.065,8.75,14.44,3.24,0.58,2.6,0.16,1036.68,13.23,6.0,0.73,partly-cloudy-day,rain
2012-05-12,16.26,5.49,16.26,6.94,10.875,10.770000000000001,16.26,4.6,0.62,3.29,0.19,1030.8,12.76,6.0,0.77,partly-cloudy-day,rain
2012-05-13,11.41,6.94,11.41,5.92,9.175,4.47,11.41,4.06,0.8,4.56,0.43,1016.78,12.89,4.0,0.8,partly-cloudy-day,rain
2012-05-14,11.27,5.92,11.27,3.89,8.594999999999999,5.35,11.27,2.59,0.81,3.89,0.41,1015.41,12.79,5.0,0.83,partly-cloudy-day,rain
2012-05-15,13.46,3.89,13.46,7.11,8.675,9.57,13.46,1.41,0.64,2.65,0.31,1025.11,12.96,6.0,0.86,partly-cloudy-day,rain
2012-05-16,14.06,7.11,14.06,9.11,10.585,6.95,14.06,6.22,0.66,2.52,0.42,1017.46,12.76,5.0,0.89,partly-cloudy-day,rain
2012-05-17,15.77,9.11,15.77,11.84,12.44,6.66,15.77,7.09,0.77,2.19,0.46,1004.51,11.52,5.0,0.92,partly-cloudy-day,rain
2012-05-18,16.42,10.59,16.42,9.06,13.505,5.830000000000002,16.42,10.59,0.78,0.61,0.65,1009.32,10.12,5.0,0.95,partly-cloudy-day,rain
2012-05-19,12.18,9.06,12.18,9.32,10.620000000000001,3.119999999999999,12.18,6.81,0.82,4.33,0.87,1010.67,12.73,4.0,0.98,partly-cloudy-day,rain
2012-05-20,16.22,9.32,16.22,11.44,12.77,6.899999999999999,16.22,7.07,0.82,4.53,0.75,1009.14,10.69,5.0,0.01,partly-cloudy-day,rain
2012-05-21,24.43,11.44,24.43,13.47,17.935,12.99,24.46,11.44,0.75,3.98,0.47,1014.23,8.93,7.0,0.04,partly-cloudy-day,rain
2012-05-22,25.37,13.47,25.37,15.36,19.42,11.9,25.43,13.47,0.75,2.18,0.17,1022.31,9.46,6.0,0.08,partly-cloudy-day,rain
2012-05-23,25.45,15.36,25.45,15.81,20.405,10.09,25.66,15.36,0.78,1.93,0.31,1025.75,7.47,7.0,0.11,partly-cloudy-day,rain
2012-05-24,24.14,15.81,24.14,15.06,19.975,8.33,24.14,15.81,0.64,4.88,0.09,1023.35,9.83,7.0,0.14,wind,rain
2012-05-25,24.64,15.06,24.64,13.55,19.85,9.58,24.64,15.06,0.58,5.15,0.0,1020.27,12.01,7.0,0.17,wind,rain
2012-05-26,25.98,13.55,25.98,13.89,19.765,12.43,25.98,13.55,0.56,3.3,0.13,1018.48,13.02,6.0,0.21,partly-cloudy-day,rain
2012-05-27,25.58,13.89,25.58,14.25,19.735,11.689999999999998,25.58,13.89,0.62,0.71,0.21,1017.75,12.12,6.0,0.24,partly-cloudy-day,rain
2012-05-28,22.37,14.25,22.37,12.5,18.310000000000002,8.120000000000001,22.37,14.25,0.73,1.06,0.33,1017.29,11.57,6.0,0.28,partly-cloudy-day,rain
2012-05-29,24.11,12.5,24.11,13.7,18.305,11.61,24.11,12.5,0.72,2.37,0.4,1017.83,9.08,6.0,0.31,fog,rain
2012-05-30,19.54,13.7,19.54,13.98,16.619999999999997,5.84,19.54,13.7,0.76,4.31,0.48,1018.59,12.49,6.0,0.35,partly-cloudy-day,rain
2012-05-31,20.08,13.98,20.08,12.17,17.03,6.099999999999998,20.08,13.98,0.78,0.84,0.63,1019.08,11.14,6.0,0.39,partly-cloudy-day,rain
2012-06-01,17.54,11.83,17.54,11.03,14.684999999999999,5.709999999999999,17.54,11.83,0.81,4.71,0.71,1014.89,9.29,5.0,0.43,partly-cloudy-day,rain
2012-06-02,12.19,10.97,12.19,7.64,11.58,1.2199999999999989,12.19,10.97,0.95,4.54,0.82,1007.36,6.18,5.0,0.46,fog,rain
2012-06-03,13.89,7.64,13.89,7.54,10.765,6.250000000000001,13.89,4.48,0.79,3.37,0.56,1013.69,10.86,6.0,0.5,partly-cloudy-day,rain
2012-06-04,15.0,7.54,15.0,11.54,11.27,7.46,15.0,7.54,0.82,3.42,0.51,1014.65,11.3,6.0,0.54,partly-cloudy-day,rain
2012-06-05,18.13,12.52,18.13,12.6,15.325,5.609999999999999,18.13,12.52,0.82,4.58,0.52,1002.58,11.86,6.0,0.58,partly-cloudy-day,rain
2012-06-06,17.29,12.6,17.29,12.28,14.945,4.6899999999999995,17.29,12.6,0.86,4.24,0.6,998.19,11.15,6.0,0.61,wind,rain
2012-06-07,15.17,12.28,15.17,11.02,13.725,2.8900000000000006,15.17,12.28,0.78,8.64,0.68,998.33,12.05,5.0,0.65,wind,rain
2012-06-08,17.92,11.02,17.92,8.91,14.47,6.900000000000002,17.92,11.02,0.61,6.62,0.38,1009.44,13.12,6.0,0.68,wind,rain
2012-06-09,17.22,8.91,17.22,12.09,13.065,8.309999999999999,17.22,8.91,0.78,1.56,0.4,1008.58,11.46,6.0,0.72,partly-cloudy-day,rain
2012-06-10,13.28,10.97,13.28,10.78,12.125,2.3099999999999987,13.28,10.97,0.95,4.37,0.85,1002.0,6.37,5.0,0.75,partly-cloudy-day,rain
2012-06-11,12.87,10.46,12.87,7.54,11.665,2.4099999999999984,12.87,10.46,0.83,3.69,0.8,1008.62,11.81,5.0,0.78,partly-cloudy-day,rain
2012-06-12,17.51,7.54,17.51,8.7,12.525,9.970000000000002,17.51,7.54,0.67,1.01,0.32,1016.35,12.6,6.0,0.81,partly-cloudy-day,rain
2012-06-13,18.08,8.7,18.08,12.91,13.389999999999999,9.379999999999999,18.08,7.79,0.71,4.6,0.35,1016.24,12.6,6.0,0.84,partly-cloudy-day,rain
2012-06-14,17.59,12.91,17.59,12.57,15.25,4.68,17.59,12.91,0.78,4.96,0.47,1008.12,12.31,6.0,0.87,wind,rain
2012-06-15,17.47,12.57,17.47,12.46,15.02,4.899999999999999,17.47,12.57,0.72,7.3,0.57,1008.62,13.13,6.0,0.9,wind,rain
2012-06-16,19.44,12.46,19.44,11.17,15.950000000000001,6.98,19.44,12.46,0.67,4.86,0.48,1016.26,13.33,6.0,0.93,partly-cloudy-day,rain
2012-06-17,18.87,11.17,18.87,10.1,15.02,7.700000000000001,18.87,11.17,0.73,2.39,0.43,1016.94,12.49,6.0,0.96,partly-cloudy-day,rain
2012-06-18,20.35,10.1,20.35,11.47,15.225000000000001,10.250000000000002,20.35,10.1,0.68,1.97,0.31,1019.22,12.84,7.0,0.99,partly-cloudy-day,rain
2012-06-19,21.16,11.47,21.16,13.92,16.315,9.69,21.16,11.47,0.64,2.63,0.32,1016.69,12.33,6.0,0.03,partly-cloudy-day,rain
2012-06-20,19.08,11.52,19.08,11.44,15.299999999999999,7.559999999999999,19.08,11.52,0.84,2.75,0.59,1006.07,9.83,5.0,0.06,wind,rain
2012-06-21,17.53,11.44,17.53,11.01,14.485,6.090000000000002,17.53,11.44,0.78,7.04,0.54,1010.38,12.92,5.0,0.09,wind,rain
2012-06-22,18.12,11.01,18.12,11.65,14.565000000000001,7.110000000000001,18.12,11.01,0.71,5.55,0.33,1019.39,13.23,6.0,0.12,partly-cloudy-day,rain
2012-06-23,19.88,11.65,19.88,12.11,15.765,8.229999999999999,19.88,11.65,0.77,4.44,0.54,1012.31,12.12,6.0,0.16,wind,rain
2012-06-24,21.15,12.11,21.15,14.04,16.63,9.04,21.15,12.11,0.7,2.35,0.36,1017.44,13.18,6.0,0.19,partly-cloudy-day,rain
2012-06-25,22.92,14.04,22.92,17.56,18.48,8.880000000000003,22.92,14.04,0.69,2.82,0.56,1019.93,12.83,6.0,0.23,partly-cloudy-day,rain
2012-06-26,22.66,17.56,22.66,17.11,20.11,5.100000000000001,22.78,17.74,0.82,2.94,0.57,1017.53,12.44,6.0,0.27,partly-cloudy-day,rain
2012-06-27,27.16,16.23,27.16,13.96,21.695,10.93,28.64,16.23,0.75,3.03,0.31,1005.5,12.79,6.0,0.3,partly-cloudy-day,rain
2012-06-28,20.96,13.96,20.96,15.29,17.46,7.0,20.96,13.96,0.75,6.24,0.44,1004.93,13.04,6.0,0.34,wind,rain
2012-06-29,20.13,13.61,20.13,11.01,16.869999999999997,6.52,20.13,13.61,0.71,5.76,0.48,1008.1,12.92,6.0,0.38,wind,rain
2012-06-30,17.88,11.01,17.88,12.47,14.445,6.869999999999999,17.88,11.01,0.7,5.06,0.31,1014.12,13.2,6.0,0.42,partly-cloudy-day,rain
2012-07-01,17.58,12.47,17.58,15.43,15.024999999999999,5.109999999999998,17.58,12.47,0.83,4.51,0.56,1015.49,11.97,6.0,0.45,partly-cloudy-day,rain
2012-07-02,18.81,15.43,18.81,15.95,17.119999999999997,3.379999999999999,18.81,15.52,0.9,3.64,0.78,1013.77,11.54,5.0,0.49,partly-cloudy-day,rain
2012-07-03,21.44,15.95,21.44,15.2,18.695,5.490000000000002,21.44,16.12,0.85,3.35,0.66,1009.62,11.02,6.0,0.53,partly-cloudy-day,rain
2012-07-04,22.33,15.2,22.33,14.78,18.765,7.129999999999999,22.33,15.2,0.71,1.35,0.48,1009.33,12.73,6.0,0.56,partly-cloudy-day,rain
2012-07-05,18.7,14.78,18.7,13.42,16.74,3.92,18.7,14.78,0.82,2.46,0.39,1007.45,11.89,5.0,0.6,partly-cloudy-day,rain
2012-07-06,18.65,13.42,18.65,14.28,16.035,5.229999999999999,18.65,13.42,0.81,3.33,0.54,1007.26,11.28,6.0,0.63,partly-cloudy-day,rain
2012-07-07,18.77,14.28,18.77,14.38,16.525,4.49,18.77,14.28,0.89,1.08,0.55,1005.49,10.94,6.0,0.67,partly-cloudy-day,rain
2012-07-08,18.0,14.38,18.0,13.96,16.19,3.619999999999999,18.0,14.38,0.85,3.31,0.61,1010.95,11.28,5.0,0.7,partly-cloudy-day,rain
2012-07-09,17.46,13.28,17.46,12.07,15.370000000000001,4.1800000000000015,17.46,13.28,0.84,3.33,0.55,1010.77,12.18,6.0,0.73,partly-cloudy-day,rain
2012-07-10,18.75,12.07,18.75,10.04,15.41,6.68,18.75,12.07,0.79,4.03,0.48,1010.87,13.0,6.0,0.76,partly-cloudy-day,rain
2012-07-11,18.67,10.04,18.67,13.15,14.355,8.630000000000003,18.67,10.04,0.8,3.27,0.5,1012.07,12.34,6.0,0.79,partly-cloudy-day,rain
2012-07-12,19.26,14.21,19.26,13.66,16.735,5.050000000000001,19.26,14.21,0.83,4.59,0.58,1002.07,12.26,6.0,0.82,partly-cloudy-day,rain
2012-07-13,16.44,13.13,16.44,12.44,14.785,3.3100000000000005,16.44,13.13,0.88,1.68,0.63,1004.61,11.91,5.0,0.85,partly-cloudy-day,rain
2012-07-14,18.26,12.44,18.26,13.05,15.350000000000001,5.820000000000002,18.26,12.44,0.69,3.45,0.39,1015.16,11.97,6.0,0.88,partly-cloudy-day,rain
2012-07-15,17.06,13.05,16.94,13.92,15.055,4.009999999999998,17.15,13.05,0.85,5.27,0.68,1019.8,12.21,5.0,0.91,partly-cloudy-day,rain
2012-07-16,22.44,13.92,22.44,14.91,18.18,8.520000000000001,22.48,13.92,0.77,4.9,0.55,1022.06,12.81,5.0,0.94,partly-cloudy-day,rain
2012-07-17,18.52,14.91,18.52,13.77,16.715,3.6099999999999994,18.52,14.91,0.85,5.3,0.72,1013.52,12.47,5.0,0.97,partly-cloudy-day,rain
2012-07-18,20.18,13.77,20.18,13.12,16.975,6.41,20.18,13.77,0.73,4.41,0.48,1010.4,12.96,6.0,0.01,partly-cloudy-day,rain
2012-07-19,17.77,13.12,17.77,11.83,15.445,4.65,17.77,13.12,0.79,1.52,0.54,1016.21,12.18,5.0,0.04,partly-cloudy-day,rain
2012-07-20,19.89,11.83,19.89,12.24,15.86,8.06,19.89,11.83,0.7,0.9,0.36,1023.63,12.5,6.0,0.07,partly-cloudy-day,rain
2012-07-21,22.86,12.24,22.86,12.47,17.55,10.62,22.86,12.24,0.66,3.0,0.22,1026.73,12.6,6.0,0.11,partly-cloudy-day,rain
2012-07-22,27.18,12.47,27.18,14.21,19.825,14.709999999999999,27.18,12.47,0.58,3.21,0.19,1023.04,12.71,6.0,0.14,partly-cloudy-day,rain
2012-07-23,28.32,14.21,28.32,15.74,21.265,14.11,28.32,14.21,0.58,0.87,0.02,1018.25,12.31,7.0,0.18,clear-day,rain
2012-07-24,29.37,15.74,29.37,15.93,22.555,13.63,29.37,15.74,0.57,0.81,0.2,1016.59,12.31,6.0,0.22,partly-cloudy-day,rain
2012-07-25,26.44,15.93,26.44,15.93,21.185000000000002,10.510000000000002,26.44,15.93,0.61,2.8,0.12,1018.08,11.7,6.0,0.26,partly-cloudy-day,rain
2012-07-26,23.79,15.93,23.79,15.02,19.86,7.859999999999999,23.79,16.01,0.75,1.48,0.36,1012.66,9.75,5.0,0.29,partly-cloudy-night,rain
2012-07-27,21.09,14.93,21.09,10.97,18.009999999999998,6.16,21.09,14.93,0.55,2.52,0.44,1010.56,13.26,6.0,0.33,partly-cloudy-day,rain
2012-07-28,17.92,10.97,17.92,9.86,14.445,6.950000000000001,17.92,10.97,0.75,3.53,0.3,1011.76,12.97,5.0,0.37,partly-cloudy-day,rain
2012-07-29,19.69,9.86,19.69,11.52,14.775,9.830000000000002,19.69,8.53,0.65,4.22,0.31,1015.19,12.92,5.0,0.41,partly-cloudy-day,rain
2012-07-30,20.19,11.52,20.19,13.69,15.855,8.670000000000002,20.19,11.52,0.84,3.03,0.53,1014.62,11.57,5.0,0.44,partly-cloudy-day,rain
2012-07-31,22.57,13.69,22.57,15.61,18.13,8.88,22.57,13.69,0.79,3.24,0.41,1009.58,11.3,5.0,0.48,partly-cloudy-day,rain
2012-08-01,21.29,15.61,21.29,13.09,18.45,5.68,21.29,15.61,0.74,4.71,0.45,1010.31,12.63,4.0,0.52,partly-cloudy-day,rain
2012-08-02,21.77,13.09,21.77,14.36,17.43,8.68,21.77,13.09,0.73,4.37,0.33,1012.49,12.63,5.0,0.55,partly-cloudy-day,rain
2012-08-03,21.04,14.36,21.04,12.98,17.7,6.68,21.04,14.36,0.77,3.97,0.41,1010.03,12.89,5.0,0.58,partly-cloudy-day,rain
2012-08-04,20.69,12.98,20.69,14.77,16.835,7.710000000000001,20.69,12.98,0.79,2.23,0.34,1007.24,11.99,5.0,0.62,partly-cloudy-day,rain
2012-08-05,20.95,14.77,20.95,11.49,17.86,6.18,20.95,14.77,0.77,3.26,0.41,1009.08,12.78,5.0,0.65,partly-cloudy-day,rain
2012-08-06,19.32,11.49,19.32,14.84,15.405000000000001,7.83,19.32,11.49,0.78,3.83,0.46,1019.52,12.89,5.0,0.68,partly-cloudy-day,rain
2012-08-07,22.8,15.03,22.8,13.33,18.915,7.770000000000001,22.8,15.03,0.77,1.73,0.54,1022.61,11.43,4.0,0.71,partly-cloudy-day,rain
2012-08-08,25.92,13.33,25.92,14.5,19.625,12.590000000000002,25.92,13.33,0.69,0.52,0.27,1025.62,11.47,5.0,0.74,partly-cloudy-day,rain
2012-08-09,24.99,14.5,24.99,15.21,19.744999999999997,10.489999999999998,24.99,14.5,0.7,0.55,0.23,1026.05,11.7,5.0,0.77,partly-cloudy-day,rain
2012-08-10,22.91,15.21,22.91,16.03,19.060000000000002,7.699999999999999,22.91,15.21,0.67,4.3,0.24,1020.96,11.97,5.0,0.8,partly-cloudy-day,rain
2012-08-11,25.13,16.03,25.13,15.26,20.58,9.099999999999998,25.13,16.03,0.7,2.43,0.24,1012.34,11.18,5.0,0.83,partly-cloudy-day,rain
2012-08-12,22.68,15.26,22.68,17.62,18.97,7.42,22.68,15.26,0.79,2.92,0.42,1011.16,12.04,4.0,0.86,partly-cloudy-day,rain
2012-08-13,23.97,17.62,23.97,17.87,20.795,6.349999999999998,23.97,17.81,0.75,2.31,0.44,1011.08,11.8,5.0,0.89,partly-cloudy-day,rain
2012-08-14,22.57,17.38,22.57,16.02,19.975,5.190000000000001,22.79,17.38,0.77,2.67,0.26,1006.5,11.96,5.0,0.92,partly-cloudy-day,rain
2012-08-15,21.67,16.02,21.67,17.92,18.845,5.650000000000002,21.67,16.02,0.71,4.22,0.42,1014.08,12.84,4.0,0.95,partly-cloudy-day,rain
2012-08-16,27.23,17.92,27.23,20.54,22.575000000000003,9.309999999999999,27.23,17.92,0.63,3.71,0.45,1013.84,13.08,4.0,0.98,partly-cloudy-day,rain
2012-08-17,29.86,20.54,29.86,17.97,25.2,9.32,30.6,20.54,0.59,2.17,0.23,1013.75,12.87,5.0,0.03,partly-cloudy-day,rain
2012-08-18,28.88,17.97,28.88,16.96,23.424999999999997,10.91,29.5,18.33,0.72,0.76,0.21,1015.16,12.28,4.0,0.06,partly-cloudy-day,rain
2012-08-19,24.54,16.96,24.54,16.27,20.75,7.579999999999998,24.54,17.05,0.75,2.78,0.34,1019.31,12.5,4.0,0.1,partly-cloudy-day,rain
2012-08-20,22.09,16.27,22.09,13.16,19.18,5.82,22.09,16.36,0.75,2.54,0.34,1017.69,12.52,4.0,0.13,partly-cloudy-day,rain
2012-08-21,21.48,13.16,21.48,12.96,17.32,8.32,21.48,13.16,0.72,4.6,0.34,1017.28,12.87,4.0,0.17,partly-cloudy-day,rain
2012-08-22,22.04,12.96,22.04,14.07,17.5,9.079999999999998,22.04,12.96,0.7,2.6,0.37,1014.56,12.83,4.0,0.21,partly-cloudy-day,rain
2012-08-23,20.27,14.07,20.27,15.58,17.17,6.199999999999999,20.27,14.07,0.76,2.88,0.44,1005.28,12.34,4.0,0.25,partly-cloudy-day,rain
2012-08-24,20.93,15.04,20.93,14.26,17.985,5.890000000000001,20.93,15.04,0.88,3.94,0.52,1001.05,12.3,4.0,0.28,partly-cloudy-day,rain
2012-08-25,21.01,14.26,21.01,12.62,17.635,6.750000000000002,21.01,14.26,0.69,4.39,0.51,1014.38,13.2,4.0,0.32,partly-cloudy-day,rain
2012-08-26,20.99,12.62,20.99,14.97,16.805,8.37,20.99,12.62,0.75,3.82,0.32,1014.33,12.46,4.0,0.36,partly-cloudy-day,rain
2012-08-27,22.5,14.97,22.5,14.74,18.735,7.529999999999999,22.5,14.97,0.75,4.17,0.39,1012.79,12.63,4.0,0.39,partly-cloudy-day,rain
2012-08-28,19.69,13.66,19.69,14.09,16.675,6.030000000000001,19.69,13.66,0.85,4.15,0.36,1012.74,11.84,3.0,0.43,partly-cloudy-day,rain
2012-08-29,16.92,11.25,16.92,7.78,14.085,5.670000000000002,16.92,11.25,0.8,2.65,0.4,1016.19,12.33,3.0,0.46,partly-cloudy-day,rain
2012-08-30,17.72,7.78,17.72,13.11,12.75,9.939999999999998,17.72,5.92,0.6,3.21,0.33,1028.62,13.02,4.0,0.49,partly-cloudy-day,rain
2012-08-31,20.53,13.11,20.53,12.57,16.82,7.420000000000002,20.53,13.11,0.72,2.53,0.55,1026.14,13.15,3.0,0.54,partly-cloudy-day,rain
2012-09-01,18.35,12.57,18.35,15.69,15.46,5.780000000000001,18.37,12.57,0.87,3.11,0.56,1024.58,12.07,3.0,0.57,partly-cloudy-day,rain
2012-09-02,24.34,15.69,24.34,13.71,20.015,8.65,24.34,15.69,0.72,1.15,0.5,1025.68,10.48,3.0,0.6,partly-cloudy-day,rain
2012-09-03,24.79,13.71,24.79,12.07,19.25,11.079999999999998,24.79,13.71,0.77,1.9,0.42,1023.55,11.41,3.0,0.63,partly-cloudy-day,rain
2012-09-04,19.97,12.07,19.97,8.67,16.02,7.899999999999999,19.97,12.07,0.6,3.26,0.27,1026.74,12.5,3.0,0.66,partly-cloudy-day,rain
2012-09-05,20.76,8.67,20.76,11.46,14.715,12.090000000000002,20.76,8.67,0.67,1.88,0.46,1028.3,12.41,3.0,0.69,partly-cloudy-day,rain
2012-09-06,25.76,11.46,25.76,10.41,18.61,14.3,25.76,11.46,0.63,2.97,0.18,1024.47,11.75,3.0,0.72,partly-cloudy-day,rain
2012-09-07,27.12,10.41,27.12,11.32,18.765,16.71,27.12,10.41,0.62,1.39,0.14,1020.6,12.36,4.0,0.75,partly-cloudy-day,rain
2012-09-08,27.78,11.32,27.78,16.93,19.55,16.46,27.78,11.32,0.67,2.97,0.22,1011.85,12.2,3.0,0.78,partly-cloudy-day,rain
2012-09-09,20.21,16.93,20.21,14.77,18.57,3.280000000000001,20.21,16.93,0.78,5.69,0.59,1010.15,12.65,3.0,0.81,partly-cloudy-day,rain
2012-09-10,17.82,11.73,17.82,8.24,14.775,6.09,17.82,11.73,0.62,4.84,0.37,1012.33,13.18,3.0,0.84,partly-cloudy-day,rain
2012-09-11,17.92,8.24,17.92,8.62,13.080000000000002,9.680000000000001,17.92,6.77,0.72,3.93,0.34,1014.64,13.16,3.0,0.87,partly-cloudy-day,rain
2012-09-12,17.64,8.62,17.64,13.61,13.129999999999999,9.020000000000001,17.64,7.17,0.68,2.92,0.37,1018.75,12.96,3.0,0.9,partly-cloudy-day,rain
2012-09-13,20.69,13.61,20.69,9.69,17.15,7.080000000000002,20.69,13.61,0.68,5.42,0.56,1013.51,13.31,3.0,0.94,wind,rain
2012-09-14,21.12,9.69,21.12,12.98,15.405000000000001,11.430000000000001,21.12,8.97,0.7,2.87,0.22,1017.25,12.92,3.0,0.97,partly-cloudy-day,rain
2012-09-15,18.31,12.98,18.31,13.29,15.645,5.329999999999998,18.31,12.98,0.76,3.88,0.66,1013.26,12.55,2.0,0.02,partly-cloudy-day,rain
2012-09-16,18.72,13.29,18.72,11.43,16.005,5.43,18.72,13.29,0.71,4.04,0.55,1012.36,13.07,3.0,0.05,partly-cloudy-day,rain
2012-09-17,17.19,10.97,17.19,7.35,14.080000000000002,6.220000000000001,17.19,10.97,0.64,4.39,0.28,1013.39,13.02,3.0,0.08,partly-cloudy-day,rain
2012-09-18,16.3,7.35,16.3,9.07,11.825,8.950000000000001,16.3,5.17,0.63,3.65,0.27,1021.81,12.99,3.0,0.12,partly-cloudy-day,rain
2012-09-19,17.38,9.07,17.38,10.34,13.225,8.309999999999999,17.38,8.07,0.7,3.17,0.45,1020.9,13.0,2.0,0.16,partly-cloudy-day,rain
2012-09-20,16.32,10.34,16.32,6.59,13.33,5.98,16.32,10.34,0.76,1.47,0.43,1015.46,12.54,2.0,0.2,partly-cloudy-day,rain
2012-09-21,15.62,6.59,15.62,8.85,11.105,9.03,15.62,5.43,0.69,1.98,0.28,1019.37,12.97,2.0,0.23,partly-cloudy-day,rain
2012-09-22,12.31,8.85,12.31,10.96,10.58,3.460000000000001,12.31,7.69,0.86,4.46,0.48,1009.6,10.62,2.0,0.27,fog,rain
2012-09-23,15.2,11.51,15.2,9.74,13.355,3.6899999999999995,15.2,11.51,0.88,2.53,0.66,989.47,8.1,2.0,0.31,wind,rain
2012-09-24,15.47,9.74,15.47,10.07,12.605,5.73,15.47,7.49,0.78,4.92,0.28,988.79,13.13,2.0,0.34,partly-cloudy-day,rain
2012-09-25,15.14,10.07,15.14,10.57,12.605,5.07,15.14,10.07,0.88,2.57,0.39,992.07,12.44,2.0,0.38,partly-cloudy-day,rain
2012-09-26,16.61,10.57,16.61,9.03,13.59,6.039999999999999,16.61,10.57,0.82,2.17,0.48,1006.39,11.41,2.0,0.41,partly-cloudy-day,rain
2012-09-27,17.07,9.03,17.07,8.74,13.05,8.040000000000001,17.07,7.44,0.85,4.08,0.39,1012.91,12.84,2.0,0.45,partly-cloudy-day,rain
2012-09-28,15.83,8.71,15.83,6.42,12.27,7.119999999999999,15.83,6.9,0.75,3.36,0.17,1017.85,13.21,2.0,0.48,partly-cloudy-day,rain
2012-09-29,16.46,6.42,16.46,13.66,11.440000000000001,10.040000000000001,16.46,4.87,0.81,4.6,0.48,1019.0,13.15,2.0,0.52,partly-cloudy-day,rain
2012-09-30,16.24,12.37,16.24,10.87,14.305,3.869999999999999,16.24,12.37,0.89,4.57,0.61,1012.11,11.43,2.0,0.55,partly-cloudy-day,rain
2012-10-01,16.44,10.87,16.44,11.06,13.655000000000001,5.570000000000002,16.44,10.87,0.85,5.09,0.39,1010.12,12.55,2.0,0.58,partly-cloudy-day,rain
2012-10-02,14.34,9.35,14.34,7.19,11.844999999999999,4.99,14.34,7.78,0.8,4.65,0.36,1005.61,12.99,2.0,0.61,partly-cloudy-day,rain
2012-10-03,14.99,7.19,14.99,10.98,11.09,7.8,14.99,5.02,0.79,3.65,0.28,1008.02,12.79,2.0,0.63,partly-cloudy-day,rain
2012-10-04,15.6,9.16,15.49,7.61,12.379999999999999,6.4399999999999995,15.65,8.34,0.86,3.0,0.61,1006.96,10.11,2.0,0.66,wind,rain
2012-10-05,14.89,7.61,14.89,5.27,11.25,7.28,14.89,5.86,0.83,1.75,0.4,1012.51,11.06,2.0,0.69,partly-cloudy-day,rain
2012-10-06,13.64,5.27,13.64,9.49,9.455,8.370000000000001,13.64,5.17,0.87,0.4,0.25,1021.29,9.98,2.0,0.73,partly-cloudy-day,rain
2012-10-07,12.22,9.51,12.22,9.07,10.865,2.710000000000001,12.22,8.84,0.92,2.49,0.61,1015.27,7.84,1.0,0.76,partly-cloudy-day,rain
2012-10-08,14.23,9.07,14.23,7.04,11.65,5.16,14.23,7.73,0.82,2.66,0.58,1015.96,10.12,2.0,0.79,partly-cloudy-day,rain
2012-10-09,14.13,7.04,14.13,9.15,10.585,7.090000000000001,14.13,6.21,0.74,2.16,0.56,1015.24,13.21,2.0,0.82,partly-cloudy-day,rain
2012-10-10,14.88,9.15,14.88,10.37,12.015,5.73,14.99,7.37,0.89,3.2,0.71,1004.43,8.69,1.0,0.85,partly-cloudy-day,rain
2012-10-11,14.72,8.51,13.99,6.47,11.615,6.210000000000001,14.73,7.12,0.75,5.42,0.48,1005.33,13.07,2.0,0.89,partly-cloudy-day,rain
2012-10-12,11.53,6.41,11.53,2.81,8.969999999999999,5.119999999999999,11.53,4.01,0.84,2.18,0.29,1004.92,12.94,2.0,0.92,partly-cloudy-day,rain
2012-10-13,12.32,2.81,12.32,4.09,7.565,9.51,12.32,1.64,0.8,2.36,0.2,1002.5,11.86,2.0,0.96,partly-cloudy-day,rain
2012-10-14,13.03,4.09,13.03,9.81,8.559999999999999,8.94,13.03,2.83,0.84,2.97,0.31,1002.67,12.17,1.0,0.99,partly-cloudy-day,rain
2012-10-15,14.74,9.06,14.74,8.8,11.9,5.68,14.74,7.15,0.74,5.37,0.39,1000.8,12.59,1.0,0.03,wind,rain
2012-10-16,16.6,8.8,16.6,12.15,12.700000000000001,7.800000000000001,16.6,7.41,0.82,4.66,0.42,998.22,12.2,1.0,0.07,partly-cloudy-day,rain
2012-10-17,16.04,12.15,16.04,11.98,14.094999999999999,3.889999999999999,16.04,12.15,0.85,4.18,0.44,1001.82,13.23,1.0,0.11,partly-cloudy-day,rain
2012-10-18,13.21,11.98,13.01,9.57,12.595,1.2300000000000004,13.21,11.98,0.95,0.51,0.66,1007.63,8.42,1.0,0.15,partly-cloudy-day,rain
2012-10-19,14.01,9.57,14.01,10.19,11.79,4.4399999999999995,14.01,8.9,0.91,0.86,0.61,1015.85,8.01,1.0,0.18,fog,rain
2012-10-20,12.41,10.19,12.41,11.6,11.3,2.2200000000000006,12.41,10.19,0.94,3.37,0.69,1018.09,9.22,1.0,0.22,fog,rain
2012-10-21,14.73,12.02,14.73,12.51,13.375,2.710000000000001,14.79,12.02,0.98,2.57,0.9,1019.88,1.48,1.0,0.26,fog,rain
2012-10-22,14.05,12.46,13.51,13.08,13.255,1.5899999999999999,14.05,12.46,0.96,2.3,0.88,1023.66,1.82,1.0,0.29,fog,rain
2012-10-23,16.18,13.08,16.18,12.94,14.629999999999999,3.0999999999999996,16.18,13.08,0.92,3.45,0.74,1019.7,2.45,1.0,0.33,fog,rain
2012-10-24,13.61,10.09,13.28,8.5,11.85,3.5199999999999996,13.61,10.09,0.91,5.16,0.81,1016.51,7.9,1.0,0.36,partly-cloudy-day,rain
2012-10-25,10.11,4.19,8.96,2.49,7.15,5.919999999999999,10.11,-0.37,0.79,5.19,0.7,1012.84,12.33,1.0,0.4,partly-cloudy-day,rain
2012-10-26,7.68,2.49,7.68,1.43,5.085,5.1899999999999995,3.78,-2.56,0.79,5.79,0.39,1015.91,13.07,1.0,0.43,partly-cloudy-day,rain
2012-10-27,9.17,1.43,9.17,7.66,5.3,7.74,6.89,-0.94,0.88,3.13,0.42,1015.62,12.68,1.0,0.46,partly-cloudy-day,rain
2012-10-28,10.785,4.545,10.785,6.615,7.665000000000001,6.24,9.645,2.265,0.885,3.04,0.435,1012.165,12.585,1.0,0.475,partly-cloudy-day,rain
2012-10-29,12.4,7.66,12.4,5.57,10.030000000000001,4.74,12.4,5.47,0.89,2.95,0.45,1008.71,12.49,1.0,0.49,partly-cloudy-day,rain
2012-10-30,10.92,5.57,10.92,6.45,8.245000000000001,5.35,10.92,3.44,0.84,2.37,0.45,1004.48,11.25,1.0,0.52,partly-cloudy-day,rain
2012-10-31,12.36,6.45,12.36,6.85,9.405,5.909999999999999,12.36,4.43,0.79,5.32,0.49,989.93,12.99,1.0,0.55,partly-cloudy-day,rain
2012-11-01,11.46,4.2,9.42,4.2,7.83,7.260000000000001,11.46,0.85,0.85,4.07,0.44,979.63,12.54,1.0,0.58,partly-cloudy-day,rain
2012-11-02,9.78,4.61,9.78,3.22,7.195,5.169999999999999,6.88,1.81,0.77,4.31,0.23,991.25,12.96,1.0,0.61,partly-cloudy-day,rain
2012-11-03,9.45,3.22,9.45,2.96,6.335,6.229999999999999,6.47,1.56,0.79,3.16,0.25,996.52,12.71,1.0,0.64,partly-cloudy-day,rain
2012-11-04,8.67,2.96,8.67,2.94,5.8149999999999995,5.71,7.03,1.18,0.92,0.59,0.59,994.21,9.99,1.0,0.67,partly-cloudy-day,rain
2012-11-05,9.19,2.94,9.19,0.92,6.0649999999999995,6.25,7.08,2.62,0.83,2.09,0.41,1006.26,9.08,1.0,0.7,partly-cloudy-day,rain
2012-11-06,9.67,0.92,9.67,4.97,5.295,8.75,7.17,-1.72,0.87,3.58,0.33,1020.29,10.41,1.0,0.74,partly-cloudy-night,rain
2012-11-07,9.93,4.97,9.93,7.81,7.449999999999999,4.96,7.64,2.35,0.86,4.2,0.47,1024.32,12.67,1.0,0.77,partly-cloudy-night,rain
2012-11-08,12.34,7.81,12.34,8.13,10.075,4.53,12.34,5.13,0.78,3.72,0.64,1019.18,13.36,1.0,0.8,partly-cloudy-day,rain
2012-11-09,11.27,8.13,11.27,8.8,9.7,3.139999999999999,11.27,6.7,0.8,3.17,0.7,1010.05,13.37,1.0,0.84,partly-cloudy-day,rain
2012-11-10,10.31,5.2,9.78,2.1,7.755000000000001,5.11,10.31,3.38,0.91,2.38,0.49,997.84,11.78,1.0,0.87,partly-cloudy-day,rain
2012-11-11,9.87,2.1,9.87,4.52,5.984999999999999,7.77,8.39,0.46,0.88,1.98,0.22,1011.6,10.32,1.0,0.91,partly-cloudy-night,rain
2012-11-12,12.18,4.52,12.06,10.06,8.35,7.66,12.18,3.72,0.92,3.06,0.5,1020.98,10.04,1.0,0.95,partly-cloudy-day,rain
2012-11-13,14.66,10.06,14.66,10.47,12.36,4.6,14.66,10.06,0.88,3.23,0.54,1026.29,11.49,1.0,0.98,partly-cloudy-night,rain
2012-11-14,12.62,7.33,12.62,6.64,9.975,5.289999999999999,12.62,7.08,0.86,1.86,0.55,1026.48,9.21,1.0,0.02,fog,rain
2012-11-15,9.07,6.45,9.07,5.91,7.76,2.62,9.07,5.43,0.92,0.62,0.71,1022.69,4.06,1.0,0.06,fog,rain
2012-11-16,9.19,5.91,9.11,8.94,7.55,3.2799999999999994,7.75,4.89,0.92,2.0,0.9,1014.76,3.48,1.0,0.1,fog,rain
2012-11-17,12.44,8.18,12.44,2.07,10.309999999999999,4.26,12.44,7.04,0.88,1.69,0.65,1007.72,9.32,1.0,0.13,partly-cloudy-day,rain
2012-11-18,9.42,2.07,9.42,3.42,5.745,7.35,9.42,2.07,0.82,0.72,0.3,1014.66,12.57,1.0,0.17,partly-cloudy-night,rain
2012-11-19,11.23,3.49,11.23,10.79,7.36,7.74,11.23,1.42,0.82,4.13,0.5,1011.21,12.38,1.0,0.21,partly-cloudy-day,rain
2012-11-20,13.46,10.88,13.46,9.73,12.170000000000002,2.58,13.46,10.88,0.9,5.74,0.76,1008.74,10.81,1.0,0.24,partly-cloudy-day,rain
2012-11-21,11.87,6.06,10.8,6.06,8.965,5.81,11.87,3.42,0.91,2.82,0.45,1007.68,10.65,1.0,0.28,wind,rain
2012-11-22,13.09,6.56,13.09,6.02,9.825,6.53,13.09,4.09,0.81,7.58,0.54,1011.36,12.73,1.0,0.31,wind,rain
2012-11-23,10.7,5.12,10.7,3.64,7.91,5.579999999999999,10.7,3.97,0.89,2.71,0.38,1011.69,11.46,1.0,0.34,partly-cloudy-day,rain
2012-11-24,9.91,3.64,9.36,7.46,6.775,6.27,7.11,2.99,0.97,3.43,0.58,1010.19,5.7,1.0,0.38,wind,rain
2012-11-25,12.54,7.46,10.92,7.68,10.0,5.079999999999999,12.54,2.87,0.81,6.54,0.54,1001.79,12.36,1.0,0.41,wind,rain
2012-11-26,10.69,7.17,9.52,7.17,8.93,3.5199999999999996,10.69,5.0,0.91,1.29,0.64,998.27,11.31,1.0,0.44,partly-cloudy-day,rain
2012-11-27,8.47,6.42,8.47,5.84,7.445,2.0500000000000007,6.07,3.08,0.9,3.98,0.72,1003.65,9.69,1.0,0.47,partly-cloudy-day,rain
2012-11-28,6.89,3.45,6.89,2.23,5.17,3.4399999999999995,3.34,-0.33,0.83,5.17,0.65,1012.91,13.2,1.0,0.5,partly-cloudy-day,rain
2012-11-29,5.84,1.63,5.84,-0.89,3.735,4.21,3.18,-1.39,0.83,3.2,0.36,1012.58,12.92,1.0,0.53,partly-cloudy-day,rain
2012-11-30,4.37,-0.89,4.37,-1.35,1.74,5.26,2.52,-2.57,0.88,1.55,0.25,1011.91,10.01,1.0,0.56,partly-cloudy-night,rain
2012-12-01,5.73,-1.35,5.73,-1.55,2.1900000000000004,7.08,2.61,-4.31,0.88,2.68,0.31,1014.56,8.92,1.0,0.59,fog,rain
2012-12-02,4.76,-1.55,4.76,1.77,1.605,6.31,2.71,-4.97,0.84,2.1,0.31,1016.35,12.81,1.0,0.62,partly-cloudy-night,rain
2012-12-03,10.22,2.94,10.22,2.33,6.58,7.280000000000001,10.22,0.57,0.87,3.55,0.58,1007.42,10.67,1.0,0.65,partly-cloudy-day,rain
2012-12-04,7.73,1.21,7.73,-0.77,4.470000000000001,6.5200000000000005,4.36,-2.14,0.82,4.36,0.21,1003.4,12.89,1.0,0.68,partly-cloudy-day,rain
2012-12-05,3.89,-0.77,3.89,-2.82,1.56,4.66,-0.07,-2.82,0.84,3.05,0.39,1008.05,11.14,1.0,0.71,partly-cloudy-day,rain
2012-12-06,4.84,-2.82,4.13,2.99,1.01,7.66,0.37,-5.79,0.84,3.07,0.43,1013.58,12.55,1.0,0.75,partly-cloudy-night,rain
2012-12-07,6.33,2.97,6.33,3.9,4.65,3.36,2.12,-2.07,0.8,5.63,0.56,1001.72,12.84,1.0,0.78,partly-cloudy-night,rain
2012-12-08,6.46,3.17,6.46,3.17,4.8149999999999995,3.29,4.69,0.01,0.83,2.14,0.52,1023.19,12.39,1.0,0.82,partly-cloudy-day,rain
2012-12-09,8.66,3.86,8.66,3.21,6.26,4.800000000000001,5.37,0.49,0.8,5.44,0.53,1018.89,13.33,1.0,0.86,partly-cloudy-day,rain
2012-12-10,5.59,1.55,5.59,-0.23,3.57,4.04,2.23,-1.04,0.79,3.93,0.27,1022.18,13.18,1.0,0.89,partly-cloudy-day,rain
2012-12-11,2.7,-2.49,2.7,-3.83,0.10499999999999998,5.19,1.26,-2.49,0.89,1.67,0.29,1029.42,6.18,1.0,0.93,fog,snow
2012-12-12,1.8,-3.83,1.8,-1.35,-1.0150000000000001,5.63,1.8,-3.83,0.91,0.73,0.45,1020.51,6.49,1.0,0.97,partly-cloudy-day,snow
2012-12-13,1.58,-1.35,1.58,0.82,0.11499999999999999,2.93,-1.1,-3.72,0.87,2.09,0.6,1005.66,6.78,1.0,0.01,fog,snow
2012-12-14,10.34,1.93,10.34,7.54,6.135,8.41,10.34,-0.92,0.92,4.22,0.71,985.82,7.45,0.0,0.05,wind,rain
2012-12-15,11.17,6.91,11.17,5.32,9.04,4.26,11.17,4.32,0.86,4.93,0.39,991.49,13.15,1.0,0.08,partly-cloudy-day,rain
2012-12-16,9.82,5.32,9.82,5.62,7.57,4.5,7.78,3.01,0.89,3.07,0.39,999.72,12.86,1.0,0.12,partly-cloudy-day,rain
2012-12-17,9.1,5.62,9.1,5.04,7.359999999999999,3.4799999999999995,6.39,3.08,0.86,3.79,0.32,1001.69,12.71,1.0,0.15,partly-cloudy-night,rain
2012-12-18,7.96,4.66,7.96,3.07,6.3100000000000005,3.3,7.12,2.47,0.86,2.17,0.62,1014.41,11.65,0.0,0.19,partly-cloudy-day,rain
2012-12-19,7.44,3.07,7.44,6.44,5.255,4.370000000000001,4.49,0.96,0.92,4.02,0.52,1016.68,7.87,1.0,0.22,partly-cloudy-day,rain
2012-12-20,9.57,6.53,9.57,6.75,8.05,3.04,7.93,2.82,0.96,3.54,0.76,1002.52,8.96,0.0,0.26,partly-cloudy-day,rain
2012-12-21,9.69,6.3,9.69,6.04,7.994999999999999,3.3899999999999997,7.58,4.44,0.91,3.21,0.44,1009.54,12.15,1.0,0.29,partly-cloudy-day,rain
2012-12-22,13.07,6.04,13.07,12.34,9.555,7.03,13.07,4.44,0.96,3.91,0.67,1005.25,10.15,0.0,0.32,partly-cloudy-day,rain
2012-12-23,13.08,9.34,12.56,7.57,11.21,3.74,13.08,7.75,0.86,5.51,0.53,1003.59,12.73,1.0,0.35,partly-cloudy-day,rain
2012-12-24,12.3,7.57,12.3,7.25,9.935,4.73,12.3,5.49,0.91,4.28,0.61,999.12,10.85,1.0,0.38,wind,rain
2012-12-25,9.14,6.46,9.14,4.83,7.800000000000001,2.6800000000000006,6.49,3.86,0.89,4.39,0.56,995.66,13.07,1.0,0.41,partly-cloudy-day,rain
2012-12-26,10.18,4.83,10.18,6.42,7.505,5.35,10.18,1.34,0.88,5.05,0.39,1004.15,12.94,1.0,0.44,partly-cloudy-day,rain
2012-12-27,7.97,6.42,7.97,5.45,7.195,1.5499999999999998,5.36,3.64,0.84,4.09,0.51,1005.46,12.46,1.0,0.47,partly-cloudy-night,rain
2012-12-28,12.34,5.45,12.28,11.46,8.895,6.89,12.34,3.99,0.89,4.78,0.7,1016.76,11.46,0.0,0.51,wind,rain
2012-12-29,11.97,7.28,11.48,5.44,9.625,4.69,11.97,3.69,0.83,7.6,0.59,1004.18,12.5,0.0,0.53,wind,rain
2012-12-30,10.9,5.44,9.51,4.22,8.17,5.46,10.9,1.25,0.77,6.82,0.37,1009.95,13.2,1.0,0.56,wind,rain
2012-12-31,9.24,4.22,7.49,3.31,6.73,5.0200000000000005,6.97,0.88,0.81,4.55,0.38,1007.65,13.15,1.0,0.6,partly-cloudy-night,rain
2013-01-01,7.49,3.31,5.76,4.42,5.4,4.18,4.38,0.23,0.82,4.0,0.43,1016.89,13.15,1.0,0.63,partly-cloudy-day,rain
2013-01-02,10.82,3.31,9.86,9.65,7.065,7.51,10.82,0.23,0.91,3.72,0.61,1023.12,11.35,1.0,0.66,partly-cloudy-night,rain
2013-01-03,11.41,9.65,11.41,9.55,10.530000000000001,1.7599999999999998,11.41,7.07,0.91,4.36,0.66,1032.61,11.89,1.0,0.7,partly-cloudy-day,rain
2013-01-04,10.79,8.17,10.17,8.07,9.48,2.619999999999999,10.79,5.7,0.85,4.28,0.83,1037.15,12.34,1.0,0.73,partly-cloudy-day,rain
2013-01-05,10.66,7.84,10.66,6.91,9.25,2.8200000000000003,10.66,5.76,0.92,3.15,0.72,1035.16,9.58,1.0,0.77,partly-cloudy-day,rain
2013-01-06,8.61,6.91,7.97,7.1,7.76,1.6999999999999993,6.98,5.08,0.96,2.23,0.67,1032.19,5.5,1.0,0.8,fog,rain
2013-01-07,9.08,7.1,8.56,8.19,8.09,1.9800000000000004,7.31,5.24,0.92,3.27,0.84,1026.88,9.7,1.0,0.84,partly-cloudy-day,rain
2013-01-08,11.23,9.02,11.23,8.46,10.125,2.210000000000001,11.23,6.9,0.87,3.71,0.76,1024.17,11.73,1.0,0.88,partly-cloudy-day,rain
2013-01-09,9.21,1.77,8.93,1.16,5.49,7.440000000000001,9.13,1.77,0.9,0.93,0.52,1021.19,8.64,1.0,0.92,partly-cloudy-day,rain
2013-01-10,3.43,1.16,3.43,0.89,2.295,2.2700000000000005,2.36,-0.48,0.94,1.55,0.7,1015.8,5.21,1.0,0.95,partly-cloudy-day,rain
2013-01-11,5.7,0.89,5.7,1.37,3.295,4.8100000000000005,5.7,-1.42,0.93,0.4,0.52,1017.62,5.7,1.0,0.99,partly-cloudy-day,rain
2013-01-12,4.53,1.75,4.53,2.12,3.14,2.7800000000000002,0.07,-1.06,0.83,4.76,0.57,1012.97,10.03,1.0,0.03,partly-cloudy-day,rain
2013-01-13,3.48,1.04,2.88,-0.41,2.26,2.44,-0.09,-2.16,0.74,3.13,0.6,1018.81,12.46,1.0,0.07,partly-cloudy-day,rain
2013-01-14,2.94,-0.41,2.62,1.23,1.265,3.35,0.94,-3.4,0.88,2.08,0.59,1011.47,9.66,1.0,0.1,partly-cloudy-day,rain
2013-01-15,2.38,-0.83,2.29,-2.18,0.7749999999999999,3.21,0.89,-3.16,0.85,3.28,0.58,1008.99,11.41,1.0,0.14,partly-cloudy-day,rain
2013-01-16,-0.06,-2.32,-0.06,-3.86,-1.19,2.26,-0.15,-4.7,0.91,0.93,0.48,1013.33,4.12,1.0,0.17,fog,snow
2013-01-17,2.88,-3.86,2.88,-1.44,-0.49,6.74,2.88,-3.86,0.83,1.01,0.31,1017.44,9.64,1.0,0.2,partly-cloudy-day,rain
2013-01-18,1.33,-1.93,-0.81,-0.81,-0.29999999999999993,3.26,-2.04,-7.8,0.85,5.2,0.67,1004.05,6.41,1.0,0.23,fog,snow
2013-01-19,0.85,-0.65,0.85,-0.93,0.09999999999999998,1.5,-2.56,-5.37,0.86,4.16,0.84,997.28,7.53,1.0,0.26,partly-cloudy-day,snow
2013-01-20,0.08,-1.45,-0.21,-0.86,-0.6849999999999999,1.53,-0.46,-5.88,0.91,3.18,0.85,994.89,5.1,1.0,0.3,fog,snow
2013-01-21,1.17,-1.98,1.17,-3.73,-0.405,3.15,1.08,-4.23,0.9,1.22,0.68,994.61,8.14,1.0,0.33,partly-cloudy-day,snow
2013-01-22,2.82,-3.73,2.82,1.38,-0.45500000000000007,6.55,-1.43,-5.09,0.88,3.44,0.53,1001.55,6.31,1.0,0.36,fog,rain
2013-01-23,2.82,1.38,2.29,1.22,2.0999999999999996,1.44,-1.4,-2.47,0.82,4.23,0.75,1007.72,7.69,1.0,0.39,partly-cloudy-day,rain
2013-01-24,2.23,-0.11,2.23,-1.19,1.06,2.34,2.08,-2.49,0.79,2.07,0.8,1016.41,10.32,1.0,0.41,partly-cloudy-day,rain
2013-01-25,2.98,-1.19,1.85,0.96,0.895,4.17,0.81,-4.07,0.8,3.2,0.74,1014.52,10.8,1.0,0.44,partly-cloudy-day,snow
2013-01-26,7.56,2.37,7.41,6.47,4.965,5.1899999999999995,4.69,-2.16,0.86,3.61,0.51,1006.45,10.27,1.0,0.47,wind,rain
2013-01-27,10.26,4.72,10.26,3.02,7.49,5.54,10.26,1.49,0.77,6.6,0.43,997.84,12.01,1.0,0.52,wind,rain
2013-01-28,10.54,3.02,9.34,9.34,6.779999999999999,7.52,10.54,-0.68,0.84,5.95,0.47,1005.47,11.91,1.0,0.54,wind,rain
2013-01-29,13.09,9.76,13.09,8.41,11.425,3.33,13.09,7.09,0.89,7.22,0.69,1003.25,10.88,1.0,0.57,wind,rain
2013-01-30,12.56,7.51,11.28,7.12,10.035,5.050000000000001,12.56,3.86,0.77,7.85,0.44,1006.93,11.88,1.0,0.61,wind,rain
2013-01-31,9.94,7.12,9.94,5.24,8.53,2.8199999999999994,6.38,3.29,0.74,7.3,0.35,1012.39,12.89,1.0,0.64,wind,rain
2013-02-01,8.03,4.16,7.33,2.9,6.095,3.869999999999999,5.33,2.49,0.85,2.83,0.49,1002.38,12.5,1.0,0.68,partly-cloudy-day,rain
2013-02-02,5.56,1.48,5.14,0.11,3.5199999999999996,4.08,1.9,-1.71,0.71,4.97,0.43,1015.47,13.42,1.0,0.71,partly-cloudy-day,rain
2013-02-03,9.12,0.11,8.78,8.43,4.614999999999999,9.01,6.66,-2.93,0.82,4.32,0.55,1018.69,13.12,1.0,0.75,partly-cloudy-day,rain
2013-02-04,10.2,6.48,10.16,2.16,8.34,3.719999999999999,10.2,2.41,0.71,6.82,0.5,1012.2,13.0,1.0,0.79,wind,rain
2013-02-05,6.44,2.16,5.36,3.48,4.300000000000001,4.28,2.38,-2.91,0.73,7.3,0.48,1000.03,12.84,1.0,0.83,partly-cloudy-day,rain
2013-02-06,6.16,2.86,5.67,1.24,4.51,3.3000000000000003,2.56,-1.46,0.75,6.04,0.61,1006.64,13.23,1.0,0.86,partly-cloudy-day,rain
2013-02-07,5.53,1.24,5.53,0.81,3.3850000000000002,4.29,2.42,-2.68,0.71,3.57,0.39,1017.82,12.49,1.0,0.9,partly-cloudy-day,rain
2013-02-08,5.59,0.81,5.59,1.58,3.2,4.779999999999999,2.73,-2.13,0.78,3.08,0.41,1019.29,10.54,1.0,0.94,partly-cloudy-day,rain
2013-02-09,3.68,1.58,3.68,3.01,2.63,2.1,2.1,-0.57,0.86,0.68,0.7,1018.79,10.38,1.0,0.97,partly-cloudy-day,rain
2013-02-10,4.73,1.06,4.73,0.55,2.8950000000000005,3.6700000000000004,1.58,-4.17,0.93,4.86,0.84,999.65,7.07,1.0,0.02,partly-cloudy-day,rain
2013-02-11,1.88,0.55,1.88,1.22,1.2149999999999999,1.3299999999999998,-1.66,-3.92,0.93,3.36,0.87,999.17,4.36,1.0,0.05,partly-cloudy-day,rain
2013-02-12,2.24,1.14,2.24,0.6,1.69,1.1000000000000003,-0.19,-2.29,0.76,2.87,0.86,1015.13,7.32,1.0,0.08,partly-cloudy-day,rain
2013-02-13,3.09,0.6,2.35,1.39,1.845,2.4899999999999998,1.23,-3.18,0.73,3.48,0.68,1021.27,6.92,1.0,0.11,partly-cloudy-day,rain
2013-02-14,10.59,4.07,10.59,2.27,7.33,6.52,10.59,-0.11,0.81,2.96,0.55,1011.45,10.56,1.0,0.15,partly-cloudy-day,rain
2013-02-15,9.76,2.27,9.76,4.7,6.015,7.49,7.75,-0.06,0.77,2.49,0.41,1019.7,13.04,1.0,0.18,partly-cloudy-day,rain
2013-02-16,10.13,3.7,10.13,2.16,6.915000000000001,6.430000000000001,10.13,3.7,0.7,1.11,0.48,1023.52,12.97,1.0,0.21,partly-cloudy-day,rain
2013-02-17,9.49,2.16,9.49,2.02,5.825,7.33,7.33,0.27,0.84,2.79,0.33,1021.74,7.26,1.0,0.24,partly-cloudy-night,rain
2013-02-18,7.65,1.16,7.65,-1.43,4.405,6.49,5.22,-0.63,0.83,2.86,0.33,1020.42,7.23,1.0,0.27,fog,rain
2013-02-19,10.12,-1.43,10.12,1.93,4.345,11.549999999999999,10.12,-1.43,0.79,0.4,0.11,1019.55,6.95,2.0,0.3,fog,rain
2013-02-20,4.88,1.83,4.88,1.28,3.355,3.05,3.78,-3.42,0.78,4.86,0.68,1023.08,8.93,1.0,0.33,fog,rain
2013-02-21,2.28,0.86,2.28,0.2,1.5699999999999998,1.42,-2.51,-3.9,0.59,5.58,0.8,1023.97,13.24,1.0,0.36,partly-cloudy-day,rain
2013-02-22,1.36,0.2,1.36,0.19,0.78,1.1600000000000001,-3.32,-4.29,0.63,4.79,0.81,1020.5,13.04,1.0,0.39,partly-cloudy-day,snow
2013-02-23,1.74,0.19,1.74,0.85,0.965,1.55,-1.89,-4.2,0.68,3.92,0.83,1020.81,11.64,1.0,0.42,partly-cloudy-day,rain
2013-02-24,2.35,0.85,2.35,1.74,1.6,1.5,-2.08,-3.26,0.71,4.47,0.86,1023.88,13.0,1.0,0.45,partly-cloudy-day,rain
2013-02-25,4.39,1.74,4.39,2.98,3.065,2.6499999999999995,0.59,-2.46,0.83,4.8,0.84,1026.97,9.78,1.0,0.48,partly-cloudy-day,rain
2013-02-26,4.93,2.98,4.93,2.33,3.955,1.9499999999999997,1.8,-1.18,0.91,4.34,0.86,1032.15,3.48,1.0,0.52,fog,rain
2013-02-27,6.11,2.33,6.11,2.41,4.220000000000001,3.7800000000000002,2.67,-1.82,0.83,4.4,0.69,1034.17,8.92,1.0,0.55,partly-cloudy-day,rain
2013-02-28,7.26,2.41,7.26,2.58,4.835,4.85,4.09,-1.18,0.8,4.25,0.64,1029.69,12.67,1.0,0.59,partly-cloudy-day,rain
2013-03-01,6.62,2.58,6.62,2.58,4.6,4.04,3.28,-1.08,0.78,3.77,0.83,1029.18,10.27,1.0,0.62,partly-cloudy-day,rain
2013-03-02,4.69,0.63,4.69,-1.14,2.66,4.0600000000000005,3.13,-0.01,0.72,2.02,0.66,1027.67,13.05,1.0,0.66,partly-cloudy-day,rain
2013-03-03,7.83,-1.14,7.83,2.14,3.345,8.97,5.04,-1.14,0.8,2.2,0.58,1023.52,10.12,1.0,0.7,partly-cloudy-day,rain
2013-03-04,8.99,2.14,8.99,1.87,5.565,6.85,6.17,-1.41,0.78,3.66,0.27,1013.74,7.02,2.0,0.74,partly-cloudy-day,rain
2013-03-05,16.06,1.87,16.06,7.65,8.965,14.189999999999998,16.06,1.49,0.74,1.6,0.12,1004.57,8.11,2.0,0.77,fog,rain
2013-03-06,13.14,7.65,13.14,7.43,10.395,5.49,13.14,6.51,0.72,2.41,0.17,1000.69,8.37,2.0,0.81,fog,rain
2013-03-07,9.63,7.43,9.63,8.19,8.530000000000001,2.200000000000001,7.99,6.67,0.93,2.2,0.68,996.96,2.78,2.0,0.85,fog,rain
2013-03-08,9.61,8.02,9.61,5.86,8.815,1.5899999999999999,9.04,6.61,0.96,1.75,0.83,997.56,1.93,2.0,0.89,fog,rain
2013-03-09,8.01,3.88,6.84,2.38,5.945,4.13,7.53,0.97,0.9,2.52,0.84,1002.41,5.68,2.0,0.92,fog,rain
2013-03-10,3.45,1.23,3.37,-0.4,2.34,2.22,0.33,-4.03,0.82,5.05,0.81,1005.94,12.26,2.0,0.96,partly-cloudy-day,rain
2013-03-11,1.22,-1.57,0.04,-1.89,-0.17500000000000004,2.79,-4.11,-8.57,0.73,8.17,0.6,1007.26,10.83,2.0,0.99,wind,snow
2013-03-12,3.86,-1.89,3.86,1.14,0.985,5.75,-0.56,-8.88,0.63,6.81,0.54,1008.83,12.34,2.0,0.03,wind,rain
2013-03-13,6.42,1.14,6.42,-0.91,3.78,5.28,3.01,-2.39,0.73,3.65,0.37,1010.59,13.04,2.0,0.06,partly-cloudy-day,rain
2013-03-14,6.56,-0.91,6.56,2.99,2.8249999999999997,7.47,5.17,-3.72,0.67,1.81,0.27,1015.57,10.54,2.0,0.09,partly-cloudy-night,rain
2013-03-15,8.27,2.99,8.27,6.36,5.63,5.279999999999999,4.56,-0.32,0.81,5.82,0.65,1007.6,12.36,2.0,0.12,wind,rain
2013-03-16,7.51,5.79,7.33,3.17,6.65,1.7199999999999998,3.91,1.78,0.85,6.75,0.69,996.08,12.13,2.0,0.15,wind,rain
2013-03-17,7.3,2.36,7.3,-0.22,4.83,4.9399999999999995,5.13,-0.32,0.88,2.1,0.64,990.34,11.52,2.0,0.19,partly-cloudy-day,rain
2013-03-18,7.35,-0.22,7.35,3.33,3.565,7.569999999999999,7.06,-1.32,0.91,0.73,0.5,991.02,7.97,2.0,0.22,partly-cloudy-day,rain
2013-03-19,7.72,2.81,7.72,2.37,5.265,4.91,5.81,0.65,0.83,1.56,0.59,997.51,8.32,2.0,0.25,partly-cloudy-day,rain
2013-03-20,5.87,2.37,5.87,1.18,4.12,3.5,3.49,0.18,0.86,2.37,0.78,1006.74,5.73,2.0,0.27,partly-cloudy-day,rain
2013-03-21,6.27,1.18,6.27,2.59,3.7249999999999996,5.09,2.57,-1.24,0.75,4.73,0.61,1015.96,10.8,2.0,0.31,partly-cloudy-day,rain
2013-03-22,5.01,2.59,5.01,0.95,3.8,2.42,0.07,-2.8,0.79,7.92,0.69,1009.8,6.1,3.0,0.34,wind,rain
2013-03-23,3.06,0.92,1.45,0.14,1.99,2.14,-2.27,-4.48,0.92,6.42,0.85,1009.85,3.73,2.0,0.37,fog,rain
2013-03-24,1.53,-0.32,1.23,0.71,0.605,1.85,-2.86,-6.34,0.78,6.06,0.83,1012.85,9.37,2.0,0.4,partly-cloudy-day,snow
2013-03-25,1.81,0.71,1.81,0.77,1.26,1.1,-2.89,-4.96,0.65,5.95,0.68,1014.28,12.76,2.0,0.43,partly-cloudy-day,rain
2013-03-26,1.75,0.77,1.75,-0.29,1.26,0.98,-2.29,-4.31,0.65,4.99,0.69,1013.39,12.81,2.0,0.46,partly-cloudy-day,rain
2013-03-27,3.82,-0.29,3.82,-0.89,1.765,4.109999999999999,-0.19,-4.06,0.64,3.95,0.48,1011.63,12.86,3.0,0.49,partly-cloudy-day,rain
2013-03-28,4.08,-0.89,4.08,-0.52,1.595,4.97,0.31,-3.85,0.66,3.57,0.5,1012.3,11.64,2.0,0.54,partly-cloudy-day,rain
2013-03-29,5.31,-0.52,5.31,0.94,2.3949999999999996,5.83,1.71,-2.99,0.63,3.52,0.59,1010.88,13.45,3.0,0.57,partly-cloudy-day,rain
2013-03-30,4.87,0.94,4.87,-1.54,2.9050000000000002,3.93,1.53,-2.65,0.69,3.61,0.66,1011.38,13.1,3.0,0.61,partly-cloudy-day,rain
2013-03-31,4.96,-1.54,4.96,1.1,1.71,6.5,1.64,-2.33,0.68,2.8,0.4,1014.56,12.67,3.0,0.65,partly-cloudy-day,rain
2013-04-01,7.71,0.04,7.71,0.48,3.875,7.67,3.74,-4.26,0.57,5.5,0.2,1014.63,13.02,3.0,0.72,partly-cloudy-day,rain
2013-04-02,4.09,0.48,4.09,0.98,2.285,3.61,-0.57,-3.72,0.64,5.84,0.45,1017.4,13.1,3.0,0.76,partly-cloudy-day,rain
2013-04-03,2.91,0.98,2.91,1.88,1.945,1.9300000000000002,-1.57,-3.52,0.74,5.76,0.55,1014.22,10.8,3.0,0.8,partly-cloudy-day,rain
2013-04-04,7.34,1.88,7.34,0.64,4.609999999999999,5.46,3.68,-2.8,0.61,5.89,0.63,1015.19,13.08,3.0,0.83,partly-cloudy-day,rain
2013-04-05,9.87,0.64,9.87,-1.21,5.255,9.229999999999999,8.53,-2.67,0.63,2.75,0.23,1023.34,13.02,3.0,0.87,partly-cloudy-day,rain
2013-04-06,10.37,-1.21,10.37,3.47,4.58,11.579999999999998,10.37,-1.21,0.62,2.04,0.4,1020.37,11.84,3.0,0.9,partly-cloudy-day,rain
2013-04-07,9.99,3.47,9.99,3.45,6.73,6.52,7.18,-0.38,0.65,4.97,0.36,1005.84,10.81,3.0,0.94,partly-cloudy-day,rain
2013-04-08,8.81,3.45,8.81,2.98,6.130000000000001,5.36,6.01,0.39,0.83,3.87,0.7,997.5,6.66,3.0,0.97,partly-cloudy-day,rain
2013-04-09,10.59,2.98,10.59,5.93,6.785,7.609999999999999,10.59,0.4,0.79,1.07,0.61,1003.54,4.44,4.0,0.01,fog,rain
2013-04-10,11.3,5.93,11.3,7.09,8.615,5.370000000000001,11.3,2.98,0.9,2.28,0.69,997.1,6.07,3.0,0.04,fog,rain
2013-04-11,11.51,7.09,11.51,4.92,9.3,4.42,11.51,4.87,0.87,3.04,0.54,997.53,11.62,3.0,0.07,partly-cloudy-day,rain
2013-04-12,11.42,4.92,11.29,10.92,8.17,6.5,11.42,3.3,0.87,4.42,0.57,1011.09,11.06,3.0,0.1,wind,rain
2013-04-13,19.88,11.49,19.88,10.88,15.684999999999999,8.389999999999999,19.88,11.49,0.7,6.56,0.45,1013.12,12.36,4.0,0.13,wind,rain
2013-04-14,15.43,10.08,15.43,9.63,12.754999999999999,5.35,15.43,10.08,0.72,5.4,0.42,1016.86,12.96,4.0,0.16,partly-cloudy-day,rain
2013-04-15,16.55,9.63,16.55,9.66,13.09,6.92,16.55,7.26,0.7,5.75,0.4,1015.5,12.52,4.0,0.19,partly-cloudy-day,rain
2013-04-16,17.95,9.66,17.95,9.13,13.805,8.29,17.95,8.26,0.77,5.53,0.54,1014.48,10.8,4.0,0.22,wind,rain
2013-04-17,14.11,8.48,14.11,7.08,11.295,5.629999999999999,14.11,5.27,0.64,8.12,0.35,1013.1,12.81,4.0,0.25,wind,rain
2013-04-18,11.95,6.17,11.95,2.88,9.059999999999999,5.779999999999999,11.95,3.88,0.69,2.33,0.47,1025.56,13.12,4.0,0.28,partly-cloudy-day,rain
2013-04-19,13.14,2.88,13.14,1.46,8.01,10.260000000000002,13.14,2.88,0.66,2.21,0.16,1032.63,12.07,5.0,0.31,partly-cloudy-day,rain
2013-04-20,14.12,1.46,14.12,6.91,7.789999999999999,12.66,14.12,1.46,0.64,2.14,0.28,1021.92,12.79,4.0,0.35,partly-cloudy-day,rain
2013-04-21,14.32,6.91,14.32,10.02,10.615,7.41,14.32,5.12,0.74,4.12,0.66,1016.11,12.04,4.0,0.38,partly-cloudy-day,rain
2013-04-22,20.25,10.02,20.25,9.45,15.135,10.23,20.25,10.02,0.68,3.48,0.46,1019.23,12.5,5.0,0.41,partly-cloudy-day,rain
2013-04-23,19.35,9.45,19.35,11.38,14.4,9.900000000000002,19.35,8.49,0.74,3.03,0.33,1023.67,11.96,4.0,0.45,partly-cloudy-day,rain
2013-04-24,22.08,11.38,22.08,7.05,16.73,10.699999999999998,22.08,11.38,0.72,3.2,0.27,1020.93,10.17,5.0,0.48,partly-cloudy-day,rain
2013-04-25,13.28,7.05,12.06,4.02,10.165,6.2299999999999995,13.28,5.04,0.65,3.42,0.51,1015.24,12.12,5.0,0.52,partly-cloudy-day,rain
2013-04-26,10.36,4.02,10.36,1.61,7.1899999999999995,6.34,10.36,1.82,0.71,2.7,0.39,1015.1,13.16,5.0,0.56,partly-cloudy-day,rain
2013-04-27,11.59,1.61,11.59,7.98,6.6,9.98,11.59,1.61,0.64,3.27,0.27,1017.0,12.49,5.0,0.6,partly-cloudy-day,rain
2013-04-28,13.41,7.98,13.41,5.94,10.695,5.43,13.41,4.92,0.59,4.51,0.45,1016.36,13.18,4.0,0.63,partly-cloudy-day,rain
2013-04-29,13.71,5.94,13.71,4.42,9.825000000000001,7.7700000000000005,13.71,4.3,0.62,2.84,0.22,1024.5,13.15,5.0,0.67,partly-cloudy-day,rain
2013-04-30,16.32,4.42,16.32,5.43,10.370000000000001,11.9,16.32,2.32,0.62,2.95,0.26,1024.26,12.7,5.0,0.71,partly-cloudy-day,rain
2013-05-01,16.96,5.43,16.96,4.48,11.195,11.530000000000001,16.96,3.39,0.43,2.9,0.2,1022.7,15.34,5.0,0.75,partly-cloudy-day,rain
2013-05-02,19.71,4.48,19.71,8.05,12.095,15.23,19.71,4.48,0.56,2.71,0.34,1019.76,14.76,5.0,0.78,partly-cloudy-day,rain
2013-05-03,16.31,8.05,16.31,6.87,12.18,8.259999999999998,16.31,5.78,0.64,5.16,0.34,1017.3,13.24,4.0,0.82,partly-cloudy-day,rain
2013-05-04,17.79,6.87,17.79,10.48,12.33,10.919999999999998,17.79,5.5,0.68,2.26,0.36,1021.76,12.91,4.0,0.85,partly-cloudy-day,rain
2013-05-05,20.99,10.48,20.99,8.63,15.735,10.509999999999998,20.99,10.48,0.63,1.13,0.22,1020.13,13.5,5.0,0.89,partly-cloudy-day,rain
2013-05-06,19.82,8.63,19.82,11.72,14.225000000000001,11.19,19.82,8.63,0.6,2.07,0.16,1016.51,14.19,5.0,0.92,partly-cloudy-day,rain
2013-05-07,16.81,11.33,16.81,7.28,14.07,5.479999999999999,16.81,11.33,0.77,3.21,0.52,1007.4,9.8,4.0,0.95,partly-cloudy-day,rain
2013-05-08,14.28,7.28,14.28,10.18,10.78,6.999999999999999,14.28,5.0,0.71,7.13,0.47,1008.69,11.97,4.0,0.99,wind,rain
2013-05-09,17.17,10.2,17.17,7.06,13.685,6.970000000000002,17.17,10.2,0.72,6.74,0.63,1010.14,12.39,5.0,0.02,wind,rain
2013-05-10,13.18,7.06,13.18,6.04,10.12,6.12,13.18,4.29,0.78,4.83,0.56,1010.93,12.2,4.0,0.05,wind,rain
2013-05-11,14.81,6.04,14.81,10.87,10.425,8.77,14.81,2.44,0.76,5.33,0.44,1014.56,12.05,6.0,0.08,partly-cloudy-day,rain
2013-05-12,14.06,7.45,14.06,7.36,10.755,6.61,14.06,4.53,0.68,6.61,0.61,1011.68,11.93,5.0,0.11,wind,rain
2013-05-13,10.94,7.36,10.94,7.0,9.15,3.579999999999999,10.94,4.75,0.8,3.97,0.67,1003.62,11.38,4.0,0.14,wind,rain
2013-05-14,13.64,7.0,13.64,4.17,10.32,6.640000000000001,13.64,2.67,0.71,5.86,0.71,994.19,11.97,4.0,0.17,wind,rain
2013-05-15,15.13,4.17,15.13,7.2,9.65,10.96,15.13,4.17,0.74,1.64,0.36,999.92,10.93,5.0,0.2,partly-cloudy-day,rain
2013-05-16,11.3,7.2,11.3,9.12,9.25,4.1000000000000005,11.3,6.9,0.76,2.35,0.6,1005.87,11.54,4.0,0.23,partly-cloudy-day,rain
2013-05-17,14.56,9.12,14.56,8.91,11.84,5.440000000000001,14.56,7.62,0.67,1.94,0.59,1008.08,11.93,4.0,0.26,partly-cloudy-day,rain
2013-05-18,17.85,8.91,17.85,11.38,13.38,8.940000000000001,17.85,8.56,0.7,2.12,0.32,1011.12,11.1,5.0,0.3,partly-cloudy-day,rain
2013-05-19,16.87,11.38,16.77,12.44,14.125,5.49,16.87,11.38,0.84,3.7,0.81,1011.37,7.31,4.0,0.33,cloudy,rain
2013-05-20,16.22,12.01,13.49,10.1,14.114999999999998,4.209999999999999,16.22,12.01,0.78,4.21,0.79,1015.56,10.78,4.0,0.36,partly-cloudy-day,rain
2013-05-21,14.02,9.58,14.02,6.27,11.8,4.4399999999999995,14.02,7.13,0.7,3.25,0.74,1018.45,11.68,4.0,0.4,partly-cloudy-day,rain
2013-05-22,10.26,6.27,10.26,5.43,8.265,3.99,10.26,3.51,0.65,4.18,0.49,1013.55,12.54,6.0,0.44,partly-cloudy-day,rain
2013-05-23,8.21,5.43,8.21,5.64,6.82,2.780000000000001,6.24,1.79,0.84,2.24,0.65,1009.4,11.89,4.0,0.47,partly-cloudy-day,rain
2013-05-24,14.87,5.64,14.87,6.24,10.254999999999999,9.23,14.87,3.19,0.67,3.46,0.32,1020.26,12.21,5.0,0.51,partly-cloudy-day,rain
2013-05-25,18.82,6.24,18.82,6.32,12.530000000000001,12.58,18.82,4.49,0.55,2.79,0.34,1018.43,14.76,6.0,0.55,partly-cloudy-day,rain
2013-05-26,17.28,6.32,17.28,9.97,11.8,10.96,17.28,4.68,0.58,4.34,0.29,1009.15,13.63,6.0,0.59,wind,rain
2013-05-27,12.13,9.78,11.88,8.38,10.955,2.3500000000000014,12.13,9.12,0.86,1.48,0.67,1000.65,9.37,4.0,0.62,partly-cloudy-day,rain
2013-05-28,12.79,8.38,12.79,10.79,10.585,4.409999999999998,12.79,7.59,0.87,2.14,0.76,1004.27,9.24,4.0,0.66,partly-cloudy-day,rain
2013-05-29,14.69,10.79,14.69,11.27,12.739999999999998,3.9000000000000004,14.69,10.79,0.86,3.44,0.94,1010.33,8.71,4.0,0.7,partly-cloudy-day,rain
2013-05-30,21.68,11.27,21.68,10.77,16.475,10.41,21.68,11.27,0.72,3.45,0.54,1017.87,10.59,6.0,0.73,partly-cloudy-day,rain
2013-05-31,17.34,10.77,17.34,9.72,14.055,6.57,17.34,10.77,0.65,3.35,0.38,1022.85,12.7,5.0,0.77,partly-cloudy-day,rain
2013-06-01,18.83,9.72,18.83,7.24,14.274999999999999,9.109999999999998,18.83,8.97,0.59,2.4,0.27,1028.53,13.42,5.0,0.8,partly-cloudy-day,rain
2013-06-02,18.66,7.24,18.66,7.64,12.95,11.42,18.66,7.24,0.66,2.84,0.26,1031.47,13.28,6.0,0.84,partly-cloudy-day,rain
2013-06-03,20.07,7.64,20.07,8.96,13.855,12.43,20.07,6.1,0.6,4.16,0.27,1027.0,14.65,7.0,0.87,partly-cloudy-day,rain
2013-06-04,19.64,8.96,19.64,8.73,14.3,10.68,19.64,6.8,0.71,3.59,0.56,1021.53,13.31,5.0,0.9,partly-cloudy-day,rain
2013-06-05,20.88,8.73,20.88,10.02,14.805,12.149999999999999,20.88,6.66,0.68,4.28,0.23,1021.53,13.34,3.0,0.93,partly-cloudy-day,rain
2013-06-06,19.64,10.02,19.64,9.16,14.83,9.620000000000001,19.64,10.02,0.66,4.3,0.38,1023.0,14.39,6.0,0.97,partly-cloudy-day,rain
2013-06-07,17.06,9.16,17.06,10.29,13.11,7.899999999999999,17.06,6.88,0.69,5.44,0.36,1021.44,12.44,6.0,0.99,partly-cloudy-day,rain
2013-06-08,14.17,10.29,14.17,10.61,12.23,3.880000000000001,14.17,10.29,0.72,4.59,0.89,1016.69,12.38,4.0,0.03,partly-cloudy-day,rain
2013-06-09,14.56,10.61,14.56,8.16,12.585,3.950000000000001,14.56,10.61,0.68,1.67,0.95,1015.7,12.55,4.0,0.06,cloudy,rain
2013-06-10,16.96,8.16,16.96,14.16,12.56,8.8,16.96,6.87,0.83,3.0,0.61,1013.81,10.46,4.0,0.09,partly-cloudy-day,rain
2013-06-11,16.96,14.16,16.96,13.03,15.56,2.8000000000000007,17.01,14.16,0.86,5.94,0.93,1011.39,10.86,5.0,0.12,wind,rain
2013-06-12,17.59,12.96,17.59,9.13,15.275,4.629999999999999,17.59,12.96,0.75,6.8,0.78,1011.04,11.94,5.0,0.15,wind,rain
2013-06-13,18.81,9.13,18.81,11.01,13.969999999999999,9.679999999999998,18.81,7.72,0.69,4.12,0.45,1016.14,13.05,5.0,0.18,partly-cloudy-day,rain
2013-06-14,16.27,11.01,16.27,11.46,13.64,5.26,16.27,11.01,0.74,6.04,0.42,1008.6,12.18,5.0,0.21,wind,rain
2013-06-15,17.34,11.46,17.34,12.87,14.4,5.879999999999999,17.34,11.46,0.71,3.05,0.42,1013.64,12.62,5.0,0.25,partly-cloudy-day,rain
2013-06-16,20.4,12.87,20.4,13.33,16.634999999999998,7.529999999999999,20.4,12.87,0.66,4.6,0.5,1014.05,15.08,5.0,0.28,partly-cloudy-day,rain
2013-06-17,20.33,13.33,20.33,15.81,16.83,6.999999999999998,20.37,13.33,0.78,0.97,0.4,1014.27,10.81,6.0,0.31,partly-cloudy-day,rain
2013-06-18,25.56,15.81,25.56,16.22,20.685,9.749999999999998,25.56,15.83,0.76,0.95,0.31,1014.65,9.82,6.0,0.35,partly-cloudy-day,rain
2013-06-19,20.19,16.22,20.19,14.11,18.205,3.9700000000000024,20.2,16.22,0.81,1.34,0.47,1012.05,6.71,4.0,0.39,partly-cloudy-day,rain
2013-06-20,20.38,14.11,20.38,12.01,17.244999999999997,6.27,20.38,14.11,0.81,3.59,0.55,1010.05,10.03,5.0,0.42,partly-cloudy-day,rain
2013-06-21,17.54,12.01,17.54,13.07,14.774999999999999,5.529999999999999,17.54,12.01,0.81,6.78,0.67,1007.11,11.33,5.0,0.46,wind,rain
2013-06-22,16.51,12.62,16.51,10.62,14.565000000000001,3.8900000000000023,16.51,12.62,0.76,6.28,0.7,1009.25,12.38,5.0,0.51,wind,rain
2013-06-23,16.1,10.62,16.1,11.26,13.36,5.480000000000002,16.1,10.62,0.66,4.16,0.52,1021.79,12.89,5.0,0.54,partly-cloudy-day,rain
2013-06-24,18.76,11.26,18.76,10.14,15.010000000000002,7.500000000000002,18.76,11.26,0.57,1.95,0.42,1028.61,14.24,6.0,0.58,partly-cloudy-day,rain
2013-06-25,20.61,10.14,20.61,12.2,15.375,10.469999999999999,20.61,10.14,0.64,1.98,0.42,1029.89,13.53,6.0,0.61,partly-cloudy-day,rain
2013-06-26,19.23,12.2,19.23,12.56,15.715,7.030000000000001,19.23,12.2,0.69,2.69,0.54,1026.49,12.13,5.0,0.65,partly-cloudy-day,rain
2013-06-27,20.16,12.56,20.16,13.42,16.36,7.6,20.25,12.56,0.87,3.46,0.93,1019.73,10.35,4.0,0.69,partly-cloudy-day,rain
2013-06-28,21.19,13.42,21.19,14.92,17.305,7.770000000000001,21.19,13.42,0.61,3.36,0.35,1022.39,13.23,5.0,0.72,partly-cloudy-day,rain
2013-06-29,25.17,14.92,25.17,13.89,20.045,10.250000000000002,25.17,14.92,0.67,4.28,0.32,1021.6,12.7,5.0,0.75,partly-cloudy-day,rain
2013-06-30,19.78,13.89,19.78,11.84,16.835,5.890000000000001,19.78,13.89,0.63,3.94,0.44,1017.04,12.73,5.0,0.79,partly-cloudy-day,rain
2013-07-01,17.5,11.84,17.5,14.31,14.67,5.66,17.5,11.84,0.72,3.08,0.6,1011.64,13.13,5.0,0.82,partly-cloudy-day,rain
2013-07-02,19.69,14.31,19.69,12.48,17.0,5.380000000000001,19.69,14.31,0.79,3.67,0.83,1008.35,11.86,5.0,0.85,partly-cloudy-day,rain
2013-07-03,22.89,12.48,22.89,12.63,17.685000000000002,10.41,22.89,12.48,0.76,3.97,0.44,1019.37,11.93,5.0,0.88,partly-cloudy-day,rain
2013-07-04,24.62,12.63,24.62,13.48,18.625,11.99,24.62,12.63,0.65,0.63,0.29,1028.43,13.18,6.0,0.91,partly-cloudy-day,rain
2013-07-05,26.47,13.48,26.47,14.99,19.975,12.989999999999998,26.47,13.48,0.63,1.34,0.12,1029.5,12.89,7.0,0.94,partly-cloudy-day,rain
2013-07-06,27.28,14.99,27.28,14.99,21.135,12.290000000000001,27.28,14.99,0.66,2.5,0.12,1031.56,10.98,6.0,0.97,partly-cloudy-day,rain
2013-07-07,25.18,14.99,25.18,12.01,20.085,10.19,25.18,14.99,0.65,3.92,0.14,1032.66,13.5,6.0,0.01,partly-cloudy-day,rain
2013-07-08,25.61,12.01,25.61,13.54,18.81,13.6,25.61,12.01,0.57,3.27,0.13,1028.39,14.68,6.0,0.04,partly-cloudy-day,rain
2013-07-09,23.19,13.36,23.19,11.99,18.275,9.830000000000002,23.19,13.36,0.64,3.88,0.22,1025.5,13.39,6.0,0.07,partly-cloudy-day,rain
2013-07-10,21.69,11.99,21.69,12.01,16.84,9.700000000000001,21.69,11.99,0.64,3.65,0.37,1025.45,13.94,6.0,0.1,partly-cloudy-day,rain
2013-07-11,23.92,12.01,23.92,15.01,17.965,11.910000000000002,23.92,12.01,0.7,1.84,0.39,1025.08,13.73,6.0,0.13,partly-cloudy-day,rain
2013-07-12,29.16,15.01,29.16,17.28,22.085,14.15,29.24,15.01,0.67,0.86,0.11,1023.97,12.65,7.0,0.16,partly-cloudy-day,rain
2013-07-13,27.83,17.28,27.83,17.96,22.555,10.549999999999997,27.83,17.28,0.61,0.86,0.27,1023.66,12.5,5.0,0.2,partly-cloudy-day,rain
2013-07-14,29.3,17.96,29.3,17.03,23.630000000000003,11.34,29.3,17.96,0.45,0.84,0.4,1023.14,14.66,5.0,0.23,partly-cloudy-day,rain
2013-07-15,29.2,17.03,29.2,17.14,23.115000000000002,12.169999999999998,29.2,17.03,0.56,0.48,0.46,1022.88,14.87,5.0,0.27,partly-cloudy-day,rain
2013-07-16,30.28,17.14,30.28,17.5,23.71,13.14,30.28,17.14,0.54,1.24,0.23,1023.84,14.52,6.0,0.3,partly-cloudy-day,rain
2013-07-17,27.56,17.5,27.56,15.62,22.53,10.059999999999999,27.56,17.5,0.6,3.24,0.18,1026.15,14.02,6.0,0.34,partly-cloudy-day,rain
2013-07-18,27.27,15.62,27.27,16.34,21.445,11.65,27.27,15.62,0.57,4.26,0.18,1025.17,15.16,6.0,0.38,partly-cloudy-day,rain
2013-07-19,22.49,16.34,22.49,16.84,19.415,6.149999999999999,22.49,16.34,0.74,4.37,0.51,1023.47,12.42,5.0,0.41,partly-cloudy-day,rain
2013-07-20,26.03,16.84,26.03,17.21,21.435000000000002,9.190000000000001,26.07,16.84,0.71,3.44,0.51,1019.71,11.64,5.0,0.45,partly-cloudy-day,rain
2013-07-21,32.16,17.21,32.16,19.29,24.685,14.949999999999996,32.16,17.29,0.63,1.62,0.28,1016.02,11.3,4.0,0.48,partly-cloudy-day,rain
2013-07-22,27.13,19.29,27.13,15.59,23.21,7.84,28.0,19.64,0.74,1.84,0.37,1013.38,12.1,5.0,0.53,partly-cloudy-day,rain
2013-07-23,26.24,15.59,26.24,16.63,20.915,10.649999999999999,26.24,15.59,0.67,3.59,0.34,1014.24,12.89,6.0,0.57,partly-cloudy-day,rain
2013-07-24,25.13,16.63,25.13,15.26,20.88,8.5,25.13,16.86,0.74,3.05,0.45,1012.93,12.1,4.0,0.6,partly-cloudy-day,rain
2013-07-25,26.19,15.26,26.19,14.82,20.725,10.930000000000001,26.19,15.26,0.62,1.6,0.37,1012.42,13.2,4.0,0.64,partly-cloudy-day,rain
2013-07-26,27.28,14.82,27.28,15.34,21.05,12.46,27.37,14.82,0.68,0.63,0.26,1006.91,11.96,6.0,0.67,partly-cloudy-day,rain
2013-07-27,23.14,15.34,23.14,16.48,19.240000000000002,7.800000000000001,23.14,15.34,0.73,5.02,0.44,1006.68,11.72,6.0,0.71,partly-cloudy-day,rain
2013-07-28,22.36,16.48,22.36,15.77,19.42,5.879999999999999,22.36,16.48,0.75,5.42,0.55,1011.33,12.3,5.0,0.74,partly-cloudy-day,rain
2013-07-29,20.91,15.64,20.91,16.49,18.275,5.27,21.02,15.7,0.86,3.99,0.49,1013.58,11.12,4.0,0.77,partly-cloudy-day,rain
2013-07-30,23.56,16.49,23.56,16.98,20.025,7.07,23.77,16.49,0.8,4.47,0.55,1015.34,11.97,4.0,0.8,partly-cloudy-day,rain
2013-07-31,32.4,16.98,32.4,17.41,24.689999999999998,15.419999999999998,32.42,17.18,0.65,3.68,0.2,1009.49,14.08,5.0,0.83,partly-cloudy-day,rain
2013-08-01,24.64,17.41,24.64,15.36,21.025,7.23,24.68,17.44,0.71,3.89,0.42,1008.75,12.67,4.0,0.86,partly-cloudy-day,rain
2013-08-02,23.17,15.36,23.17,14.79,19.265,7.810000000000002,23.17,15.36,0.71,4.85,0.34,1014.89,12.71,4.0,0.89,partly-cloudy-day,rain
2013-08-03,22.98,14.79,22.98,17.05,18.884999999999998,8.190000000000001,22.98,14.79,0.7,4.52,0.43,1019.02,12.67,4.0,0.92,partly-cloudy-day,rain
2013-08-04,22.72,16.23,22.72,12.23,19.475,6.489999999999998,22.72,16.37,0.76,3.13,0.54,1012.36,12.59,4.0,0.95,partly-cloudy-day,rain
2013-08-05,22.11,12.23,22.11,14.97,17.17,9.879999999999999,22.11,12.23,0.68,1.35,0.41,1015.69,13.53,4.0,0.98,partly-cloudy-day,rain
2013-08-06,21.49,14.97,21.49,11.83,18.23,6.519999999999998,21.49,14.97,0.64,2.95,0.37,1014.33,13.49,4.0,0.02,partly-cloudy-day,rain
2013-08-07,23.81,11.83,23.81,15.68,17.82,11.979999999999999,23.81,11.83,0.63,1.47,0.3,1019.26,13.52,6.0,0.05,partly-cloudy-day,rain
2013-08-08,23.85,15.68,23.85,14.1,19.765,8.170000000000002,23.85,15.72,0.67,3.0,0.48,1018.82,12.42,5.0,0.08,partly-cloudy-day,rain
2013-08-09,21.73,14.1,21.73,15.42,17.915,7.630000000000001,21.73,14.1,0.57,2.82,0.49,1021.99,14.42,5.0,0.11,partly-cloudy-day,rain
2013-08-10,22.76,15.42,22.76,13.57,19.09,7.340000000000002,22.76,15.42,0.62,3.8,0.45,1018.13,13.97,5.0,0.15,partly-cloudy-day,rain
2013-08-11,20.39,13.57,20.39,11.46,16.98,6.82,20.39,13.57,0.61,3.6,0.41,1016.89,14.11,4.0,0.18,partly-cloudy-day,rain
2013-08-12,19.8,11.46,19.8,11.04,15.63,8.34,19.8,11.46,0.69,3.63,0.43,1021.59,13.5,4.0,0.22,partly-cloudy-day,rain
2013-08-13,22.04,11.04,22.04,16.16,16.54,11.0,22.04,11.04,0.78,2.79,0.39,1022.81,12.23,4.0,0.25,partly-cloudy-day,rain
2013-08-14,23.46,16.64,23.46,16.98,20.05,6.82,23.46,16.78,0.79,4.44,0.55,1018.77,10.88,4.0,0.29,partly-cloudy-day,rain
2013-08-15,21.66,16.98,21.66,14.12,19.32,4.68,21.73,16.98,0.84,3.86,0.51,1015.02,11.81,3.0,0.33,partly-cloudy-day,rain
2013-08-16,20.22,14.12,20.22,15.92,17.169999999999998,6.1,20.22,14.12,0.82,5.13,0.57,1012.65,11.1,3.0,0.37,wind,rain
2013-08-17,22.42,15.92,22.42,12.68,19.17,6.500000000000002,22.42,15.92,0.73,4.45,0.57,1009.48,12.76,3.0,0.4,partly-cloudy-day,rain
2013-08-18,22.02,12.68,22.02,12.16,17.35,9.34,22.02,12.68,0.59,3.25,0.27,1019.36,14.13,3.0,0.44,partly-cloudy-day,rain
2013-08-19,23.53,12.16,23.53,12.78,17.845,11.370000000000001,23.53,12.16,0.6,1.6,0.37,1027.38,15.13,4.0,0.48,partly-cloudy-day,rain
2013-08-20,25.57,12.72,25.57,16.54,19.145,12.85,25.57,12.72,0.64,2.36,0.38,1023.87,14.9,4.0,0.52,partly-cloudy-day,rain
2013-08-21,21.13,16.54,21.13,16.34,18.835,4.59,21.34,16.81,0.9,1.09,0.36,1019.89,11.3,3.0,0.55,partly-cloudy-day,rain
2013-08-22,26.03,16.34,26.03,17.13,21.185000000000002,9.690000000000001,26.03,16.49,0.75,3.34,0.11,1014.88,9.96,4.0,0.59,partly-cloudy-day,rain
2013-08-23,19.51,14.94,18.51,13.18,17.225,4.570000000000002,19.59,14.94,0.9,2.57,0.56,1010.79,5.58,3.0,0.62,fog,rain
2013-08-24,22.74,13.18,22.74,16.37,17.96,9.559999999999999,22.74,13.18,0.83,2.66,0.5,1012.96,10.07,4.0,0.66,partly-cloudy-day,rain
2013-08-25,24.32,16.37,24.32,12.82,20.345,7.949999999999999,24.32,16.37,0.69,2.65,0.38,1018.33,11.27,4.0,0.69,partly-cloudy-day,rain
2013-08-26,22.78,12.82,22.78,12.45,17.8,9.96,22.78,12.82,0.69,1.89,0.23,1018.6,11.3,4.0,0.72,partly-cloudy-day,rain
2013-08-27,23.38,12.45,23.38,14.16,17.915,10.93,23.38,12.45,0.69,0.85,0.37,1022.24,11.52,4.0,0.75,partly-cloudy-day,rain
2013-08-28,23.19,14.16,23.19,15.34,18.675,9.030000000000001,23.19,14.16,0.56,2.75,0.31,1021.8,11.65,4.0,0.78,partly-cloudy-day,rain
2013-08-29,24.03,15.34,24.03,14.22,19.685000000000002,8.690000000000001,24.03,15.34,0.64,3.91,0.31,1019.63,12.78,3.0,0.81,partly-cloudy-day,rain
2013-08-30,19.87,14.22,19.87,10.17,17.045,5.65,19.87,14.22,0.6,3.37,0.12,1025.01,13.86,4.0,0.84,partly-cloudy-day,rain
2013-08-31,21.07,10.17,21.07,11.88,15.620000000000001,10.9,21.07,10.17,0.63,3.36,0.33,1029.46,14.79,3.0,0.87,partly-cloudy-day,rain
2013-09-01,24.94,11.88,24.94,14.04,18.41,13.06,24.94,11.88,0.7,3.28,0.33,1027.0,14.03,3.0,0.9,partly-cloudy-day,rain
2013-09-02,23.92,14.04,23.92,14.09,18.98,9.880000000000003,23.92,14.04,0.76,0.5,0.33,1027.04,12.67,3.0,0.93,partly-cloudy-day,rain
2013-09-03,27.04,14.09,27.04,15.46,20.564999999999998,12.95,27.31,14.09,0.75,1.86,0.1,1021.14,11.2,4.0,0.96,clear-day,rain
2013-09-04,28.49,15.46,28.49,15.05,21.975,13.029999999999998,28.59,15.54,0.71,0.78,0.12,1011.32,9.08,4.0,0.99,fog,rain
2013-09-05,18.32,13.26,17.04,11.39,15.79,5.0600000000000005,18.32,13.26,0.81,1.92,0.39,1008.5,11.17,2.0,0.03,partly-cloudy-day,rain
2013-09-06,17.7,11.39,17.7,9.13,14.545,6.309999999999999,17.7,11.39,0.75,3.43,0.26,1013.82,12.6,4.0,0.06,partly-cloudy-day,rain
2013-09-07,16.86,9.13,16.86,9.2,12.995000000000001,7.729999999999999,16.86,9.13,0.8,2.74,0.37,1017.99,12.57,2.0,0.1,partly-cloudy-day,rain
2013-09-08,10.63,9.2,10.29,9.38,9.915,1.4300000000000015,10.63,8.03,0.88,1.61,0.03,1018.08,10.3,4.0,0.13,clear-day,rain
2013-09-09,16.65,9.38,16.65,12.47,13.015,7.269999999999998,16.65,7.53,0.77,4.22,0.64,1020.2,11.54,2.0,0.17,partly-cloudy-day,rain
2013-09-10,16.49,12.47,16.49,12.58,14.48,4.019999999999998,16.49,12.47,0.77,4.01,0.75,1020.96,11.72,2.0,0.21,partly-cloudy-day,rain
2013-09-11,18.02,12.58,18.02,15.33,15.3,5.4399999999999995,18.02,12.58,0.87,1.24,0.72,1019.29,9.24,2.0,0.24,partly-cloudy-day,rain
2013-09-12,18.09,14.78,18.09,9.3,16.435,3.3100000000000005,18.3,14.82,0.95,0.97,1.0,1017.09,5.91,2.0,0.28,cloudy,rain
2013-09-13,13.85,9.3,13.85,6.72,11.575,4.549999999999999,13.85,7.1,0.89,2.95,0.69,1015.54,9.64,2.0,0.32,partly-cloudy-day,rain
2013-09-14,15.36,6.72,14.82,8.24,11.04,8.64,15.36,5.13,0.86,4.65,0.41,1010.26,9.93,2.0,0.36,wind,rain
2013-09-15,14.08,8.24,14.08,8.19,11.16,5.84,14.08,5.59,0.67,5.55,0.31,1002.85,13.55,2.0,0.39,wind,rain
2013-09-16,13.7,8.19,13.08,10.77,10.945,5.51,13.7,5.6,0.84,3.33,0.61,1000.28,11.44,2.0,0.43,partly-cloudy-day,rain
2013-09-17,15.18,10.77,15.18,8.33,12.975,4.41,15.18,10.77,0.78,3.44,0.61,1003.41,11.18,2.0,0.46,partly-cloudy-day,rain
2013-09-18,15.84,8.33,15.84,9.84,12.085,7.51,15.86,6.46,0.84,3.76,0.49,1010.33,11.99,2.0,0.49,partly-cloudy-day,rain
2013-09-19,18.41,9.84,18.41,10.33,14.125,8.57,18.41,8.16,0.75,2.45,0.51,1017.72,12.5,2.0,0.54,partly-cloudy-day,rain
2013-09-20,18.18,10.33,18.18,16.43,14.254999999999999,7.85,18.24,10.33,0.87,2.8,0.56,1024.26,10.83,2.0,0.57,partly-cloudy-day,rain
2013-09-21,18.84,14.25,18.84,13.03,16.545,4.59,18.89,14.25,0.9,1.96,0.69,1027.75,10.57,2.0,0.6,partly-cloudy-day,rain
2013-09-22,19.64,13.03,19.64,11.53,16.335,6.610000000000001,19.64,13.03,0.89,0.88,0.52,1024.98,9.43,2.0,0.64,fog,rain
2013-09-23,21.47,11.53,21.47,13.67,16.5,9.94,21.47,11.53,0.89,1.18,0.17,1016.64,4.39,3.0,0.67,fog,rain
2013-09-24,20.87,13.67,20.87,13.96,17.27,7.200000000000001,20.87,13.67,0.86,0.51,0.36,1011.86,3.75,2.0,0.7,fog,rain
2013-09-25,18.88,13.12,18.88,10.58,16.0,5.76,18.88,13.12,0.79,3.1,0.51,1016.43,10.07,2.0,0.73,partly-cloudy-day,rain
2013-09-26,16.99,10.58,16.99,12.43,13.785,6.409999999999998,16.99,10.58,0.8,3.45,0.36,1016.27,13.39,2.0,0.76,partly-cloudy-day,rain
2013-09-27,18.36,12.43,18.36,13.57,15.395,5.93,18.36,12.43,0.81,4.46,0.17,1009.88,9.78,2.0,0.79,partly-cloudy-day,rain
2013-09-28,17.36,13.44,17.36,13.44,15.399999999999999,3.92,17.36,13.44,0.79,4.76,0.45,1006.89,12.25,2.0,0.82,partly-cloudy-day,rain
2013-09-29,18.81,13.21,18.81,11.76,16.009999999999998,5.599999999999998,18.81,13.21,0.79,3.68,0.37,1006.77,12.6,2.0,0.85,partly-cloudy-day,rain
2013-09-30,17.28,11.76,17.28,13.62,14.52,5.520000000000001,17.28,11.76,0.82,4.02,0.54,1009.02,9.11,2.0,0.88,partly-cloudy-day,rain
2013-10-01,19.02,13.62,19.02,14.03,16.32,5.4,19.1,13.62,0.87,3.51,0.59,1010.58,7.87,2.0,0.91,fog,rain
2013-10-02,18.45,14.03,18.45,16.62,16.24,4.42,18.68,14.03,0.93,3.37,0.43,1008.9,7.03,2.0,0.94,partly-cloudy-day,rain
2013-10-03,20.82,15.23,20.82,13.67,18.025,5.59,20.84,15.23,0.87,4.04,0.62,1009.01,11.68,1.0,0.98,partly-cloudy-day,rain
2013-10-04,17.94,13.67,17.94,8.76,15.805,4.270000000000001,17.94,13.67,0.87,1.58,0.49,1019.72,11.91,1.0,0.01,partly-cloudy-day,rain
2013-10-05,19.19,8.76,19.19,10.37,13.975000000000001,10.430000000000001,19.19,8.76,0.82,1.53,0.41,1025.61,11.14,1.0,0.05,partly-cloudy-day,rain
2013-10-06,18.57,10.37,18.57,13.36,14.469999999999999,8.200000000000001,18.57,10.37,0.87,2.43,0.47,1025.51,8.71,1.0,0.08,fog,rain
2013-10-07,19.62,13.36,19.62,13.51,16.490000000000002,6.260000000000002,19.62,13.36,0.85,3.13,0.55,1024.75,10.3,1.0,0.12,partly-cloudy-day,rain
2013-10-08,16.48,9.04,16.48,7.6,12.76,7.440000000000001,16.48,6.37,0.76,3.89,0.55,1019.97,12.46,1.0,0.16,partly-cloudy-day,rain
2013-10-09,11.82,7.6,11.82,8.66,9.71,4.220000000000001,11.82,4.19,0.68,6.07,0.45,1018.36,12.41,1.0,0.19,partly-cloudy-day,rain
2013-10-10,13.16,8.66,13.16,9.39,10.91,4.5,13.16,5.62,0.86,5.86,0.77,1017.55,10.25,1.0,0.23,wind,rain
2013-10-11,14.17,8.46,14.17,8.46,11.315000000000001,5.709999999999999,14.17,7.6,0.83,2.36,0.43,1018.13,10.62,1.0,0.27,partly-cloudy-day,rain
2013-10-12,11.47,8.87,11.47,8.62,10.17,2.6000000000000014,11.47,6.46,0.92,3.78,0.58,1010.8,9.38,1.0,0.31,partly-cloudy-day,rain
2013-10-13,11.34,8.62,11.34,8.75,9.98,2.7200000000000006,11.34,6.28,0.91,3.71,0.66,1007.43,9.69,1.0,0.34,partly-cloudy-day,rain
2013-10-14,12.58,8.75,12.58,6.76,10.665,3.83,12.58,6.51,0.88,2.97,0.45,1010.38,9.27,1.0,0.38,fog,rain
2013-10-15,14.87,6.76,14.87,11.82,10.815,8.11,14.87,6.42,0.91,1.84,0.44,1010.46,7.15,1.0,0.42,fog,rain
2013-10-16,17.29,11.82,17.29,10.5,14.555,5.469999999999999,17.29,11.82,0.84,4.15,0.26,1013.27,12.36,1.0,0.45,partly-cloudy-day,rain
2013-10-17,17.16,10.5,17.16,13.21,13.83,6.66,17.16,10.5,0.91,2.76,0.49,1014.16,8.75,1.0,0.48,partly-cloudy-day,rain
2013-10-18,17.52,13.21,17.52,13.18,15.365,4.309999999999999,17.52,13.21,0.91,3.06,0.52,1005.58,11.31,1.0,0.52,partly-cloudy-day,rain
2013-10-19,17.04,12.16,17.04,12.16,14.6,4.879999999999999,17.04,12.16,0.89,4.29,0.42,1005.32,11.57,1.0,0.55,partly-cloudy-day,rain
2013-10-20,17.53,13.26,17.53,16.32,15.395,4.270000000000001,17.53,13.26,0.87,4.81,0.53,1005.88,11.25,1.0,0.58,partly-cloudy-day,rain
2013-10-21,18.03,13.79,18.03,13.79,15.91,4.240000000000002,18.04,13.79,0.86,4.84,0.44,997.55,11.67,1.0,0.61,partly-cloudy-day,rain
2013-10-22,16.53,9.99,16.53,6.83,13.260000000000002,6.540000000000001,16.53,8.92,0.8,5.29,0.34,998.6,12.42,1.0,0.65,wind,rain
2013-10-23,16.91,6.83,16.91,13.14,11.870000000000001,10.08,16.91,6.83,0.86,2.1,0.36,1013.45,12.05,1.0,0.68,partly-cloudy-day,rain
2013-10-24,18.47,13.16,18.47,14.39,15.815,5.309999999999999,18.47,13.16,0.86,4.14,0.47,1005.16,10.91,1.0,0.7,partly-cloudy-day,rain
2013-10-25,16.66,14.34,16.66,11.66,15.5,2.3200000000000003,16.66,14.34,0.85,6.35,0.49,1004.52,11.31,1.0,0.73,wind,rain
2013-10-26,15.87,11.66,15.87,11.7,13.765,4.209999999999999,15.87,11.66,0.81,7.05,0.32,996.66,11.18,1.0,0.76,wind,rain
2013-10-27,15.965,10.33,14.92,9.684999999999999,13.1475,5.634999999999999,15.974999999999998,9.120000000000001,0.81,7.365,0.405,994.5799999999999,11.19,1.0,0.78,wind,rain
2013-10-28,16.06,9.0,13.97,7.67,12.53,7.059999999999999,16.08,6.58,0.81,7.68,0.49,992.5,11.2,1.0,0.8,wind,rain
2013-10-29,12.38,6.86,12.38,4.47,9.620000000000001,5.5200000000000005,12.38,4.43,0.77,4.77,0.25,1010.58,13.66,1.0,0.83,partly-cloudy-day,rain
2013-10-30,13.57,4.47,13.57,12.03,9.02,9.100000000000001,13.57,2.27,0.8,3.67,0.33,1020.1,13.36,1.0,0.86,partly-cloudy-day,rain
2013-10-31,13.11,11.61,12.59,11.48,12.36,1.5,13.11,11.61,0.89,4.42,0.74,1016.56,11.36,1.0,0.89,partly-cloudy-day,rain
2013-11-01,13.97,11.48,13.97,10.47,12.725000000000001,2.49,13.97,11.48,0.89,2.95,0.55,1008.97,11.57,1.0,0.93,partly-cloudy-day,rain
2013-11-02,15.08,10.27,15.08,7.56,12.675,4.8100000000000005,15.08,10.27,0.82,4.55,0.43,998.6,9.46,1.0,0.96,wind,rain
2013-11-03,11.43,7.56,11.43,6.04,9.495,3.87,11.43,3.89,0.74,5.3,0.22,998.64,11.99,1.0,0.0,wind,rain
2013-11-04,9.98,4.78,9.98,4.41,7.380000000000001,5.2,8.24,2.11,0.82,2.94,0.29,991.64,11.14,1.0,0.03,partly-cloudy-day,rain
2013-11-05,12.39,4.41,12.39,9.31,8.4,7.98,12.39,2.98,0.83,3.96,0.56,994.74,12.1,1.0,0.07,partly-cloudy-day,rain
2013-11-06,14.87,9.31,14.79,9.31,12.09,5.559999999999999,14.87,6.77,0.88,4.86,0.62,999.46,10.19,1.0,0.11,wind,rain
2013-11-07,14.7,7.37,11.0,5.29,11.035,7.329999999999999,14.7,6.25,0.83,2.89,0.66,1006.38,13.9,1.0,0.14,partly-cloudy-day,rain
2013-11-08,11.0,5.29,11.0,3.28,8.145,5.71,11.0,2.54,0.9,2.0,0.5,1005.53,12.1,1.0,0.18,partly-cloudy-day,rain
2013-11-09,7.06,3.28,7.06,4.79,5.17,3.78,7.04,1.24,0.9,1.9,0.41,1006.05,11.43,1.0,0.22,partly-cloudy-day,rain
2013-11-10,9.22,2.58,9.22,2.53,5.9,6.640000000000001,7.3,0.71,0.79,2.61,0.18,1015.79,12.68,1.0,0.26,partly-cloudy-day,rain
2013-11-11,12.63,2.53,12.11,9.79,7.58,10.100000000000001,12.63,1.21,0.91,3.65,0.65,1022.52,7.81,1.0,0.29,cloudy,rain
2013-11-12,13.11,6.08,12.36,2.11,9.594999999999999,7.029999999999999,13.11,4.61,0.85,2.26,0.56,1026.13,9.91,1.0,0.33,partly-cloudy-day,rain
2013-11-13,9.94,2.11,9.94,6.54,6.0249999999999995,7.83,9.09,0.39,0.82,2.3,0.45,1032.0,12.99,1.0,0.37,partly-cloudy-day,rain
2013-11-14,9.62,5.18,9.62,4.65,7.3999999999999995,4.4399999999999995,6.61,2.32,0.74,4.6,0.32,1023.75,13.18,1.0,0.4,partly-cloudy-day,rain
2013-11-15,9.25,3.33,9.25,1.38,6.29,5.92,7.41,1.74,0.72,2.57,0.27,1032.71,13.12,1.0,0.43,partly-cloudy-day,rain
2013-11-16,9.14,1.38,9.14,7.59,5.26,7.760000000000001,8.36,-0.1,0.87,1.4,0.35,1031.84,9.66,1.0,0.47,partly-cloudy-day,rain
2013-11-17,9.57,8.28,9.57,8.08,8.925,1.290000000000001,9.57,7.78,0.87,0.87,1.0,1024.24,6.41,1.0,0.5,fog,rain
2013-11-18,9.3,7.37,9.3,2.19,8.335,1.9300000000000006,8.54,5.02,0.92,1.77,0.98,1010.92,5.39,1.0,0.53,fog,rain
2013-11-19,6.78,0.6,5.73,-1.27,3.69,6.180000000000001,4.33,-2.23,0.74,3.57,0.19,1013.76,13.5,1.0,0.56,partly-cloudy-day,rain
2013-11-20,6.38,-1.27,6.38,3.12,2.5549999999999997,7.65,3.21,-4.81,0.85,3.41,0.52,1003.95,12.18,1.0,0.59,partly-cloudy-day,rain
2013-11-21,7.91,3.12,7.91,3.52,5.515000000000001,4.79,4.39,-0.77,0.78,4.83,0.48,1004.26,11.96,1.0,0.62,partly-cloudy-day,rain
2013-11-22,7.89,3.52,7.89,3.41,5.705,4.369999999999999,4.74,0.0,0.76,4.31,0.27,1017.66,12.36,1.0,0.65,partly-cloudy-day,rain
2013-11-23,7.41,3.41,7.41,6.14,5.41,4.0,4.72,0.61,0.82,3.37,0.46,1024.21,11.2,1.0,0.68,partly-cloudy-day,rain
2013-11-24,8.02,5.06,8.02,4.54,6.539999999999999,2.96,5.55,2.69,0.78,3.55,0.77,1030.42,11.78,1.0,0.71,partly-cloudy-day,rain
2013-11-25,7.29,4.54,7.29,2.98,5.915,2.75,4.63,1.89,0.77,3.33,0.73,1037.52,12.17,1.0,0.74,partly-cloudy-day,rain
2013-11-26,7.23,2.93,7.23,5.78,5.08,4.300000000000001,5.77,1.08,0.72,2.17,0.47,1038.71,12.63,1.0,0.77,partly-cloudy-night,rain
2013-11-27,10.32,5.78,10.32,8.58,8.05,4.54,10.32,4.12,0.89,1.35,0.88,1033.95,6.76,1.0,0.81,partly-cloudy-day,rain
2013-11-28,9.9,8.08,9.9,8.04,8.99,1.8200000000000003,9.38,7.97,0.87,1.23,0.96,1034.64,6.34,0.0,0.84,cloudy,rain
2013-11-29,10.18,6.56,10.18,6.21,8.37,3.62,10.18,2.99,0.77,4.4,0.62,1026.65,11.02,1.0,0.87,partly-cloudy-day,rain
2013-11-30,8.38,3.53,8.38,2.43,5.955,4.850000000000001,6.01,2.19,0.73,3.68,0.5,1027.3,12.46,1.0,0.91,partly-cloudy-day,rain
2013-12-01,9.42,2.43,9.42,7.26,5.925,6.99,8.59,0.21,0.83,1.02,0.55,1032.9,11.59,1.0,0.94,partly-cloudy-day,rain
2013-12-02,9.42,6.59,9.42,6.34,8.004999999999999,2.83,8.79,6.24,0.79,1.36,0.86,1033.95,10.7,0.0,0.98,partly-cloudy-day,rain
2013-12-03,7.22,3.66,6.44,3.66,5.4399999999999995,3.5599999999999996,7.22,1.58,0.72,0.96,0.97,1029.5,11.99,0.0,0.02,cloudy,rain
2013-12-04,8.91,2.35,8.91,1.08,5.63,6.5600000000000005,6.66,-0.58,0.77,2.87,0.56,1029.19,12.25,1.0,0.06,partly-cloudy-day,rain
2013-12-05,10.29,1.08,10.29,2.73,5.685,9.209999999999999,10.29,-2.54,0.73,6.12,0.44,1023.72,13.37,1.0,0.09,wind,rain
2013-12-06,7.85,2.73,7.85,6.55,5.29,5.119999999999999,5.72,-1.27,0.7,3.92,0.38,1027.65,12.67,1.0,0.13,partly-cloudy-day,rain
2013-12-07,8.72,6.55,8.72,5.09,7.635,2.170000000000001,6.32,4.02,0.85,3.71,0.47,1026.6,11.78,1.0,0.17,partly-cloudy-day,rain
2013-12-08,11.24,5.09,11.24,6.01,8.165,6.15,11.24,2.53,0.83,4.56,0.35,1025.35,12.87,1.0,0.2,partly-cloudy-day,rain
2013-12-09,11.01,5.06,11.01,2.06,8.035,5.95,11.01,3.17,0.89,2.69,0.32,1028.84,10.73,1.0,0.24,partly-cloudy-day,rain
2013-12-10,9.03,2.06,9.03,2.06,5.545,6.969999999999999,7.65,2.06,0.91,1.35,0.23,1031.32,4.49,1.0,0.28,fog,rain
2013-12-11,6.4,2.06,6.4,1.52,4.23,4.34,6.34,0.46,0.93,1.45,0.03,1029.46,3.48,1.0,0.31,fog,rain
2013-12-12,8.98,1.52,8.98,7.23,5.25,7.460000000000001,7.28,-0.88,0.94,2.28,0.16,1024.86,3.14,1.0,0.35,fog,rain
2013-12-13,11.73,8.15,11.73,3.79,9.940000000000001,3.58,11.73,5.42,0.85,3.44,0.51,1019.67,9.45,1.0,0.38,partly-cloudy-day,rain
2013-12-14,11.33,3.79,11.33,8.11,7.5600000000000005,7.54,11.33,1.16,0.81,5.45,0.35,1022.45,12.73,1.0,0.41,wind,rain
2013-12-15,12.54,8.11,12.44,11.64,10.325,4.43,12.54,6.2,0.91,6.12,0.68,1019.25,9.14,0.0,0.44,wind,rain
2013-12-16,12.89,7.95,12.89,4.61,10.42,4.94,12.89,6.56,0.89,5.57,0.88,1016.66,10.36,0.0,0.47,wind,rain
2013-12-17,7.4,4.61,6.48,5.01,6.005000000000001,2.79,7.08,2.72,0.9,1.29,0.6,1021.59,9.61,0.0,0.51,fog,rain
2013-12-18,10.29,5.01,10.27,5.14,7.6499999999999995,5.279999999999999,10.29,2.42,0.88,5.85,0.64,1007.83,9.7,0.0,0.54,wind,rain
2013-12-19,9.7,3.68,8.19,2.63,6.6899999999999995,6.02,7.07,0.55,0.78,3.99,0.36,1002.06,13.89,1.0,0.57,partly-cloudy-day,rain
2013-12-20,10.42,2.63,9.69,9.41,6.525,7.79,10.42,-0.66,0.79,5.52,0.36,1018.73,13.82,1.0,0.6,wind,rain
2013-12-21,11.95,9.41,11.95,7.96,10.68,2.539999999999999,11.95,5.58,0.86,8.91,0.86,1012.62,9.66,0.0,0.63,wind,rain
2013-12-22,10.07,4.81,10.07,4.81,7.4399999999999995,5.260000000000001,10.07,1.58,0.73,5.66,0.25,1009.77,12.68,1.0,0.66,partly-cloudy-day,rain
2013-12-23,11.95,5.14,11.33,8.23,8.545,6.81,11.95,2.07,0.84,8.48,0.58,998.59,9.98,0.0,0.69,wind,rain
2013-12-24,11.93,5.43,9.07,3.93,8.68,6.5,11.93,2.68,0.81,6.67,0.4,979.52,10.86,1.0,0.72,partly-cloudy-day,rain
2013-12-25,7.19,3.74,7.19,2.87,5.465,3.45,4.98,0.23,0.85,2.47,0.03,984.66,12.36,1.0,0.75,clear-day,rain
2013-12-26,7.64,2.87,4.29,4.29,5.255,4.77,4.53,-0.06,0.92,2.27,0.49,995.06,9.8,0.0,0.78,wind,rain
2013-12-27,10.99,7.47,10.41,4.27,9.23,3.5200000000000005,10.99,3.68,0.75,7.86,0.37,986.81,11.43,1.0,0.82,wind,rain
2013-12-28,7.81,2.86,7.81,0.72,5.335,4.949999999999999,5.34,0.77,0.77,3.17,0.11,997.47,13.45,1.0,0.85,partly-cloudy-day,rain
2013-12-29,7.56,0.72,7.15,5.23,4.14,6.84,4.44,-2.77,0.84,3.07,0.12,1014.89,14.08,1.0,0.89,partly-cloudy-night,rain
2013-12-30,10.22,6.4,10.22,6.4,8.31,3.8200000000000003,10.22,4.21,0.83,6.58,0.55,1010.88,11.35,0.0,0.93,wind,rain
2013-12-31,10.36,5.77,10.36,5.77,8.065,4.59,10.36,2.79,0.85,4.72,0.59,1004.27,12.13,0.0,0.96,partly-cloudy-day,rain
2014-01-01,11.34,6.59,10.83,6.54,8.965,4.75,11.34,3.18,0.86,7.2,0.495,993.32,9.95,0.5,0.01,wind,rain
2014-01-02,10.75,6.54,10.27,8.54,8.645,4.21,10.75,3.36,0.82,4.89,0.4,993.31,12.23,1.0,0.04,wind,rain
2014-01-03,10.49,7.01,10.14,7.04,8.75,3.4800000000000004,10.49,2.77,0.78,7.66,0.4,994.51,10.93,1.0,0.08,wind,rain
2014-01-04,9.58,4.06,9.58,1.72,6.82,5.5200000000000005,6.66,1.16,0.84,4.46,0.61,993.71,11.27,0.0,0.12,partly-cloudy-day,rain
2014-01-05,11.96,1.72,8.78,8.78,6.840000000000001,10.24,11.96,-0.88,0.87,4.4,0.44,1000.02,11.67,1.0,0.15,wind,rain
2014-01-06,12.57,9.34,12.37,10.23,10.955,3.2300000000000004,12.57,5.91,0.78,8.3,0.58,994.61,10.67,1.0,0.19,wind,rain
2014-01-07,11.38,8.98,11.38,7.37,10.18,2.4000000000000004,11.38,5.34,0.78,7.3,0.59,1003.19,11.36,1.0,0.22,wind,rain
2014-01-08,11.62,7.37,11.62,9.25,9.495,4.249999999999999,11.62,4.53,0.85,4.15,0.5,1011.94,11.99,1.0,0.26,partly-cloudy-day,rain
2014-01-09,12.01,4.86,10.29,2.68,8.435,7.1499999999999995,12.01,1.6,0.77,6.03,0.39,1006.3,12.63,1.0,0.29,wind,rain
2014-01-10,10.14,2.68,10.14,7.16,6.41,7.460000000000001,10.14,0.34,0.85,3.56,0.4,1014.26,13.0,1.0,0.33,partly-cloudy-day,rain
2014-01-11,8.59,1.02,8.41,0.38,4.805,7.57,5.91,1.02,0.81,2.68,0.2,1018.51,12.05,1.0,0.36,partly-cloudy-day,rain
2014-01-12,8.91,0.38,7.06,5.42,4.6450000000000005,8.53,6.06,-1.79,0.9,3.25,0.46,1016.63,8.27,1.0,0.39,cloudy,rain
2014-01-13,9.72,5.42,9.01,2.05,7.57,4.300000000000001,6.98,2.68,0.83,4.0,0.37,1005.09,12.44,1.0,0.42,partly-cloudy-day,rain
2014-01-14,6.82,2.05,6.82,5.11,4.4350000000000005,4.7700000000000005,4.15,-1.16,0.81,2.5,0.29,1004.33,13.08,1.0,0.45,partly-cloudy-day,rain
2014-01-15,11.19,6.41,11.19,7.94,8.8,4.779999999999999,11.19,2.89,0.9,4.63,0.77,998.57,9.85,1.0,0.48,partly-cloudy-day,rain
2014-01-16,10.72,7.27,10.17,6.43,8.995000000000001,3.450000000000001,10.72,3.91,0.83,5.01,0.58,990.5,11.72,1.0,0.52,partly-cloudy-day,rain
2014-01-17,8.47,6.43,8.47,6.59,7.45,2.040000000000001,5.71,2.83,0.87,4.68,0.47,990.8,11.7,1.0,0.54,partly-cloudy-day,rain
2014-01-18,9.99,7.58,9.99,7.47,8.785,2.41,7.53,4.83,0.83,4.34,0.35,991.61,11.81,1.0,0.57,partly-cloudy-day,rain
2014-01-19,9.37,3.34,8.04,1.3,6.3549999999999995,6.029999999999999,7.39,2.11,0.8,1.72,0.33,995.52,12.54,1.0,0.6,partly-cloudy-day,rain
2014-01-20,8.44,1.3,8.44,1.97,4.87,7.14,8.44,1.3,0.89,0.2,0.17,1007.71,9.64,1.0,0.63,fog,rain
2014-01-21,7.66,1.97,7.66,5.76,4.815,5.69,6.26,1.97,0.89,2.19,0.37,1010.13,6.36,1.0,0.66,fog,rain
2014-01-22,10.02,6.12,10.02,3.35,8.07,3.8999999999999995,10.02,3.08,0.87,2.13,0.69,1006.71,10.2,1.0,0.7,partly-cloudy-day,rain
2014-01-23,8.44,3.35,8.44,2.76,5.895,5.09,4.93,0.25,0.82,3.98,0.32,1012.39,11.49,1.0,0.73,partly-cloudy-day,rain
2014-01-24,8.01,2.76,8.01,6.98,5.385,5.25,5.72,0.19,0.83,2.43,0.54,1013.91,11.99,1.0,0.76,partly-cloudy-day,rain
2014-01-25,11.77,5.68,11.77,4.25,8.725,6.09,11.77,1.76,0.83,4.0,0.44,1012.46,8.71,1.0,0.8,wind,rain
2014-01-26,9.03,3.26,9.03,2.56,6.145,5.77,5.99,-1.3,0.79,4.55,0.4,1002.1,11.97,1.0,0.84,partly-cloudy-day,rain
2014-01-27,7.95,2.56,7.95,4.81,5.255,5.390000000000001,4.34,-2.02,0.79,5.29,0.38,989.87,12.68,1.0,0.87,partly-cloudy-day,rain
2014-01-28,9.12,5.03,9.12,4.76,7.074999999999999,4.089999999999999,6.34,1.96,0.83,4.32,0.61,985.33,11.94,1.0,0.91,partly-cloudy-day,rain
2014-01-29,5.46,3.72,4.79,3.66,4.59,1.7399999999999998,2.53,0.18,0.9,4.25,0.93,993.99,9.53,1.0,0.95,cloudy,rain
2014-01-30,5.94,3.0,5.94,1.97,4.470000000000001,2.9400000000000004,5.86,0.61,0.91,1.52,0.81,1001.76,6.63,1.0,0.98,partly-cloudy-day,rain
2014-01-31,8.83,1.97,7.08,4.83,5.4,6.86,5.27,0.29,0.91,4.74,0.73,998.51,7.08,1.0,0.03,wind,rain
2014-02-01,9.72,4.83,8.32,6.24,7.275,4.890000000000001,6.86,1.1,0.76,6.97,0.19,990.08,11.6,1.0,0.06,wind,rain
2014-02-02,9.3,5.79,9.3,4.97,7.545,3.5100000000000007,6.48,3.21,0.72,4.75,0.22,1005.39,12.89,1.0,0.1,partly-cloudy-day,rain
2014-02-03,7.99,4.97,7.99,4.22,6.48,3.0200000000000005,4.59,1.96,0.79,4.92,0.47,1003.89,12.5,1.0,0.13,partly-cloudy-day,rain
2014-02-04,8.88,4.22,8.88,5.54,6.550000000000001,4.660000000000001,5.63,1.12,0.75,5.3,0.42,996.87,12.05,1.0,0.17,wind,rain
2014-02-05,9.64,5.54,9.64,7.01,7.59,4.1000000000000005,5.86,1.03,0.77,7.86,0.73,982.2,10.91,1.0,0.2,wind,rain
2014-02-06,9.81,5.86,9.77,4.13,7.835000000000001,3.95,7.34,1.96,0.82,4.98,0.67,989.9,10.53,1.0,0.24,partly-cloudy-day,rain
2014-02-07,9.81,4.13,8.97,7.03,6.970000000000001,5.680000000000001,8.44,-0.86,0.79,3.98,0.63,988.77,10.85,1.0,0.27,wind,rain
2014-02-08,9.13,6.81,9.01,6.69,7.970000000000001,2.320000000000001,5.67,2.19,0.77,8.53,0.47,979.25,11.2,1.0,0.3,wind,rain
2014-02-09,8.18,4.78,8.18,4.23,6.48,3.3999999999999995,3.91,1.38,0.66,8.05,0.52,984.71,12.71,1.0,0.33,wind,rain
2014-02-10,8.78,4.08,8.78,2.77,6.43,4.699999999999999,7.07,0.89,0.84,1.66,0.55,992.84,11.81,1.0,0.36,partly-cloudy-day,rain
2014-02-11,7.51,2.77,7.51,3.03,5.14,4.74,4.06,-0.57,0.76,4.62,0.41,996.66,12.39,1.0,0.39,wind,rain
2014-02-12,8.83,3.03,8.83,4.14,5.93,5.800000000000001,4.73,-1.2,0.75,7.24,0.59,994.27,11.8,1.0,0.42,wind,rain
2014-02-13,7.37,4.09,7.37,3.47,5.73,3.2800000000000002,3.42,0.05,0.68,5.83,0.36,992.43,13.04,1.0,0.45,partly-cloudy-day,rain
2014-02-14,12.02,3.47,12.02,8.21,7.745,8.549999999999999,12.02,0.45,0.81,6.6,0.67,990.31,11.17,1.0,0.48,wind,rain
2014-02-15,9.9,5.38,9.9,2.34,7.640000000000001,4.5200000000000005,5.79,1.77,0.69,9.96,0.35,988.63,12.38,1.0,0.52,wind,rain
2014-02-16,9.98,2.34,9.98,4.89,6.16,7.640000000000001,7.88,-1.03,0.76,3.34,0.13,1006.7,12.78,2.0,0.55,partly-cloudy-day,rain
2014-02-17,10.67,4.89,10.67,7.64,7.779999999999999,5.78,10.67,2.84,0.83,4.07,0.56,1007.8,10.32,1.0,0.58,partly-cloudy-day,rain
2014-02-18,10.13,5.85,10.13,5.19,7.99,4.280000000000001,10.13,3.83,0.87,3.06,0.57,1008.67,11.49,1.0,0.61,partly-cloudy-day,rain
2014-02-19,10.13,5.19,10.13,8.56,7.66,4.94,10.13,2.65,0.87,3.29,0.64,1011.57,9.95,1.0,0.64,partly-cloudy-day,rain
2014-02-20,12.5,6.34,12.5,3.59,9.42,6.16,12.5,3.95,0.84,5.38,0.61,1001.54,10.61,1.0,0.68,partly-cloudy-day,rain
2014-02-21,10.15,3.59,10.15,4.72,6.87,6.5600000000000005,10.15,0.19,0.72,5.42,0.22,1003.42,13.31,1.0,0.71,partly-cloudy-day,rain
2014-02-22,11.63,4.72,11.63,7.52,8.175,6.910000000000001,11.63,1.59,0.71,4.77,0.25,1009.09,13.07,2.0,0.75,partly-cloudy-day,rain
2014-02-23,11.94,8.67,11.94,7.99,10.305,3.2699999999999996,11.94,5.53,0.76,7.1,0.66,1010.37,12.33,1.0,0.78,wind,rain
2014-02-24,14.23,7.99,14.23,8.25,11.11,6.24,14.23,5.52,0.74,5.02,0.5,1005.19,13.0,1.0,0.82,wind,rain
2014-02-25,11.43,6.79,10.31,4.17,9.11,4.64,11.43,3.89,0.78,5.69,0.62,1000.65,12.09,1.0,0.86,partly-cloudy-day,rain
2014-02-26,11.29,4.17,11.29,6.01,7.7299999999999995,7.119999999999999,11.29,1.67,0.73,3.82,0.26,1012.73,13.0,2.0,0.9,partly-cloudy-day,rain
2014-02-27,10.31,3.93,10.31,3.43,7.12,6.380000000000001,10.31,1.41,0.74,4.14,0.32,1007.02,12.04,2.0,0.93,partly-cloudy-day,rain
2014-02-28,7.35,3.43,7.35,3.05,5.39,3.9199999999999995,4.51,0.82,0.86,2.24,0.67,998.92,10.8,1.0,0.97,partly-cloudy-day,rain
2014-03-01,9.21,3.05,9.21,2.54,6.130000000000001,6.160000000000001,8.76,0.76,0.77,1.64,0.26,1002.5,9.08,2.0,0.01,partly-cloudy-day,rain
2014-03-02,10.05,2.54,10.05,3.18,6.295,7.510000000000001,10.05,0.02,0.83,5.4,0.59,994.35,11.22,1.0,0.05,partly-cloudy-day,rain
2014-03-03,8.08,3.18,8.08,1.4,5.63,4.9,7.36,1.07,0.85,1.33,0.55,985.95,11.97,1.0,0.08,partly-cloudy-day,rain
2014-03-04,9.7,1.4,9.7,1.33,5.55,8.299999999999999,8.29,-0.62,0.79,2.06,0.31,1003.36,11.1,1.0,0.12,partly-cloudy-day,rain
2014-03-05,12.76,1.33,12.76,5.82,7.045,11.43,12.76,0.19,0.73,2.14,0.42,1019.97,13.44,1.0,0.15,partly-cloudy-day,rain
2014-03-06,13.38,5.82,13.38,6.84,9.600000000000001,7.5600000000000005,13.38,3.61,0.78,4.24,0.42,1024.38,11.64,2.0,0.18,partly-cloudy-day,rain
2014-03-07,15.97,6.84,15.97,7.91,11.405000000000001,9.13,15.97,4.54,0.75,2.68,0.41,1023.16,12.34,2.0,0.22,partly-cloudy-day,rain
2014-03-08,15.92,7.91,15.92,7.65,11.915,8.01,15.92,5.48,0.65,3.85,0.23,1025.32,9.85,2.0,0.25,partly-cloudy-day,rain
2014-03-09,18.97,7.65,18.97,5.04,13.309999999999999,11.319999999999999,18.97,7.08,0.58,2.78,0.04,1022.44,10.62,3.0,0.28,partly-cloudy-night,rain
2014-03-10,12.4,5.04,12.4,6.44,8.72,7.36,12.4,4.12,0.76,3.22,0.4,1027.97,11.09,2.0,0.31,partly-cloudy-day,rain
2014-03-11,11.92,6.19,11.92,3.73,9.055,5.7299999999999995,11.92,3.38,0.79,4.26,0.6,1033.4,10.78,1.0,0.34,cloudy,rain
2014-03-12,15.37,3.73,15.37,3.94,9.549999999999999,11.639999999999999,15.37,2.01,0.78,1.97,0.14,1032.22,6.53,3.0,0.37,fog,rain
2014-03-13,17.11,3.94,17.11,4.22,10.525,13.17,17.11,3.94,0.76,0.87,0.05,1030.02,4.15,3.0,0.4,fog,rain
2014-03-14,16.38,4.22,16.38,7.72,10.299999999999999,12.16,16.38,4.22,0.72,2.03,0.04,1027.61,4.91,3.0,0.43,fog,rain
2014-03-15,18.08,7.72,18.08,7.14,12.899999999999999,10.36,18.08,5.01,0.64,4.99,0.21,1026.23,13.78,3.0,0.46,partly-cloudy-day,rain
2014-03-16,18.76,7.14,18.76,6.41,12.950000000000001,11.620000000000001,18.76,4.53,0.64,4.31,0.14,1023.46,14.71,3.0,0.49,partly-cloudy-day,rain
2014-03-17,13.57,6.41,13.57,7.66,9.99,7.16,13.57,4.46,0.76,3.3,0.45,1021.51,11.76,2.0,0.52,partly-cloudy-day,rain
2014-03-18,13.13,7.66,13.13,7.78,10.395,5.470000000000001,13.13,5.58,0.71,5.79,0.58,1016.81,12.12,2.0,0.56,partly-cloudy-day,rain
2014-03-19,15.08,7.48,15.08,7.35,11.280000000000001,7.6,15.08,4.29,0.71,4.82,0.37,1022.08,14.16,2.0,0.59,partly-cloudy-day,rain
2014-03-20,13.36,7.35,13.36,6.93,10.355,6.01,13.36,4.27,0.79,7.16,0.55,1009.89,9.8,2.0,0.62,wind,rain
2014-03-21,12.12,6.93,12.12,4.39,9.524999999999999,5.1899999999999995,12.12,4.33,0.69,5.16,0.32,1005.58,12.44,3.0,0.66,wind,rain
2014-03-22,10.68,4.39,10.68,2.48,7.535,6.29,10.68,0.83,0.7,5.57,0.21,999.2,12.36,3.0,0.7,partly-cloudy-day,rain
2014-03-23,10.08,2.48,10.08,0.12,6.28,7.6,10.08,-0.83,0.7,3.82,0.36,1007.38,12.89,2.0,0.73,partly-cloudy-day,rain
2014-03-24,10.2,0.12,10.2,6.22,5.159999999999999,10.08,10.2,0.12,0.69,2.69,0.37,1012.71,12.31,3.0,0.77,partly-cloudy-day,rain
2014-03-25,8.86,5.66,8.86,2.51,7.26,3.1999999999999993,6.53,3.66,0.78,3.13,0.59,1008.89,11.04,2.0,0.81,partly-cloudy-day,rain
2014-03-26,8.48,2.51,8.48,2.71,5.495,5.970000000000001,6.33,-0.09,0.82,2.49,0.46,1017.28,8.63,2.0,0.84,fog,rain
2014-03-27,10.04,2.71,10.04,3.85,6.375,7.329999999999999,10.04,0.62,0.77,2.36,0.44,1012.88,8.19,3.0,0.88,fog,rain
2014-03-28,12.43,3.85,12.43,7.83,8.14,8.58,12.43,1.69,0.75,3.31,0.19,1014.82,6.24,3.0,0.92,fog,rain
2014-03-29,18.47,7.83,18.47,8.53,13.149999999999999,10.639999999999999,18.47,5.41,0.65,4.19,0.08,1014.25,8.59,4.0,0.96,clear-day,rain
2014-03-30,19.82,8.53,19.82,10.98,14.175,11.290000000000001,19.82,8.14,0.62,2.18,0.31,1013.04,11.56,3.0,0.99,partly-cloudy-day,rain
