model,Acorn,DateTime,Conso_moy_predict
ridge,ACORN-E,2014-01-13 00:00:00,0.23506012404803947
ridge,ACORN-E,2014-01-13 00:30:00,0.23351392171152635
ridge,ACORN-E,2014-01-13 01:00:00,0.2264627677960725
ridge,ACORN-E,2014-01-13 01:30:00,0.21292934260218227
ridge,ACORN-E,2014-01-13 02:00:00,0.1948222523656544
ridge,ACORN-E,2014-01-13 02:30:00,0.17825287678598406
ridge,ACORN-E,2014-01-13 03:00:00,0.16415854293646703
ridge,ACORN-E,2014-01-13 03:30:00,0.1542576433400367
ridge,ACORN-E,2014-01-13 04:00:00,0.1455741649589199
ridge,ACORN-E,2014-01-13 04:30:00,0.14054887650430323
ridge,ACORN-E,2014-01-13 05:00:00,0.13763698362582966
ridge,ACORN-E,2014-01-13 05:30:00,0.13976906547090234
ridge,ACORN-E,2014-01-13 06:00:00,0.1439649375530176
ridge,ACORN-E,2014-01-13 06:30:00,0.1534115442029504
ridge,ACORN-E,2014-01-13 07:00:00,0.16506439546586385
ridge,ACORN-E,2014-01-13 07:30:00,0.18257844725797961
ridge,ACORN-E,2014-01-13 08:00:00,0.20391056383729095
ridge,ACORN-E,2014-01-13 08:30:00,0.22841821117871267
ridge,ACORN-E,2014-01-13 09:00:00,0.2533070122506581
ridge,ACORN-E,2014-01-13 09:30:00,0.27354953102411084
ridge,ACORN-E,2014-01-13 10:00:00,0.2836253004403492
ridge,ACORN-E,2014-01-13 10:30:00,0.28323812238857315
ridge,ACORN-E,2014-01-13 11:00:00,0.27873614058377216
ridge,ACORN-E,2014-01-13 11:30:00,0.2711755205477711
ridge,ACORN-E,2014-01-13 12:00:00,0.26562101487012385
ridge,ACORN-E,2014-01-13 12:30:00,0.2642535640933124
ridge,ACORN-E,2014-01-13 13:00:00,0.26597695817500494
ridge,ACORN-E,2014-01-13 13:30:00,0.2686207875341544
ridge,ACORN-E,2014-01-13 14:00:00,0.27230627443259603
ridge,ACORN-E,2014-01-13 14:30:00,0.2772551129223887
ridge,ACORN-E,2014-01-13 15:00:00,0.277789641514206
ridge,ACORN-E,2014-01-13 15:30:00,0.28276091141719883
ridge,ACORN-E,2014-01-13 16:00:00,0.2920136990928295
ridge,ACORN-E,2014-01-13 16:30:00,0.30888233541818655
ridge,ACORN-E,2014-01-13 17:00:00,0.32703998281385815
ridge,ACORN-E,2014-01-13 17:30:00,0.3495266124508788
ridge,ACORN-E,2014-01-13 18:00:00,0.37134718099196273
ridge,ACORN-E,2014-01-13 18:30:00,0.3911347647716516
ridge,ACORN-E,2014-01-13 19:00:00,0.4055455803440242
ridge,ACORN-E,2014-01-13 19:30:00,0.4152851476403873
ridge,ACORN-E,2014-01-13 20:00:00,0.4158893801714434
ridge,ACORN-E,2014-01-13 20:30:00,0.4088631353783456
ridge,ACORN-E,2014-01-13 21:00:00,0.3937410331911577
ridge,ACORN-E,2014-01-13 21:30:00,0.37456302187998314
ridge,ACORN-E,2014-01-13 22:00:00,0.34994629544994554
ridge,ACORN-E,2014-01-13 22:30:00,0.32834540406704393
ridge,ACORN-E,2014-01-13 23:00:00,0.30102043026078235
ridge,ACORN-E,2014-01-13 23:30:00,0.26621245689316775
ridge,ACORN-E,2014-01-14 00:00:00,0.24251008971292023
ridge,ACORN-E,2014-01-14 00:30:00,0.22854193217608218
ridge,ACORN-E,2014-01-14 01:00:00,0.21620300641164866
ridge,ACORN-E,2014-01-14 01:30:00,0.2033468847494546
ridge,ACORN-E,2014-01-14 02:00:00,0.1880454721273676
ridge,ACORN-E,2014-01-14 02:30:00,0.173925571937503
ridge,ACORN-E,2014-01-14 03:00:00,0.16060324398564677
ridge,ACORN-E,2014-01-14 03:30:00,0.15009966338197706
ridge,ACORN-E,2014-01-14 04:00:00,0.14138301986381527
ridge,ACORN-E,2014-01-14 04:30:00,0.13728007464241995
ridge,ACORN-E,2014-01-14 05:00:00,0.1340853708088976
ridge,ACORN-E,2014-01-14 05:30:00,0.1351794196537277
ridge,ACORN-E,2014-01-14 06:00:00,0.1386684379477142
ridge,ACORN-E,2014-01-14 06:30:00,0.1484549445170042
ridge,ACORN-E,2014-01-14 07:00:00,0.1625086841480573
ridge,ACORN-E,2014-01-14 07:30:00,0.18371635868003255
ridge,ACORN-E,2014-01-14 08:00:00,0.20601509872414578
ridge,ACORN-E,2014-01-14 08:30:00,0.22827995922629163
ridge,ACORN-E,2014-01-14 09:00:00,0.24951801616264183
ridge,ACORN-E,2014-01-14 09:30:00,0.26498236003376974
ridge,ACORN-E,2014-01-14 10:00:00,0.27365109758657324
ridge,ACORN-E,2014-01-14 10:30:00,0.2768732993009578
ridge,ACORN-E,2014-01-14 11:00:00,0.27512269548215623
ridge,ACORN-E,2014-01-14 11:30:00,0.27059557875584683
ridge,ACORN-E,2014-01-14 12:00:00,0.26403822600037186
ridge,ACORN-E,2014-01-14 12:30:00,0.2592401531949218
ridge,ACORN-E,2014-01-14 13:00:00,0.2552353376444271
ridge,ACORN-E,2014-01-14 13:30:00,0.2526990106779175
ridge,ACORN-E,2014-01-14 14:00:00,0.25126915581963233
ridge,ACORN-E,2014-01-14 14:30:00,0.2514250926204471
ridge,ACORN-E,2014-01-14 15:00:00,0.25022555594434975
ridge,ACORN-E,2014-01-14 15:30:00,0.25278181909867437
ridge,ACORN-E,2014-01-14 16:00:00,0.2586576925363135
ridge,ACORN-E,2014-01-14 16:30:00,0.27167351211104257
ridge,ACORN-E,2014-01-14 17:00:00,0.2891379099614456
ridge,ACORN-E,2014-01-14 17:30:00,0.3105242223307736
ridge,ACORN-E,2014-01-14 18:00:00,0.3352289441639184
ridge,ACORN-E,2014-01-14 18:30:00,0.3597064133444907
ridge,ACORN-E,2014-01-14 19:00:00,0.3782535420371371
ridge,ACORN-E,2014-01-14 19:30:00,0.39147820863649363
ridge,ACORN-E,2014-01-14 20:00:00,0.39513089898117165
ridge,ACORN-E,2014-01-14 20:30:00,0.38952066662513757
ridge,ACORN-E,2014-01-14 21:00:00,0.37725287236256744
ridge,ACORN-E,2014-01-14 21:30:00,0.3620165275299084
ridge,ACORN-E,2014-01-14 22:00:00,0.3428952508594506
ridge,ACORN-E,2014-01-14 22:30:00,0.3222369283041681
ridge,ACORN-E,2014-01-14 23:00:00,0.29833798026538444
ridge,ACORN-E,2014-01-14 23:30:00,0.26786220822099055
ridge,ACORN-F,2014-01-13 00:00:00,0.20523329070020127
ridge,ACORN-F,2014-01-13 00:30:00,0.1902598689660401
ridge,ACORN-F,2014-01-13 01:00:00,0.17472519760951039
ridge,ACORN-F,2014-01-13 01:30:00,0.158763261586994
ridge,ACORN-F,2014-01-13 02:00:00,0.14317540360176814
ridge,ACORN-F,2014-01-13 02:30:00,0.1310537474404778
ridge,ACORN-F,2014-01-13 03:00:00,0.12147515346836461
ridge,ACORN-F,2014-01-13 03:30:00,0.11544521728710509
ridge,ACORN-F,2014-01-13 04:00:00,0.11167839941230925
ridge,ACORN-F,2014-01-13 04:30:00,0.10948573856493725
ridge,ACORN-F,2014-01-13 05:00:00,0.10851720013966878
ridge,ACORN-F,2014-01-13 05:30:00,0.11110811956169139
ridge,ACORN-F,2014-01-13 06:00:00,0.11551041404043454
ridge,ACORN-F,2014-01-13 06:30:00,0.12760609927137306
ridge,ACORN-F,2014-01-13 07:00:00,0.14365847072861349
ridge,ACORN-F,2014-01-13 07:30:00,0.16575144290415428
ridge,ACORN-F,2014-01-13 08:00:00,0.1884904517289533
ridge,ACORN-F,2014-01-13 08:30:00,0.21180522931859833
ridge,ACORN-F,2014-01-13 09:00:00,0.23048521682028134
ridge,ACORN-F,2014-01-13 09:30:00,0.24151877309064546
ridge,ACORN-F,2014-01-13 10:00:00,0.24722836713093568
ridge,ACORN-F,2014-01-13 10:30:00,0.25290563609388955
ridge,ACORN-F,2014-01-13 11:00:00,0.2544434139768411
ridge,ACORN-F,2014-01-13 11:30:00,0.2564952354065047
ridge,ACORN-F,2014-01-13 12:00:00,0.25431272649273406
ridge,ACORN-F,2014-01-13 12:30:00,0.2542888397224402
ridge,ACORN-F,2014-01-13 13:00:00,0.25739832310754673
ridge,ACORN-F,2014-01-13 13:30:00,0.2582047378821401
ridge,ACORN-F,2014-01-13 14:00:00,0.26292807765878506
ridge,ACORN-F,2014-01-13 14:30:00,0.26918597301118385
ridge,ACORN-F,2014-01-13 15:00:00,0.27584748849837437
ridge,ACORN-F,2014-01-13 15:30:00,0.28337365076293247
ridge,ACORN-F,2014-01-13 16:00:00,0.29002204245051433
ridge,ACORN-F,2014-01-13 16:30:00,0.3011641116123658
ridge,ACORN-F,2014-01-13 17:00:00,0.31288092792910926
ridge,ACORN-F,2014-01-13 17:30:00,0.3246667286697688
ridge,ACORN-F,2014-01-13 18:00:00,0.3354505569372821
ridge,ACORN-F,2014-01-13 18:30:00,0.3455524145261071
ridge,ACORN-F,2014-01-13 19:00:00,0.35216875001810066
ridge,ACORN-F,2014-01-13 19:30:00,0.3547053744210227
ridge,ACORN-F,2014-01-13 20:00:00,0.3502313768378602
ridge,ACORN-F,2014-01-13 20:30:00,0.3458041685555817
ridge,ACORN-F,2014-01-13 21:00:00,0.3355993675322846
ridge,ACORN-F,2014-01-13 21:30:00,0.3227963903489298
ridge,ACORN-F,2014-01-13 22:00:00,0.3021090200882588
ridge,ACORN-F,2014-01-13 22:30:00,0.281243249253702
ridge,ACORN-F,2014-01-13 23:00:00,0.257361857430683
ridge,ACORN-F,2014-01-13 23:30:00,0.23214960648702393
ridge,ACORN-F,2014-01-14 00:00:00,0.20836111325219234
ridge,ACORN-F,2014-01-14 00:30:00,0.18737310094942172
ridge,ACORN-F,2014-01-14 01:00:00,0.16800733915945731
ridge,ACORN-F,2014-01-14 01:30:00,0.15110561700450367
ridge,ACORN-F,2014-01-14 02:00:00,0.13599894974102503
ridge,ACORN-F,2014-01-14 02:30:00,0.12439108695923357
ridge,ACORN-F,2014-01-14 03:00:00,0.11515861457317887
ridge,ACORN-F,2014-01-14 03:30:00,0.10988618023350986
ridge,ACORN-F,2014-01-14 04:00:00,0.10625387366680536
ridge,ACORN-F,2014-01-14 04:30:00,0.10559918355808572
ridge,ACORN-F,2014-01-14 05:00:00,0.10579516144689247
ridge,ACORN-F,2014-01-14 05:30:00,0.10927279487840111
ridge,ACORN-F,2014-01-14 06:00:00,0.11427318734541214
ridge,ACORN-F,2014-01-14 06:30:00,0.12489526993522815
ridge,ACORN-F,2014-01-14 07:00:00,0.14246261883013994
ridge,ACORN-F,2014-01-14 07:30:00,0.16535887724664047
ridge,ACORN-F,2014-01-14 08:00:00,0.18935041729893382
ridge,ACORN-F,2014-01-14 08:30:00,0.2099883754748604
ridge,ACORN-F,2014-01-14 09:00:00,0.22483463709778537
ridge,ACORN-F,2014-01-14 09:30:00,0.23437206711858102
ridge,ACORN-F,2014-01-14 10:00:00,0.239362764173217
ridge,ACORN-F,2014-01-14 10:30:00,0.24111835528327186
ridge,ACORN-F,2014-01-14 11:00:00,0.24187286843266928
ridge,ACORN-F,2014-01-14 11:30:00,0.24299021755087274
ridge,ACORN-F,2014-01-14 12:00:00,0.24076896193197686
ridge,ACORN-F,2014-01-14 12:30:00,0.23834098042891877
ridge,ACORN-F,2014-01-14 13:00:00,0.23644658071718216
ridge,ACORN-F,2014-01-14 13:30:00,0.23549206167217226
ridge,ACORN-F,2014-01-14 14:00:00,0.2343754642973161
ridge,ACORN-F,2014-01-14 14:30:00,0.2371047345575692
ridge,ACORN-F,2014-01-14 15:00:00,0.23999094785185682
ridge,ACORN-F,2014-01-14 15:30:00,0.24575901201845385
ridge,ACORN-F,2014-01-14 16:00:00,0.25231530411991043
ridge,ACORN-F,2014-01-14 16:30:00,0.2648048123265938
ridge,ACORN-F,2014-01-14 17:00:00,0.27927411338323177
ridge,ACORN-F,2014-01-14 17:30:00,0.2958575045471533
ridge,ACORN-F,2014-01-14 18:00:00,0.3111240502537917
ridge,ACORN-F,2014-01-14 18:30:00,0.323253355172493
ridge,ACORN-F,2014-01-14 19:00:00,0.33261554725308057
ridge,ACORN-F,2014-01-14 19:30:00,0.3388848538763729
ridge,ACORN-F,2014-01-14 20:00:00,0.3380991603387516
ridge,ACORN-F,2014-01-14 20:30:00,0.3326708955814356
ridge,ACORN-F,2014-01-14 21:00:00,0.3230852503799865
ridge,ACORN-F,2014-01-14 21:30:00,0.311341032907261
ridge,ACORN-F,2014-01-14 22:00:00,0.2975303541803571
ridge,ACORN-F,2014-01-14 22:30:00,0.2799730592859352
ridge,ACORN-F,2014-01-14 23:00:00,0.2577488994519524
ridge,ACORN-F,2014-01-14 23:30:00,0.23240608220324555
ridge,ACORN-Q,2014-01-13 00:00:00,0.17282031031122935
ridge,ACORN-Q,2014-01-13 00:30:00,0.1680628693190973
ridge,ACORN-Q,2014-01-13 01:00:00,0.15742651833856486
ridge,ACORN-Q,2014-01-13 01:30:00,0.1430105593575909
ridge,ACORN-Q,2014-01-13 02:00:00,0.12916211279947776
ridge,ACORN-Q,2014-01-13 02:30:00,0.11768378146675804
ridge,ACORN-Q,2014-01-13 03:00:00,0.10679178395319017
ridge,ACORN-Q,2014-01-13 03:30:00,0.09882806143461656
ridge,ACORN-Q,2014-01-13 04:00:00,0.09184079547135938
ridge,ACORN-Q,2014-01-13 04:30:00,0.08813326307389238
ridge,ACORN-Q,2014-01-13 05:00:00,0.08713055711951818
ridge,ACORN-Q,2014-01-13 05:30:00,0.09095891874290533
ridge,ACORN-Q,2014-01-13 06:00:00,0.0953332408640658
ridge,ACORN-Q,2014-01-13 06:30:00,0.10093991959744708
ridge,ACORN-Q,2014-01-13 07:00:00,0.10633430407628815
ridge,ACORN-Q,2014-01-13 07:30:00,0.11308732745461146
ridge,ACORN-Q,2014-01-13 08:00:00,0.12514496100302286
ridge,ACORN-Q,2014-01-13 08:30:00,0.1414767776870234
ridge,ACORN-Q,2014-01-13 09:00:00,0.15573901315090483
ridge,ACORN-Q,2014-01-13 09:30:00,0.16738794440110516
ridge,ACORN-Q,2014-01-13 10:00:00,0.17730566247923635
ridge,ACORN-Q,2014-01-13 10:30:00,0.1855305840023501
ridge,ACORN-Q,2014-01-13 11:00:00,0.1903529529725596
ridge,ACORN-Q,2014-01-13 11:30:00,0.19109423302354353
ridge,ACORN-Q,2014-01-13 12:00:00,0.19094705420416133
ridge,ACORN-Q,2014-01-13 12:30:00,0.19227317348947165
ridge,ACORN-Q,2014-01-13 13:00:00,0.19262301020495526
ridge,ACORN-Q,2014-01-13 13:30:00,0.19476773319553237
ridge,ACORN-Q,2014-01-13 14:00:00,0.1998624710484267
ridge,ACORN-Q,2014-01-13 14:30:00,0.2040725128188604
ridge,ACORN-Q,2014-01-13 15:00:00,0.20343736890556405
ridge,ACORN-Q,2014-01-13 15:30:00,0.20361906989438885
ridge,ACORN-Q,2014-01-13 16:00:00,0.20672522248952663
ridge,ACORN-Q,2014-01-13 16:30:00,0.21542472102101262
ridge,ACORN-Q,2014-01-13 17:00:00,0.22664050502806327
ridge,ACORN-Q,2014-01-13 17:30:00,0.23987773605320073
ridge,ACORN-Q,2014-01-13 18:00:00,0.253436628911226
ridge,ACORN-Q,2014-01-13 18:30:00,0.26340556923555075
ridge,ACORN-Q,2014-01-13 19:00:00,0.26873301211842754
ridge,ACORN-Q,2014-01-13 19:30:00,0.2690134134074642
ridge,ACORN-Q,2014-01-13 20:00:00,0.2646735377754166
ridge,ACORN-Q,2014-01-13 20:30:00,0.2555316467200568
ridge,ACORN-Q,2014-01-13 21:00:00,0.2424262185649354
ridge,ACORN-Q,2014-01-13 21:30:00,0.2329545837193625
ridge,ACORN-Q,2014-01-13 22:00:00,0.22313168379274445
ridge,ACORN-Q,2014-01-13 22:30:00,0.21325580656479157
ridge,ACORN-Q,2014-01-13 23:00:00,0.2001289086706993
ridge,ACORN-Q,2014-01-13 23:30:00,0.18262999023407744
ridge,ACORN-Q,2014-01-14 00:00:00,0.16720022302562948
ridge,ACORN-Q,2014-01-14 00:30:00,0.15572562696306008
ridge,ACORN-Q,2014-01-14 01:00:00,0.145239923611469
ridge,ACORN-Q,2014-01-14 01:30:00,0.13502628165961877
ridge,ACORN-Q,2014-01-14 02:00:00,0.12371357229805041
ridge,ACORN-Q,2014-01-14 02:30:00,0.11264801068786892
ridge,ACORN-Q,2014-01-14 03:00:00,0.10294751511329137
ridge,ACORN-Q,2014-01-14 03:30:00,0.0952105585532296
ridge,ACORN-Q,2014-01-14 04:00:00,0.08881034766530949
ridge,ACORN-Q,2014-01-14 04:30:00,0.08551154183668791
ridge,ACORN-Q,2014-01-14 05:00:00,0.08464572136018932
ridge,ACORN-Q,2014-01-14 05:30:00,0.0872899511104656
ridge,ACORN-Q,2014-01-14 06:00:00,0.0906004008096705
ridge,ACORN-Q,2014-01-14 06:30:00,0.09686853043534069
ridge,ACORN-Q,2014-01-14 07:00:00,0.10529965547495282
ridge,ACORN-Q,2014-01-14 07:30:00,0.11519305086045745
ridge,ACORN-Q,2014-01-14 08:00:00,0.12554239198105693
ridge,ACORN-Q,2014-01-14 08:30:00,0.13967442123273194
ridge,ACORN-Q,2014-01-14 09:00:00,0.15208624027908546
ridge,ACORN-Q,2014-01-14 09:30:00,0.16380268764504174
ridge,ACORN-Q,2014-01-14 10:00:00,0.17366191287647237
ridge,ACORN-Q,2014-01-14 10:30:00,0.1814236639744069
ridge,ACORN-Q,2014-01-14 11:00:00,0.18636620626943315
ridge,ACORN-Q,2014-01-14 11:30:00,0.18734211424436645
ridge,ACORN-Q,2014-01-14 12:00:00,0.18494179713280243
ridge,ACORN-Q,2014-01-14 12:30:00,0.18110514838213748
ridge,ACORN-Q,2014-01-14 13:00:00,0.17848317845581263
ridge,ACORN-Q,2014-01-14 13:30:00,0.17772050820214166
ridge,ACORN-Q,2014-01-14 14:00:00,0.177909951046884
ridge,ACORN-Q,2014-01-14 14:30:00,0.17999040251880466
ridge,ACORN-Q,2014-01-14 15:00:00,0.18200117171150082
ridge,ACORN-Q,2014-01-14 15:30:00,0.18465720126569268
ridge,ACORN-Q,2014-01-14 16:00:00,0.18680459676454536
ridge,ACORN-Q,2014-01-14 16:30:00,0.1958009593521192
ridge,ACORN-Q,2014-01-14 17:00:00,0.2063047471319649
ridge,ACORN-Q,2014-01-14 17:30:00,0.22142859919449698
ridge,ACORN-Q,2014-01-14 18:00:00,0.23598572114085503
ridge,ACORN-Q,2014-01-14 18:30:00,0.24835631596591567
ridge,ACORN-Q,2014-01-14 19:00:00,0.25589645479125056
ridge,ACORN-Q,2014-01-14 19:30:00,0.2577572522556789
ridge,ACORN-Q,2014-01-14 20:00:00,0.25553039725054943
ridge,ACORN-Q,2014-01-14 20:30:00,0.2498433254785083
ridge,ACORN-Q,2014-01-14 21:00:00,0.23802447883035216
ridge,ACORN-Q,2014-01-14 21:30:00,0.22586596694172828
ridge,ACORN-Q,2014-01-14 22:00:00,0.21562873128806787
ridge,ACORN-Q,2014-01-14 22:30:00,0.2065273242378735
ridge,ACORN-Q,2014-01-14 23:00:00,0.19528248302015694
ridge,ACORN-Q,2014-01-14 23:30:00,0.1811077443614174
xgboost,ACORN-E,2014-01-13 00:00:00,0.25625401735305786
xgboost,ACORN-E,2014-01-13 00:30:00,0.234968900680542
xgboost,ACORN-E,2014-01-13 01:00:00,0.2125062495470047
xgboost,ACORN-E,2014-01-13 01:30:00,0.1884765625
xgboost,ACORN-E,2014-01-13 02:00:00,0.17428818345069885
xgboost,ACORN-E,2014-01-13 02:30:00,0.1640031635761261
xgboost,ACORN-E,2014-01-13 03:00:00,0.1577562391757965
xgboost,ACORN-E,2014-01-13 03:30:00,0.14972923696041107
xgboost,ACORN-E,2014-01-13 04:00:00,0.14290454983711243
xgboost,ACORN-E,2014-01-13 04:30:00,0.14053213596343994
xgboost,ACORN-E,2014-01-13 05:00:00,0.1408613622188568
xgboost,ACORN-E,2014-01-13 05:30:00,0.14754149317741394
xgboost,ACORN-E,2014-01-13 06:00:00,0.15898317098617554
xgboost,ACORN-E,2014-01-13 06:30:00,0.17431798577308655
xgboost,ACORN-E,2014-01-13 07:00:00,0.18782943487167358
xgboost,ACORN-E,2014-01-13 07:30:00,0.20677565038204193
xgboost,ACORN-E,2014-01-13 08:00:00,0.21964721381664276
xgboost,ACORN-E,2014-01-13 08:30:00,0.2296055257320404
xgboost,ACORN-E,2014-01-13 09:00:00,0.2402581125497818
xgboost,ACORN-E,2014-01-13 09:30:00,0.24831420183181763
xgboost,ACORN-E,2014-01-13 10:00:00,0.25280579924583435
xgboost,ACORN-E,2014-01-13 10:30:00,0.2534427344799042
xgboost,ACORN-E,2014-01-13 11:00:00,0.2528957426548004
xgboost,ACORN-E,2014-01-13 11:30:00,0.2507094144821167
xgboost,ACORN-E,2014-01-13 12:00:00,0.2494381070137024
xgboost,ACORN-E,2014-01-13 12:30:00,0.24903440475463867
xgboost,ACORN-E,2014-01-13 13:00:00,0.24876752495765686
xgboost,ACORN-E,2014-01-13 13:30:00,0.2484390288591385
xgboost,ACORN-E,2014-01-13 14:00:00,0.24881701171398163
xgboost,ACORN-E,2014-01-13 14:30:00,0.24922586977481842
xgboost,ACORN-E,2014-01-13 15:00:00,0.2520158588886261
xgboost,ACORN-E,2014-01-13 15:30:00,0.26180335879325867
xgboost,ACORN-E,2014-01-13 16:00:00,0.2782539129257202
xgboost,ACORN-E,2014-01-13 16:30:00,0.304251492023468
xgboost,ACORN-E,2014-01-13 17:00:00,0.33563974499702454
xgboost,ACORN-E,2014-01-13 17:30:00,0.3671565353870392
xgboost,ACORN-E,2014-01-13 18:00:00,0.38703230023384094
xgboost,ACORN-E,2014-01-13 18:30:00,0.412559449672699
xgboost,ACORN-E,2014-01-13 19:00:00,0.42334309220314026
xgboost,ACORN-E,2014-01-13 19:30:00,0.4416751265525818
xgboost,ACORN-E,2014-01-13 20:00:00,0.43473225831985474
xgboost,ACORN-E,2014-01-13 20:30:00,0.42690861225128174
xgboost,ACORN-E,2014-01-13 21:00:00,0.4106074571609497
xgboost,ACORN-E,2014-01-13 21:30:00,0.38506409525871277
xgboost,ACORN-E,2014-01-13 22:00:00,0.3521118462085724
xgboost,ACORN-E,2014-01-13 22:30:00,0.32822588086128235
xgboost,ACORN-E,2014-01-13 23:00:00,0.29026851058006287
xgboost,ACORN-E,2014-01-13 23:30:00,0.25366100668907166
xgboost,ACORN-E,2014-01-14 00:00:00,0.2585740387439728
xgboost,ACORN-E,2014-01-14 00:30:00,0.23560473322868347
xgboost,ACORN-E,2014-01-14 01:00:00,0.21104590594768524
xgboost,ACORN-E,2014-01-14 01:30:00,0.18736229836940765
xgboost,ACORN-E,2014-01-14 02:00:00,0.1714116483926773
xgboost,ACORN-E,2014-01-14 02:30:00,0.1606624275445938
xgboost,ACORN-E,2014-01-14 03:00:00,0.15240991115570068
xgboost,ACORN-E,2014-01-14 03:30:00,0.14412586390972137
xgboost,ACORN-E,2014-01-14 04:00:00,0.13848832249641418
xgboost,ACORN-E,2014-01-14 04:30:00,0.14196830987930298
xgboost,ACORN-E,2014-01-14 05:00:00,0.14094030857086182
xgboost,ACORN-E,2014-01-14 05:30:00,0.14834673702716827
xgboost,ACORN-E,2014-01-14 06:00:00,0.1608504205942154
xgboost,ACORN-E,2014-01-14 06:30:00,0.17871946096420288
xgboost,ACORN-E,2014-01-14 07:00:00,0.2031046450138092
xgboost,ACORN-E,2014-01-14 07:30:00,0.22896888852119446
xgboost,ACORN-E,2014-01-14 08:00:00,0.24463830888271332
xgboost,ACORN-E,2014-01-14 08:30:00,0.2528834939002991
xgboost,ACORN-E,2014-01-14 09:00:00,0.25225433707237244
xgboost,ACORN-E,2014-01-14 09:30:00,0.25190213322639465
xgboost,ACORN-E,2014-01-14 10:00:00,0.25046995282173157
xgboost,ACORN-E,2014-01-14 10:30:00,0.24999217689037323
xgboost,ACORN-E,2014-01-14 11:00:00,0.2508162260055542
xgboost,ACORN-E,2014-01-14 11:30:00,0.25138136744499207
xgboost,ACORN-E,2014-01-14 12:00:00,0.25020089745521545
xgboost,ACORN-E,2014-01-14 12:30:00,0.24957124888896942
xgboost,ACORN-E,2014-01-14 13:00:00,0.248699352145195
xgboost,ACORN-E,2014-01-14 13:30:00,0.24690957367420197
xgboost,ACORN-E,2014-01-14 14:00:00,0.24483834207057953
xgboost,ACORN-E,2014-01-14 14:30:00,0.2443147599697113
xgboost,ACORN-E,2014-01-14 15:00:00,0.24470774829387665
xgboost,ACORN-E,2014-01-14 15:30:00,0.2550894021987915
xgboost,ACORN-E,2014-01-14 16:00:00,0.26922085881233215
xgboost,ACORN-E,2014-01-14 16:30:00,0.2912275791168213
xgboost,ACORN-E,2014-01-14 17:00:00,0.32076382637023926
xgboost,ACORN-E,2014-01-14 17:30:00,0.35212796926498413
xgboost,ACORN-E,2014-01-14 18:00:00,0.37177202105522156
xgboost,ACORN-E,2014-01-14 18:30:00,0.39473506808280945
xgboost,ACORN-E,2014-01-14 19:00:00,0.4111526906490326
xgboost,ACORN-E,2014-01-14 19:30:00,0.42060190439224243
xgboost,ACORN-E,2014-01-14 20:00:00,0.41202107071876526
xgboost,ACORN-E,2014-01-14 20:30:00,0.4080216884613037
xgboost,ACORN-E,2014-01-14 21:00:00,0.39885422587394714
xgboost,ACORN-E,2014-01-14 21:30:00,0.3787709176540375
xgboost,ACORN-E,2014-01-14 22:00:00,0.3549843728542328
xgboost,ACORN-E,2014-01-14 22:30:00,0.3351374566555023
xgboost,ACORN-E,2014-01-14 23:00:00,0.29842010140419006
xgboost,ACORN-E,2014-01-14 23:30:00,0.2606329321861267
xgboost,ACORN-F,2014-01-13 00:00:00,0.19308598339557648
xgboost,ACORN-F,2014-01-13 00:30:00,0.1723492294549942
xgboost,ACORN-F,2014-01-13 01:00:00,0.15459562838077545
xgboost,ACORN-F,2014-01-13 01:30:00,0.13948874175548553
xgboost,ACORN-F,2014-01-13 02:00:00,0.12584376335144043
xgboost,ACORN-F,2014-01-13 02:30:00,0.11895310878753662
xgboost,ACORN-F,2014-01-13 03:00:00,0.11335236579179764
xgboost,ACORN-F,2014-01-13 03:30:00,0.10836794972419739
xgboost,ACORN-F,2014-01-13 04:00:00,0.10595080256462097
xgboost,ACORN-F,2014-01-13 04:30:00,0.10634869337081909
xgboost,ACORN-F,2014-01-13 05:00:00,0.10777842998504639
xgboost,ACORN-F,2014-01-13 05:30:00,0.1160106286406517
xgboost,ACORN-F,2014-01-13 06:00:00,0.12730318307876587
xgboost,ACORN-F,2014-01-13 06:30:00,0.14655783772468567
xgboost,ACORN-F,2014-01-13 07:00:00,0.16523438692092896
xgboost,ACORN-F,2014-01-13 07:30:00,0.18678931891918182
xgboost,ACORN-F,2014-01-13 08:00:00,0.2029523402452469
xgboost,ACORN-F,2014-01-13 08:30:00,0.21487565338611603
xgboost,ACORN-F,2014-01-13 09:00:00,0.21752206981182098
xgboost,ACORN-F,2014-01-13 09:30:00,0.21832747757434845
xgboost,ACORN-F,2014-01-13 10:00:00,0.22080576419830322
xgboost,ACORN-F,2014-01-13 10:30:00,0.22227834165096283
xgboost,ACORN-F,2014-01-13 11:00:00,0.22370287775993347
xgboost,ACORN-F,2014-01-13 11:30:00,0.22548601031303406
xgboost,ACORN-F,2014-01-13 12:00:00,0.21847498416900635
xgboost,ACORN-F,2014-01-13 12:30:00,0.21630170941352844
xgboost,ACORN-F,2014-01-13 13:00:00,0.2198818475008011
xgboost,ACORN-F,2014-01-13 13:30:00,0.2214062660932541
xgboost,ACORN-F,2014-01-13 14:00:00,0.22436091303825378
xgboost,ACORN-F,2014-01-13 14:30:00,0.22697000205516815
xgboost,ACORN-F,2014-01-13 15:00:00,0.22973555326461792
xgboost,ACORN-F,2014-01-13 15:30:00,0.24032962322235107
xgboost,ACORN-F,2014-01-13 16:00:00,0.2542894184589386
xgboost,ACORN-F,2014-01-13 16:30:00,0.2811719477176666
xgboost,ACORN-F,2014-01-13 17:00:00,0.3077169358730316
xgboost,ACORN-F,2014-01-13 17:30:00,0.33550938963890076
xgboost,ACORN-F,2014-01-13 18:00:00,0.35307806730270386
xgboost,ACORN-F,2014-01-13 18:30:00,0.3640812635421753
xgboost,ACORN-F,2014-01-13 19:00:00,0.3675461709499359
xgboost,ACORN-F,2014-01-13 19:30:00,0.3637579083442688
xgboost,ACORN-F,2014-01-13 20:00:00,0.3514575660228729
xgboost,ACORN-F,2014-01-13 20:30:00,0.3452708125114441
xgboost,ACORN-F,2014-01-13 21:00:00,0.3314310312271118
xgboost,ACORN-F,2014-01-13 21:30:00,0.3190167546272278
xgboost,ACORN-F,2014-01-13 22:00:00,0.29683440923690796
xgboost,ACORN-F,2014-01-13 22:30:00,0.27574896812438965
xgboost,ACORN-F,2014-01-13 23:00:00,0.2495340257883072
xgboost,ACORN-F,2014-01-13 23:30:00,0.21987752616405487
xgboost,ACORN-F,2014-01-14 00:00:00,0.19326168298721313
xgboost,ACORN-F,2014-01-14 00:30:00,0.1711607724428177
xgboost,ACORN-F,2014-01-14 01:00:00,0.15294890105724335
xgboost,ACORN-F,2014-01-14 01:30:00,0.13936085999011993
xgboost,ACORN-F,2014-01-14 02:00:00,0.12527942657470703
xgboost,ACORN-F,2014-01-14 02:30:00,0.11704590171575546
xgboost,ACORN-F,2014-01-14 03:00:00,0.11029621958732605
xgboost,ACORN-F,2014-01-14 03:30:00,0.10579202324151993
xgboost,ACORN-F,2014-01-14 04:00:00,0.10411097854375839
xgboost,ACORN-F,2014-01-14 04:30:00,0.10585369169712067
xgboost,ACORN-F,2014-01-14 05:00:00,0.10861408710479736
xgboost,ACORN-F,2014-01-14 05:30:00,0.11793503165245056
xgboost,ACORN-F,2014-01-14 06:00:00,0.12982408702373505
xgboost,ACORN-F,2014-01-14 06:30:00,0.15105777978897095
xgboost,ACORN-F,2014-01-14 07:00:00,0.17604632675647736
xgboost,ACORN-F,2014-01-14 07:30:00,0.2025178074836731
xgboost,ACORN-F,2014-01-14 08:00:00,0.22161675989627838
xgboost,ACORN-F,2014-01-14 08:30:00,0.23042333126068115
xgboost,ACORN-F,2014-01-14 09:00:00,0.2285037636756897
xgboost,ACORN-F,2014-01-14 09:30:00,0.22741162776947021
xgboost,ACORN-F,2014-01-14 10:00:00,0.22492283582687378
xgboost,ACORN-F,2014-01-14 10:30:00,0.22278639674186707
xgboost,ACORN-F,2014-01-14 11:00:00,0.22381548583507538
xgboost,ACORN-F,2014-01-14 11:30:00,0.22531522810459137
xgboost,ACORN-F,2014-01-14 12:00:00,0.22193680703639984
xgboost,ACORN-F,2014-01-14 12:30:00,0.21948717534542084
xgboost,ACORN-F,2014-01-14 13:00:00,0.21941585838794708
xgboost,ACORN-F,2014-01-14 13:30:00,0.21799519658088684
xgboost,ACORN-F,2014-01-14 14:00:00,0.21782563626766205
xgboost,ACORN-F,2014-01-14 14:30:00,0.2194250375032425
xgboost,ACORN-F,2014-01-14 15:00:00,0.2229248434305191
xgboost,ACORN-F,2014-01-14 15:30:00,0.2339918315410614
xgboost,ACORN-F,2014-01-14 16:00:00,0.24715450406074524
xgboost,ACORN-F,2014-01-14 16:30:00,0.2681864798069
xgboost,ACORN-F,2014-01-14 17:00:00,0.2921241521835327
xgboost,ACORN-F,2014-01-14 17:30:00,0.32283106446266174
xgboost,ACORN-F,2014-01-14 18:00:00,0.3444523811340332
xgboost,ACORN-F,2014-01-14 18:30:00,0.3592720627784729
xgboost,ACORN-F,2014-01-14 19:00:00,0.36284804344177246
xgboost,ACORN-F,2014-01-14 19:30:00,0.364408940076828
xgboost,ACORN-F,2014-01-14 20:00:00,0.35241198539733887
xgboost,ACORN-F,2014-01-14 20:30:00,0.3404458463191986
xgboost,ACORN-F,2014-01-14 21:00:00,0.3290576934814453
xgboost,ACORN-F,2014-01-14 21:30:00,0.3197982907295227
xgboost,ACORN-F,2014-01-14 22:00:00,0.30022725462913513
xgboost,ACORN-F,2014-01-14 22:30:00,0.27832961082458496
xgboost,ACORN-F,2014-01-14 23:00:00,0.2510170638561249
xgboost,ACORN-F,2014-01-14 23:30:00,0.2214411348104477
xgboost,ACORN-Q,2014-01-13 00:00:00,0.1723889410495758
xgboost,ACORN-Q,2014-01-13 00:30:00,0.15970264375209808
xgboost,ACORN-Q,2014-01-13 01:00:00,0.14143964648246765
xgboost,ACORN-Q,2014-01-13 01:30:00,0.1252063363790512
xgboost,ACORN-Q,2014-01-13 02:00:00,0.11425963044166565
xgboost,ACORN-Q,2014-01-13 02:30:00,0.10756637901067734
xgboost,ACORN-Q,2014-01-13 03:00:00,0.1005377545952797
xgboost,ACORN-Q,2014-01-13 03:30:00,0.09475930780172348
xgboost,ACORN-Q,2014-01-13 04:00:00,0.09106939285993576
xgboost,ACORN-Q,2014-01-13 04:30:00,0.08883773535490036
xgboost,ACORN-Q,2014-01-13 05:00:00,0.08979234844446182
xgboost,ACORN-Q,2014-01-13 05:30:00,0.09795760363340378
xgboost,ACORN-Q,2014-01-13 06:00:00,0.10433448106050491
xgboost,ACORN-Q,2014-01-13 06:30:00,0.11318235099315643
xgboost,ACORN-Q,2014-01-13 07:00:00,0.11937648057937622
xgboost,ACORN-Q,2014-01-13 07:30:00,0.1265821009874344
xgboost,ACORN-Q,2014-01-13 08:00:00,0.1410771608352661
xgboost,ACORN-Q,2014-01-13 08:30:00,0.1530112624168396
xgboost,ACORN-Q,2014-01-13 09:00:00,0.1570706069469452
xgboost,ACORN-Q,2014-01-13 09:30:00,0.16088899970054626
xgboost,ACORN-Q,2014-01-13 10:00:00,0.16340570151805878
xgboost,ACORN-Q,2014-01-13 10:30:00,0.1668587625026703
xgboost,ACORN-Q,2014-01-13 11:00:00,0.169225811958313
xgboost,ACORN-Q,2014-01-13 11:30:00,0.16773585975170135
xgboost,ACORN-Q,2014-01-13 12:00:00,0.16672080755233765
xgboost,ACORN-Q,2014-01-13 12:30:00,0.16622674465179443
xgboost,ACORN-Q,2014-01-13 13:00:00,0.16523534059524536
xgboost,ACORN-Q,2014-01-13 13:30:00,0.1653539538383484
xgboost,ACORN-Q,2014-01-13 14:00:00,0.16566774249076843
xgboost,ACORN-Q,2014-01-13 14:30:00,0.1649733930826187
xgboost,ACORN-Q,2014-01-13 15:00:00,0.16576361656188965
xgboost,ACORN-Q,2014-01-13 15:30:00,0.171739399433136
xgboost,ACORN-Q,2014-01-13 16:00:00,0.1817481517791748
xgboost,ACORN-Q,2014-01-13 16:30:00,0.19493800401687622
xgboost,ACORN-Q,2014-01-13 17:00:00,0.2134532630443573
xgboost,ACORN-Q,2014-01-13 17:30:00,0.23174048960208893
xgboost,ACORN-Q,2014-01-13 18:00:00,0.2513522803783417
xgboost,ACORN-Q,2014-01-13 18:30:00,0.2666065990924835
xgboost,ACORN-Q,2014-01-13 19:00:00,0.27273792028427124
xgboost,ACORN-Q,2014-01-13 19:30:00,0.2703084349632263
xgboost,ACORN-Q,2014-01-13 20:00:00,0.26477861404418945
xgboost,ACORN-Q,2014-01-13 20:30:00,0.2550985515117645
xgboost,ACORN-Q,2014-01-13 21:00:00,0.2419489175081253
xgboost,ACORN-Q,2014-01-13 21:30:00,0.2333502173423767
xgboost,ACORN-Q,2014-01-13 22:00:00,0.2217206507921219
xgboost,ACORN-Q,2014-01-13 22:30:00,0.2080421894788742
xgboost,ACORN-Q,2014-01-13 23:00:00,0.1928170919418335
xgboost,ACORN-Q,2014-01-13 23:30:00,0.17263807356357574
xgboost,ACORN-Q,2014-01-14 00:00:00,0.16329674422740936
xgboost,ACORN-Q,2014-01-14 00:30:00,0.1502756029367447
xgboost,ACORN-Q,2014-01-14 01:00:00,0.13634774088859558
xgboost,ACORN-Q,2014-01-14 01:30:00,0.12016977369785309
xgboost,ACORN-Q,2014-01-14 02:00:00,0.11097079515457153
xgboost,ACORN-Q,2014-01-14 02:30:00,0.10374139994382858
xgboost,ACORN-Q,2014-01-14 03:00:00,0.09764022380113602
xgboost,ACORN-Q,2014-01-14 03:30:00,0.09290169924497604
xgboost,ACORN-Q,2014-01-14 04:00:00,0.08981191366910934
xgboost,ACORN-Q,2014-01-14 04:30:00,0.08993866294622421
xgboost,ACORN-Q,2014-01-14 05:00:00,0.09141843020915985
xgboost,ACORN-Q,2014-01-14 05:30:00,0.09828948229551315
xgboost,ACORN-Q,2014-01-14 06:00:00,0.10430756956338882
xgboost,ACORN-Q,2014-01-14 06:30:00,0.11350128054618835
xgboost,ACORN-Q,2014-01-14 07:00:00,0.12723051011562347
xgboost,ACORN-Q,2014-01-14 07:30:00,0.1411503702402115
xgboost,ACORN-Q,2014-01-14 08:00:00,0.15411901473999023
xgboost,ACORN-Q,2014-01-14 08:30:00,0.16734130680561066
xgboost,ACORN-Q,2014-01-14 09:00:00,0.16682441532611847
xgboost,ACORN-Q,2014-01-14 09:30:00,0.1687335968017578
xgboost,ACORN-Q,2014-01-14 10:00:00,0.16895662248134613
xgboost,ACORN-Q,2014-01-14 10:30:00,0.170692577958107
xgboost,ACORN-Q,2014-01-14 11:00:00,0.17271636426448822
xgboost,ACORN-Q,2014-01-14 11:30:00,0.1725960075855255
xgboost,ACORN-Q,2014-01-14 12:00:00,0.1714327335357666
xgboost,ACORN-Q,2014-01-14 12:30:00,0.16742655634880066
xgboost,ACORN-Q,2014-01-14 13:00:00,0.16633577644824982
xgboost,ACORN-Q,2014-01-14 13:30:00,0.16490988433361053
xgboost,ACORN-Q,2014-01-14 14:00:00,0.16441687941551208
xgboost,ACORN-Q,2014-01-14 14:30:00,0.16411568224430084
xgboost,ACORN-Q,2014-01-14 15:00:00,0.16687306761741638
xgboost,ACORN-Q,2014-01-14 15:30:00,0.17216536402702332
xgboost,ACORN-Q,2014-01-14 16:00:00,0.18017911911010742
xgboost,ACORN-Q,2014-01-14 16:30:00,0.1952911615371704
xgboost,ACORN-Q,2014-01-14 17:00:00,0.2134976089000702
xgboost,ACORN-Q,2014-01-14 17:30:00,0.23215799033641815
xgboost,ACORN-Q,2014-01-14 18:00:00,0.2501607835292816
xgboost,ACORN-Q,2014-01-14 18:30:00,0.2653602361679077
xgboost,ACORN-Q,2014-01-14 19:00:00,0.2716752588748932
xgboost,ACORN-Q,2014-01-14 19:30:00,0.2701636850833893
xgboost,ACORN-Q,2014-01-14 20:00:00,0.26531752943992615
xgboost,ACORN-Q,2014-01-14 20:30:00,0.2571086585521698
xgboost,ACORN-Q,2014-01-14 21:00:00,0.24365738034248352
xgboost,ACORN-Q,2014-01-14 21:30:00,0.2334573119878769
xgboost,ACORN-Q,2014-01-14 22:00:00,0.2206190675497055
xgboost,ACORN-Q,2014-01-14 22:30:00,0.2066449075937271
xgboost,ACORN-Q,2014-01-14 23:00:00,0.19110871851444244
xgboost,ACORN-Q,2014-01-14 23:30:00,0.17215260863304138
xgboost_by_acorn,ACORN-E,2014-01-13 00:00:00,0.26052144169807434
xgboost_by_acorn,ACORN-E,2014-01-13 00:30:00,0.2387801557779312
xgboost_by_acorn,ACORN-E,2014-01-13 01:00:00,0.21349814534187317
xgboost_by_acorn,ACORN-E,2014-01-13 01:30:00,0.18715225160121918
xgboost_by_acorn,ACORN-E,2014-01-13 02:00:00,0.1729300320148468
xgboost_by_acorn,ACORN-E,2014-01-13 02:30:00,0.16553059220314026
xgboost_by_acorn,ACORN-E,2014-01-13 03:00:00,0.15799881517887115
xgboost_by_acorn,ACORN-E,2014-01-13 03:30:00,0.1501363068819046
xgboost_by_acorn,ACORN-E,2014-01-13 04:00:00,0.14263023436069489
xgboost_by_acorn,ACORN-E,2014-01-13 04:30:00,0.1409086287021637
xgboost_by_acorn,ACORN-E,2014-01-13 05:00:00,0.14130251109600067
xgboost_by_acorn,ACORN-E,2014-01-13 05:30:00,0.1492605060338974
xgboost_by_acorn,ACORN-E,2014-01-13 06:00:00,0.16013114154338837
xgboost_by_acorn,ACORN-E,2014-01-13 06:30:00,0.17484597861766815
xgboost_by_acorn,ACORN-E,2014-01-13 07:00:00,0.18905837833881378
xgboost_by_acorn,ACORN-E,2014-01-13 07:30:00,0.20936134457588196
xgboost_by_acorn,ACORN-E,2014-01-13 08:00:00,0.22602400183677673
xgboost_by_acorn,ACORN-E,2014-01-13 08:30:00,0.24613432586193085
xgboost_by_acorn,ACORN-E,2014-01-13 09:00:00,0.25530704855918884
xgboost_by_acorn,ACORN-E,2014-01-13 09:30:00,0.2594192326068878
xgboost_by_acorn,ACORN-E,2014-01-13 10:00:00,0.26123782992362976
xgboost_by_acorn,ACORN-E,2014-01-13 10:30:00,0.2613672912120819
xgboost_by_acorn,ACORN-E,2014-01-13 11:00:00,0.2607637643814087
xgboost_by_acorn,ACORN-E,2014-01-13 11:30:00,0.2568244934082031
xgboost_by_acorn,ACORN-E,2014-01-13 12:00:00,0.25403323769569397
xgboost_by_acorn,ACORN-E,2014-01-13 12:30:00,0.25074565410614014
xgboost_by_acorn,ACORN-E,2014-01-13 13:00:00,0.24710384011268616
xgboost_by_acorn,ACORN-E,2014-01-13 13:30:00,0.24244460463523865
xgboost_by_acorn,ACORN-E,2014-01-13 14:00:00,0.2397986203432083
xgboost_by_acorn,ACORN-E,2014-01-13 14:30:00,0.23726972937583923
xgboost_by_acorn,ACORN-E,2014-01-13 15:00:00,0.23758898675441742
xgboost_by_acorn,ACORN-E,2014-01-13 15:30:00,0.2502761483192444
xgboost_by_acorn,ACORN-E,2014-01-13 16:00:00,0.2728061079978943
xgboost_by_acorn,ACORN-E,2014-01-13 16:30:00,0.30031904578208923
xgboost_by_acorn,ACORN-E,2014-01-13 17:00:00,0.32876360416412354
xgboost_by_acorn,ACORN-E,2014-01-13 17:30:00,0.36077138781547546
xgboost_by_acorn,ACORN-E,2014-01-13 18:00:00,0.3899163603782654
xgboost_by_acorn,ACORN-E,2014-01-13 18:30:00,0.4129601716995239
xgboost_by_acorn,ACORN-E,2014-01-13 19:00:00,0.4292641878128052
xgboost_by_acorn,ACORN-E,2014-01-13 19:30:00,0.4340939521789551
xgboost_by_acorn,ACORN-E,2014-01-13 20:00:00,0.4325369596481323
xgboost_by_acorn,ACORN-E,2014-01-13 20:30:00,0.42508071660995483
xgboost_by_acorn,ACORN-E,2014-01-13 21:00:00,0.40313464403152466
xgboost_by_acorn,ACORN-E,2014-01-13 21:30:00,0.38340815901756287
xgboost_by_acorn,ACORN-E,2014-01-13 22:00:00,0.3619687855243683
xgboost_by_acorn,ACORN-E,2014-01-13 22:30:00,0.3353361487388611
xgboost_by_acorn,ACORN-E,2014-01-13 23:00:00,0.2987051010131836
xgboost_by_acorn,ACORN-E,2014-01-13 23:30:00,0.2582690119743347
xgboost_by_acorn,ACORN-E,2014-01-14 00:00:00,0.2701301574707031
xgboost_by_acorn,ACORN-E,2014-01-14 00:30:00,0.24203278124332428
xgboost_by_acorn,ACORN-E,2014-01-14 01:00:00,0.2160491943359375
xgboost_by_acorn,ACORN-E,2014-01-14 01:30:00,0.1914157271385193
xgboost_by_acorn,ACORN-E,2014-01-14 02:00:00,0.17611925303936005
xgboost_by_acorn,ACORN-E,2014-01-14 02:30:00,0.1680959016084671
xgboost_by_acorn,ACORN-E,2014-01-14 03:00:00,0.16015444695949554
xgboost_by_acorn,ACORN-E,2014-01-14 03:30:00,0.15089333057403564
xgboost_by_acorn,ACORN-E,2014-01-14 04:00:00,0.14231382310390472
xgboost_by_acorn,ACORN-E,2014-01-14 04:30:00,0.1408586949110031
xgboost_by_acorn,ACORN-E,2014-01-14 05:00:00,0.14067673683166504
xgboost_by_acorn,ACORN-E,2014-01-14 05:30:00,0.14927572011947632
xgboost_by_acorn,ACORN-E,2014-01-14 06:00:00,0.16287516057491302
xgboost_by_acorn,ACORN-E,2014-01-14 06:30:00,0.18070675432682037
xgboost_by_acorn,ACORN-E,2014-01-14 07:00:00,0.19976332783699036
xgboost_by_acorn,ACORN-E,2014-01-14 07:30:00,0.23094449937343597
xgboost_by_acorn,ACORN-E,2014-01-14 08:00:00,0.2572363615036011
xgboost_by_acorn,ACORN-E,2014-01-14 08:30:00,0.27016833424568176
xgboost_by_acorn,ACORN-E,2014-01-14 09:00:00,0.2687898576259613
xgboost_by_acorn,ACORN-E,2014-01-14 09:30:00,0.2685073912143707
xgboost_by_acorn,ACORN-E,2014-01-14 10:00:00,0.26622679829597473
xgboost_by_acorn,ACORN-E,2014-01-14 10:30:00,0.2657402753829956
xgboost_by_acorn,ACORN-E,2014-01-14 11:00:00,0.26481911540031433
xgboost_by_acorn,ACORN-E,2014-01-14 11:30:00,0.2641402781009674
xgboost_by_acorn,ACORN-E,2014-01-14 12:00:00,0.2635522782802582
xgboost_by_acorn,ACORN-E,2014-01-14 12:30:00,0.2625875174999237
xgboost_by_acorn,ACORN-E,2014-01-14 13:00:00,0.26006683707237244
xgboost_by_acorn,ACORN-E,2014-01-14 13:30:00,0.25329986214637756
xgboost_by_acorn,ACORN-E,2014-01-14 14:00:00,0.2472439557313919
xgboost_by_acorn,ACORN-E,2014-01-14 14:30:00,0.24325770139694214
xgboost_by_acorn,ACORN-E,2014-01-14 15:00:00,0.23948751389980316
xgboost_by_acorn,ACORN-E,2014-01-14 15:30:00,0.24543868005275726
xgboost_by_acorn,ACORN-E,2014-01-14 16:00:00,0.26011592149734497
xgboost_by_acorn,ACORN-E,2014-01-14 16:30:00,0.2848832309246063
xgboost_by_acorn,ACORN-E,2014-01-14 17:00:00,0.3188568353652954
xgboost_by_acorn,ACORN-E,2014-01-14 17:30:00,0.34863942861557007
xgboost_by_acorn,ACORN-E,2014-01-14 18:00:00,0.3760699927806854
xgboost_by_acorn,ACORN-E,2014-01-14 18:30:00,0.40227198600769043
xgboost_by_acorn,ACORN-E,2014-01-14 19:00:00,0.4161396920681
xgboost_by_acorn,ACORN-E,2014-01-14 19:30:00,0.424360990524292
xgboost_by_acorn,ACORN-E,2014-01-14 20:00:00,0.42217764258384705
xgboost_by_acorn,ACORN-E,2014-01-14 20:30:00,0.4176903963088989
xgboost_by_acorn,ACORN-E,2014-01-14 21:00:00,0.4028627574443817
xgboost_by_acorn,ACORN-E,2014-01-14 21:30:00,0.3874284327030182
xgboost_by_acorn,ACORN-E,2014-01-14 22:00:00,0.3645577132701874
xgboost_by_acorn,ACORN-E,2014-01-14 22:30:00,0.34042805433273315
xgboost_by_acorn,ACORN-E,2014-01-14 23:00:00,0.308137983083725
xgboost_by_acorn,ACORN-E,2014-01-14 23:30:00,0.26528400182724
xgboost_by_acorn,ACORN-F,2014-01-13 00:00:00,0.1905873417854309
xgboost_by_acorn,ACORN-F,2014-01-13 00:30:00,0.16375377774238586
xgboost_by_acorn,ACORN-F,2014-01-13 01:00:00,0.14693626761436462
xgboost_by_acorn,ACORN-F,2014-01-13 01:30:00,0.13435891270637512
xgboost_by_acorn,ACORN-F,2014-01-13 02:00:00,0.12338441610336304
xgboost_by_acorn,ACORN-F,2014-01-13 02:30:00,0.11705835908651352
xgboost_by_acorn,ACORN-F,2014-01-13 03:00:00,0.11207526177167892
xgboost_by_acorn,ACORN-F,2014-01-13 03:30:00,0.10821524262428284
xgboost_by_acorn,ACORN-F,2014-01-13 04:00:00,0.10580258816480637
xgboost_by_acorn,ACORN-F,2014-01-13 04:30:00,0.10587427765130997
xgboost_by_acorn,ACORN-F,2014-01-13 05:00:00,0.10798913240432739
xgboost_by_acorn,ACORN-F,2014-01-13 05:30:00,0.11504363268613815
xgboost_by_acorn,ACORN-F,2014-01-13 06:00:00,0.1257556974887848
xgboost_by_acorn,ACORN-F,2014-01-13 06:30:00,0.14519871771335602
xgboost_by_acorn,ACORN-F,2014-01-13 07:00:00,0.16942721605300903
xgboost_by_acorn,ACORN-F,2014-01-13 07:30:00,0.19517174363136292
xgboost_by_acorn,ACORN-F,2014-01-13 08:00:00,0.20987294614315033
xgboost_by_acorn,ACORN-F,2014-01-13 08:30:00,0.21573568880558014
xgboost_by_acorn,ACORN-F,2014-01-13 09:00:00,0.21691803634166718
xgboost_by_acorn,ACORN-F,2014-01-13 09:30:00,0.21574188768863678
xgboost_by_acorn,ACORN-F,2014-01-13 10:00:00,0.21409164369106293
xgboost_by_acorn,ACORN-F,2014-01-13 10:30:00,0.21181795001029968
xgboost_by_acorn,ACORN-F,2014-01-13 11:00:00,0.21000978350639343
xgboost_by_acorn,ACORN-F,2014-01-13 11:30:00,0.20964638888835907
xgboost_by_acorn,ACORN-F,2014-01-13 12:00:00,0.20612680912017822
xgboost_by_acorn,ACORN-F,2014-01-13 12:30:00,0.20504139363765717
xgboost_by_acorn,ACORN-F,2014-01-13 13:00:00,0.20589357614517212
xgboost_by_acorn,ACORN-F,2014-01-13 13:30:00,0.20500871539115906
xgboost_by_acorn,ACORN-F,2014-01-13 14:00:00,0.2066859006881714
xgboost_by_acorn,ACORN-F,2014-01-13 14:30:00,0.2092340886592865
xgboost_by_acorn,ACORN-F,2014-01-13 15:00:00,0.2109210342168808
xgboost_by_acorn,ACORN-F,2014-01-13 15:30:00,0.21986572444438934
xgboost_by_acorn,ACORN-F,2014-01-13 16:00:00,0.23585599660873413
xgboost_by_acorn,ACORN-F,2014-01-13 16:30:00,0.2623412013053894
xgboost_by_acorn,ACORN-F,2014-01-13 17:00:00,0.2940908372402191
xgboost_by_acorn,ACORN-F,2014-01-13 17:30:00,0.3275579512119293
xgboost_by_acorn,ACORN-F,2014-01-13 18:00:00,0.344402015209198
xgboost_by_acorn,ACORN-F,2014-01-13 18:30:00,0.35483285784721375
xgboost_by_acorn,ACORN-F,2014-01-13 19:00:00,0.3588120639324188
xgboost_by_acorn,ACORN-F,2014-01-13 19:30:00,0.3585584759712219
xgboost_by_acorn,ACORN-F,2014-01-13 20:00:00,0.3533259630203247
xgboost_by_acorn,ACORN-F,2014-01-13 20:30:00,0.34920182824134827
xgboost_by_acorn,ACORN-F,2014-01-13 21:00:00,0.33573290705680847
xgboost_by_acorn,ACORN-F,2014-01-13 21:30:00,0.32237952947616577
xgboost_by_acorn,ACORN-F,2014-01-13 22:00:00,0.30423352122306824
xgboost_by_acorn,ACORN-F,2014-01-13 22:30:00,0.2802802622318268
xgboost_by_acorn,ACORN-F,2014-01-13 23:00:00,0.25287461280822754
xgboost_by_acorn,ACORN-F,2014-01-13 23:30:00,0.22077049314975739
xgboost_by_acorn,ACORN-F,2014-01-14 00:00:00,0.18791940808296204
xgboost_by_acorn,ACORN-F,2014-01-14 00:30:00,0.1646793782711029
xgboost_by_acorn,ACORN-F,2014-01-14 01:00:00,0.1489589810371399
xgboost_by_acorn,ACORN-F,2014-01-14 01:30:00,0.1323062628507614
xgboost_by_acorn,ACORN-F,2014-01-14 02:00:00,0.12055163830518723
xgboost_by_acorn,ACORN-F,2014-01-14 02:30:00,0.11476593464612961
xgboost_by_acorn,ACORN-F,2014-01-14 03:00:00,0.10976394265890121
xgboost_by_acorn,ACORN-F,2014-01-14 03:30:00,0.1065763533115387
xgboost_by_acorn,ACORN-F,2014-01-14 04:00:00,0.10443921387195587
xgboost_by_acorn,ACORN-F,2014-01-14 04:30:00,0.10648149251937866
xgboost_by_acorn,ACORN-F,2014-01-14 05:00:00,0.10958880186080933
xgboost_by_acorn,ACORN-F,2014-01-14 05:30:00,0.11836797744035721
xgboost_by_acorn,ACORN-F,2014-01-14 06:00:00,0.1302652209997177
xgboost_by_acorn,ACORN-F,2014-01-14 06:30:00,0.15268927812576294
xgboost_by_acorn,ACORN-F,2014-01-14 07:00:00,0.18377861380577087
xgboost_by_acorn,ACORN-F,2014-01-14 07:30:00,0.21569107472896576
xgboost_by_acorn,ACORN-F,2014-01-14 08:00:00,0.23016555607318878
xgboost_by_acorn,ACORN-F,2014-01-14 08:30:00,0.23208414018154144
xgboost_by_acorn,ACORN-F,2014-01-14 09:00:00,0.22621357440948486
xgboost_by_acorn,ACORN-F,2014-01-14 09:30:00,0.22202497720718384
xgboost_by_acorn,ACORN-F,2014-01-14 10:00:00,0.21908041834831238
xgboost_by_acorn,ACORN-F,2014-01-14 10:30:00,0.21679158508777618
xgboost_by_acorn,ACORN-F,2014-01-14 11:00:00,0.21453626453876495
xgboost_by_acorn,ACORN-F,2014-01-14 11:30:00,0.21428167819976807
xgboost_by_acorn,ACORN-F,2014-01-14 12:00:00,0.21006475389003754
xgboost_by_acorn,ACORN-F,2014-01-14 12:30:00,0.20870022475719452
xgboost_by_acorn,ACORN-F,2014-01-14 13:00:00,0.20752018690109253
xgboost_by_acorn,ACORN-F,2014-01-14 13:30:00,0.2067931443452835
xgboost_by_acorn,ACORN-F,2014-01-14 14:00:00,0.20704595744609833
xgboost_by_acorn,ACORN-F,2014-01-14 14:30:00,0.20979076623916626
xgboost_by_acorn,ACORN-F,2014-01-14 15:00:00,0.2125759720802307
xgboost_by_acorn,ACORN-F,2014-01-14 15:30:00,0.21958068013191223
xgboost_by_acorn,ACORN-F,2014-01-14 16:00:00,0.23519758880138397
xgboost_by_acorn,ACORN-F,2014-01-14 16:30:00,0.2589670419692993
xgboost_by_acorn,ACORN-F,2014-01-14 17:00:00,0.2885133922100067
xgboost_by_acorn,ACORN-F,2014-01-14 17:30:00,0.31822025775909424
xgboost_by_acorn,ACORN-F,2014-01-14 18:00:00,0.33873850107192993
xgboost_by_acorn,ACORN-F,2014-01-14 18:30:00,0.3534720242023468
xgboost_by_acorn,ACORN-F,2014-01-14 19:00:00,0.35978963971138
xgboost_by_acorn,ACORN-F,2014-01-14 19:30:00,0.35882052779197693
xgboost_by_acorn,ACORN-F,2014-01-14 20:00:00,0.3531624376773834
xgboost_by_acorn,ACORN-F,2014-01-14 20:30:00,0.3455672860145569
xgboost_by_acorn,ACORN-F,2014-01-14 21:00:00,0.33270466327667236
xgboost_by_acorn,ACORN-F,2014-01-14 21:30:00,0.3195728063583374
xgboost_by_acorn,ACORN-F,2014-01-14 22:00:00,0.3029211759567261
xgboost_by_acorn,ACORN-F,2014-01-14 22:30:00,0.27965763211250305
xgboost_by_acorn,ACORN-F,2014-01-14 23:00:00,0.25065329670906067
xgboost_by_acorn,ACORN-F,2014-01-14 23:30:00,0.2196754813194275
xgboost_by_acorn,ACORN-Q,2014-01-13 00:00:00,0.17572279274463654
xgboost_by_acorn,ACORN-Q,2014-01-13 00:30:00,0.16159598529338837
xgboost_by_acorn,ACORN-Q,2014-01-13 01:00:00,0.1416330188512802
xgboost_by_acorn,ACORN-Q,2014-01-13 01:30:00,0.12698955833911896
xgboost_by_acorn,ACORN-Q,2014-01-13 02:00:00,0.11715517938137054
xgboost_by_acorn,ACORN-Q,2014-01-13 02:30:00,0.1078207716345787
xgboost_by_acorn,ACORN-Q,2014-01-13 03:00:00,0.10087597370147705
xgboost_by_acorn,ACORN-Q,2014-01-13 03:30:00,0.0954396054148674
xgboost_by_acorn,ACORN-Q,2014-01-13 04:00:00,0.09209134429693222
xgboost_by_acorn,ACORN-Q,2014-01-13 04:30:00,0.09069803357124329
xgboost_by_acorn,ACORN-Q,2014-01-13 05:00:00,0.09166155755519867
xgboost_by_acorn,ACORN-Q,2014-01-13 05:30:00,0.09858176857233047
xgboost_by_acorn,ACORN-Q,2014-01-13 06:00:00,0.10533396154642105
xgboost_by_acorn,ACORN-Q,2014-01-13 06:30:00,0.11526407301425934
xgboost_by_acorn,ACORN-Q,2014-01-13 07:00:00,0.12421714514493942
xgboost_by_acorn,ACORN-Q,2014-01-13 07:30:00,0.13344040513038635
xgboost_by_acorn,ACORN-Q,2014-01-13 08:00:00,0.14779111742973328
xgboost_by_acorn,ACORN-Q,2014-01-13 08:30:00,0.15864183008670807
xgboost_by_acorn,ACORN-Q,2014-01-13 09:00:00,0.1601676493883133
xgboost_by_acorn,ACORN-Q,2014-01-13 09:30:00,0.16225743293762207
xgboost_by_acorn,ACORN-Q,2014-01-13 10:00:00,0.16442683339118958
xgboost_by_acorn,ACORN-Q,2014-01-13 10:30:00,0.1687609702348709
xgboost_by_acorn,ACORN-Q,2014-01-13 11:00:00,0.17021700739860535
xgboost_by_acorn,ACORN-Q,2014-01-13 11:30:00,0.1672988384962082
xgboost_by_acorn,ACORN-Q,2014-01-13 12:00:00,0.16552318632602692
xgboost_by_acorn,ACORN-Q,2014-01-13 12:30:00,0.1639639437198639
xgboost_by_acorn,ACORN-Q,2014-01-13 13:00:00,0.16189122200012207
xgboost_by_acorn,ACORN-Q,2014-01-13 13:30:00,0.16068746149539948
xgboost_by_acorn,ACORN-Q,2014-01-13 14:00:00,0.15840783715248108
xgboost_by_acorn,ACORN-Q,2014-01-13 14:30:00,0.15715792775154114
xgboost_by_acorn,ACORN-Q,2014-01-13 15:00:00,0.16008621454238892
xgboost_by_acorn,ACORN-Q,2014-01-13 15:30:00,0.1667577624320984
xgboost_by_acorn,ACORN-Q,2014-01-13 16:00:00,0.1805923581123352
xgboost_by_acorn,ACORN-Q,2014-01-13 16:30:00,0.19919522106647491
xgboost_by_acorn,ACORN-Q,2014-01-13 17:00:00,0.22187235951423645
xgboost_by_acorn,ACORN-Q,2014-01-13 17:30:00,0.2439301311969757
xgboost_by_acorn,ACORN-Q,2014-01-13 18:00:00,0.26020506024360657
xgboost_by_acorn,ACORN-Q,2014-01-13 18:30:00,0.26893988251686096
xgboost_by_acorn,ACORN-Q,2014-01-13 19:00:00,0.272066593170166
xgboost_by_acorn,ACORN-Q,2014-01-13 19:30:00,0.2696864604949951
xgboost_by_acorn,ACORN-Q,2014-01-13 20:00:00,0.26288843154907227
xgboost_by_acorn,ACORN-Q,2014-01-13 20:30:00,0.255052775144577
xgboost_by_acorn,ACORN-Q,2014-01-13 21:00:00,0.24217021465301514
xgboost_by_acorn,ACORN-Q,2014-01-13 21:30:00,0.23394088447093964
xgboost_by_acorn,ACORN-Q,2014-01-13 22:00:00,0.22401399910449982
xgboost_by_acorn,ACORN-Q,2014-01-13 22:30:00,0.2149149775505066
xgboost_by_acorn,ACORN-Q,2014-01-13 23:00:00,0.19606539607048035
xgboost_by_acorn,ACORN-Q,2014-01-13 23:30:00,0.17754565179347992
xgboost_by_acorn,ACORN-Q,2014-01-14 00:00:00,0.16695229709148407
xgboost_by_acorn,ACORN-Q,2014-01-14 00:30:00,0.15287069976329803
xgboost_by_acorn,ACORN-Q,2014-01-14 01:00:00,0.13640938699245453
xgboost_by_acorn,ACORN-Q,2014-01-14 01:30:00,0.12171696871519089
xgboost_by_acorn,ACORN-Q,2014-01-14 02:00:00,0.11384448409080505
xgboost_by_acorn,ACORN-Q,2014-01-14 02:30:00,0.10553503781557083
xgboost_by_acorn,ACORN-Q,2014-01-14 03:00:00,0.09933055937290192
xgboost_by_acorn,ACORN-Q,2014-01-14 03:30:00,0.09316428750753403
xgboost_by_acorn,ACORN-Q,2014-01-14 04:00:00,0.09140308201313019
xgboost_by_acorn,ACORN-Q,2014-01-14 04:30:00,0.09164094179868698
xgboost_by_acorn,ACORN-Q,2014-01-14 05:00:00,0.09352114796638489
xgboost_by_acorn,ACORN-Q,2014-01-14 05:30:00,0.09986884891986847
xgboost_by_acorn,ACORN-Q,2014-01-14 06:00:00,0.10574439913034439
xgboost_by_acorn,ACORN-Q,2014-01-14 06:30:00,0.11558537185192108
xgboost_by_acorn,ACORN-Q,2014-01-14 07:00:00,0.13012702763080597
xgboost_by_acorn,ACORN-Q,2014-01-14 07:30:00,0.14478205144405365
xgboost_by_acorn,ACORN-Q,2014-01-14 08:00:00,0.15707585215568542
xgboost_by_acorn,ACORN-Q,2014-01-14 08:30:00,0.16872712969779968
xgboost_by_acorn,ACORN-Q,2014-01-14 09:00:00,0.1659667044878006
xgboost_by_acorn,ACORN-Q,2014-01-14 09:30:00,0.16747500002384186
xgboost_by_acorn,ACORN-Q,2014-01-14 10:00:00,0.16787151992321014
xgboost_by_acorn,ACORN-Q,2014-01-14 10:30:00,0.1695237010717392
xgboost_by_acorn,ACORN-Q,2014-01-14 11:00:00,0.17100933194160461
xgboost_by_acorn,ACORN-Q,2014-01-14 11:30:00,0.17030851542949677
xgboost_by_acorn,ACORN-Q,2014-01-14 12:00:00,0.16765914857387543
xgboost_by_acorn,ACORN-Q,2014-01-14 12:30:00,0.16481371223926544
xgboost_by_acorn,ACORN-Q,2014-01-14 13:00:00,0.16337944567203522
xgboost_by_acorn,ACORN-Q,2014-01-14 13:30:00,0.16298095881938934
xgboost_by_acorn,ACORN-Q,2014-01-14 14:00:00,0.16158218681812286
xgboost_by_acorn,ACORN-Q,2014-01-14 14:30:00,0.1615360528230667
xgboost_by_acorn,ACORN-Q,2014-01-14 15:00:00,0.1638021618127823
xgboost_by_acorn,ACORN-Q,2014-01-14 15:30:00,0.16964970529079437
xgboost_by_acorn,ACORN-Q,2014-01-14 16:00:00,0.1806035041809082
xgboost_by_acorn,ACORN-Q,2014-01-14 16:30:00,0.19493785500526428
xgboost_by_acorn,ACORN-Q,2014-01-14 17:00:00,0.21681131422519684
xgboost_by_acorn,ACORN-Q,2014-01-14 17:30:00,0.2404145449399948
xgboost_by_acorn,ACORN-Q,2014-01-14 18:00:00,0.25414255261421204
xgboost_by_acorn,ACORN-Q,2014-01-14 18:30:00,0.264691025018692
xgboost_by_acorn,ACORN-Q,2014-01-14 19:00:00,0.2687316834926605
xgboost_by_acorn,ACORN-Q,2014-01-14 19:30:00,0.26688578724861145
xgboost_by_acorn,ACORN-Q,2014-01-14 20:00:00,0.25883427262306213
xgboost_by_acorn,ACORN-Q,2014-01-14 20:30:00,0.2527807950973511
xgboost_by_acorn,ACORN-Q,2014-01-14 21:00:00,0.24276340007781982
xgboost_by_acorn,ACORN-Q,2014-01-14 21:30:00,0.2327507883310318
xgboost_by_acorn,ACORN-Q,2014-01-14 22:00:00,0.2235700935125351
xgboost_by_acorn,ACORN-Q,2014-01-14 22:30:00,0.213242307305336
xgboost_by_acorn,ACORN-Q,2014-01-14 23:00:00,0.1961122304201126
xgboost_by_acorn,ACORN-Q,2014-01-14 23:30:00,0.17674024403095245
catboost,ACORN-E,2014-01-13 00:00:00,0.2601434884885069
catboost,ACORN-E,2014-01-13 00:30:00,0.2367432526875911
catboost,ACORN-E,2014-01-13 01:00:00,0.21344204890786053
catboost,ACORN-E,2014-01-13 01:30:00,0.18826794327379145
catboost,ACORN-E,2014-01-13 02:00:00,0.17079013405985666
catboost,ACORN-E,2014-01-13 02:30:00,0.162895494640422
catboost,ACORN-E,2014-01-13 03:00:00,0.15587205059032505
catboost,ACORN-E,2014-01-13 03:30:00,0.1489265941182475
catboost,ACORN-E,2014-01-13 04:00:00,0.14238079947676424
catboost,ACORN-E,2014-01-13 04:30:00,0.14029049255498255
catboost,ACORN-E,2014-01-13 05:00:00,0.14113822728746755
catboost,ACORN-E,2014-01-13 05:30:00,0.15003152000166087
catboost,ACORN-E,2014-01-13 06:00:00,0.16223408558930813
catboost,ACORN-E,2014-01-13 06:30:00,0.17844978825613117
catboost,ACORN-E,2014-01-13 07:00:00,0.19375696063448597
catboost,ACORN-E,2014-01-13 07:30:00,0.21559339031035113
catboost,ACORN-E,2014-01-13 08:00:00,0.2348046964590229
catboost,ACORN-E,2014-01-13 08:30:00,0.25067116923411387
catboost,ACORN-E,2014-01-13 09:00:00,0.24877426449604065
catboost,ACORN-E,2014-01-13 09:30:00,0.2525156564778087
catboost,ACORN-E,2014-01-13 10:00:00,0.25348659897304493
catboost,ACORN-E,2014-01-13 10:30:00,0.2487111100011369
catboost,ACORN-E,2014-01-13 11:00:00,0.2511884796694501
catboost,ACORN-E,2014-01-13 11:30:00,0.24770022559391586
catboost,ACORN-E,2014-01-13 12:00:00,0.2436912233846024
catboost,ACORN-E,2014-01-13 12:30:00,0.2410887549286232
catboost,ACORN-E,2014-01-13 13:00:00,0.23952331085939782
catboost,ACORN-E,2014-01-13 13:30:00,0.23871726285325293
catboost,ACORN-E,2014-01-13 14:00:00,0.2389248896611268
catboost,ACORN-E,2014-01-13 14:30:00,0.2415600338299646
catboost,ACORN-E,2014-01-13 15:00:00,0.24015006265408137
catboost,ACORN-E,2014-01-13 15:30:00,0.24752906962838353
catboost,ACORN-E,2014-01-13 16:00:00,0.26582241756087355
catboost,ACORN-E,2014-01-13 16:30:00,0.29468988171082716
catboost,ACORN-E,2014-01-13 17:00:00,0.32888555795172414
catboost,ACORN-E,2014-01-13 17:30:00,0.360086239245273
catboost,ACORN-E,2014-01-13 18:00:00,0.38297268665603396
catboost,ACORN-E,2014-01-13 18:30:00,0.4068220653971949
catboost,ACORN-E,2014-01-13 19:00:00,0.42124445682574685
catboost,ACORN-E,2014-01-13 19:30:00,0.4217504065219923
catboost,ACORN-E,2014-01-13 20:00:00,0.4327218735697087
catboost,ACORN-E,2014-01-13 20:30:00,0.42558816731752397
catboost,ACORN-E,2014-01-13 21:00:00,0.4082403871904889
catboost,ACORN-E,2014-01-13 21:30:00,0.3850285313846934
catboost,ACORN-E,2014-01-13 22:00:00,0.3528726200099763
catboost,ACORN-E,2014-01-13 22:30:00,0.32722814969102787
catboost,ACORN-E,2014-01-13 23:00:00,0.29542906578226197
catboost,ACORN-E,2014-01-13 23:30:00,0.25662153287919554
catboost,ACORN-E,2014-01-14 00:00:00,0.2645262189071512
catboost,ACORN-E,2014-01-14 00:30:00,0.23986667230142075
catboost,ACORN-E,2014-01-14 01:00:00,0.21318057307022978
catboost,ACORN-E,2014-01-14 01:30:00,0.18841532506981845
catboost,ACORN-E,2014-01-14 02:00:00,0.17032782958287446
catboost,ACORN-E,2014-01-14 02:30:00,0.1624823085580702
catboost,ACORN-E,2014-01-14 03:00:00,0.15307156969798202
catboost,ACORN-E,2014-01-14 03:30:00,0.14754347178752378
catboost,ACORN-E,2014-01-14 04:00:00,0.14169000170716758
catboost,ACORN-E,2014-01-14 04:30:00,0.1423803415575635
catboost,ACORN-E,2014-01-14 05:00:00,0.14281338930297677
catboost,ACORN-E,2014-01-14 05:30:00,0.15040917040442703
catboost,ACORN-E,2014-01-14 06:00:00,0.16395292723021435
catboost,ACORN-E,2014-01-14 06:30:00,0.18150149195377038
catboost,ACORN-E,2014-01-14 07:00:00,0.19997179350912483
catboost,ACORN-E,2014-01-14 07:30:00,0.22621089872006991
catboost,ACORN-E,2014-01-14 08:00:00,0.2488482240372561
catboost,ACORN-E,2014-01-14 08:30:00,0.26117434455836364
catboost,ACORN-E,2014-01-14 09:00:00,0.26053116892901296
catboost,ACORN-E,2014-01-14 09:30:00,0.2594334986255902
catboost,ACORN-E,2014-01-14 10:00:00,0.2581687769076547
catboost,ACORN-E,2014-01-14 10:30:00,0.2571334792306233
catboost,ACORN-E,2014-01-14 11:00:00,0.25606802592795996
catboost,ACORN-E,2014-01-14 11:30:00,0.25522691245715434
catboost,ACORN-E,2014-01-14 12:00:00,0.2510175067612302
catboost,ACORN-E,2014-01-14 12:30:00,0.24956030587127515
catboost,ACORN-E,2014-01-14 13:00:00,0.24760981689410247
catboost,ACORN-E,2014-01-14 13:30:00,0.2450078303313882
catboost,ACORN-E,2014-01-14 14:00:00,0.2411931694326534
catboost,ACORN-E,2014-01-14 14:30:00,0.2376304980462221
catboost,ACORN-E,2014-01-14 15:00:00,0.23710616562031298
catboost,ACORN-E,2014-01-14 15:30:00,0.24459432754781735
catboost,ACORN-E,2014-01-14 16:00:00,0.25689606341144516
catboost,ACORN-E,2014-01-14 16:30:00,0.27950172493959824
catboost,ACORN-E,2014-01-14 17:00:00,0.31344611249084264
catboost,ACORN-E,2014-01-14 17:30:00,0.34359121255585623
catboost,ACORN-E,2014-01-14 18:00:00,0.3722732784125077
catboost,ACORN-E,2014-01-14 18:30:00,0.39536545085582514
catboost,ACORN-E,2014-01-14 19:00:00,0.41052931825443634
catboost,ACORN-E,2014-01-14 19:30:00,0.4163331401051029
catboost,ACORN-E,2014-01-14 20:00:00,0.41091019028743025
catboost,ACORN-E,2014-01-14 20:30:00,0.40852999161589865
catboost,ACORN-E,2014-01-14 21:00:00,0.3976457722879867
catboost,ACORN-E,2014-01-14 21:30:00,0.38043435192674857
catboost,ACORN-E,2014-01-14 22:00:00,0.3561218799777101
catboost,ACORN-E,2014-01-14 22:30:00,0.33097449137610335
catboost,ACORN-E,2014-01-14 23:00:00,0.29865820226817474
catboost,ACORN-E,2014-01-14 23:30:00,0.2614538926746355
catboost,ACORN-F,2014-01-13 00:00:00,0.1926514847426836
catboost,ACORN-F,2014-01-13 00:30:00,0.1679622060940064
catboost,ACORN-F,2014-01-13 01:00:00,0.15354856947405388
catboost,ACORN-F,2014-01-13 01:30:00,0.1378420333849454
catboost,ACORN-F,2014-01-13 02:00:00,0.12586541842882867
catboost,ACORN-F,2014-01-13 02:30:00,0.11823386771108968
catboost,ACORN-F,2014-01-13 03:00:00,0.11271162169892948
catboost,ACORN-F,2014-01-13 03:30:00,0.10939194447078857
catboost,ACORN-F,2014-01-13 04:00:00,0.10679323278970274
catboost,ACORN-F,2014-01-13 04:30:00,0.10670501610941335
catboost,ACORN-F,2014-01-13 05:00:00,0.10909261344238966
catboost,ACORN-F,2014-01-13 05:30:00,0.11661860433114975
catboost,ACORN-F,2014-01-13 06:00:00,0.12893792501225207
catboost,ACORN-F,2014-01-13 06:30:00,0.14715759704223638
catboost,ACORN-F,2014-01-13 07:00:00,0.16555639215693563
catboost,ACORN-F,2014-01-13 07:30:00,0.19162496927728664
catboost,ACORN-F,2014-01-13 08:00:00,0.2091038862338668
catboost,ACORN-F,2014-01-13 08:30:00,0.22423444222645822
catboost,ACORN-F,2014-01-13 09:00:00,0.22133984899271722
catboost,ACORN-F,2014-01-13 09:30:00,0.21830660027670443
catboost,ACORN-F,2014-01-13 10:00:00,0.2150813295501571
catboost,ACORN-F,2014-01-13 10:30:00,0.21602349597802462
catboost,ACORN-F,2014-01-13 11:00:00,0.21828349134705669
catboost,ACORN-F,2014-01-13 11:30:00,0.2216821674098581
catboost,ACORN-F,2014-01-13 12:00:00,0.21635045393324934
catboost,ACORN-F,2014-01-13 12:30:00,0.21560915195079167
catboost,ACORN-F,2014-01-13 13:00:00,0.21621281176098422
catboost,ACORN-F,2014-01-13 13:30:00,0.2175970647262435
catboost,ACORN-F,2014-01-13 14:00:00,0.2181121352145039
catboost,ACORN-F,2014-01-13 14:30:00,0.22224457068087927
catboost,ACORN-F,2014-01-13 15:00:00,0.22732950627136259
catboost,ACORN-F,2014-01-13 15:30:00,0.2361305612001688
catboost,ACORN-F,2014-01-13 16:00:00,0.2492558359600625
catboost,ACORN-F,2014-01-13 16:30:00,0.27698034735220894
catboost,ACORN-F,2014-01-13 17:00:00,0.3108381085099008
catboost,ACORN-F,2014-01-13 17:30:00,0.3345497265481986
catboost,ACORN-F,2014-01-13 18:00:00,0.35153338317685856
catboost,ACORN-F,2014-01-13 18:30:00,0.363349608552908
catboost,ACORN-F,2014-01-13 19:00:00,0.37006985917232804
catboost,ACORN-F,2014-01-13 19:30:00,0.3713870694869075
catboost,ACORN-F,2014-01-13 20:00:00,0.3591346268935664
catboost,ACORN-F,2014-01-13 20:30:00,0.3489111517709568
catboost,ACORN-F,2014-01-13 21:00:00,0.33501381740689395
catboost,ACORN-F,2014-01-13 21:30:00,0.32292150229954525
catboost,ACORN-F,2014-01-13 22:00:00,0.29788166522365556
catboost,ACORN-F,2014-01-13 22:30:00,0.2726351817733023
catboost,ACORN-F,2014-01-13 23:00:00,0.24415939926607547
catboost,ACORN-F,2014-01-13 23:30:00,0.2140141749041136
catboost,ACORN-F,2014-01-14 00:00:00,0.18543337858026585
catboost,ACORN-F,2014-01-14 00:30:00,0.16647897311686238
catboost,ACORN-F,2014-01-14 01:00:00,0.149893377116679
catboost,ACORN-F,2014-01-14 01:30:00,0.13468398619186492
catboost,ACORN-F,2014-01-14 02:00:00,0.12311464632676877
catboost,ACORN-F,2014-01-14 02:30:00,0.11511567908654372
catboost,ACORN-F,2014-01-14 03:00:00,0.10910539477775845
catboost,ACORN-F,2014-01-14 03:30:00,0.105735030112224
catboost,ACORN-F,2014-01-14 04:00:00,0.10416103810476336
catboost,ACORN-F,2014-01-14 04:30:00,0.10509456219364333
catboost,ACORN-F,2014-01-14 05:00:00,0.10765509770816636
catboost,ACORN-F,2014-01-14 05:30:00,0.11646433921905792
catboost,ACORN-F,2014-01-14 06:00:00,0.12996695035889874
catboost,ACORN-F,2014-01-14 06:30:00,0.15089082684059923
catboost,ACORN-F,2014-01-14 07:00:00,0.17555874349356987
catboost,ACORN-F,2014-01-14 07:30:00,0.20145681476206456
catboost,ACORN-F,2014-01-14 08:00:00,0.22178230317331904
catboost,ACORN-F,2014-01-14 08:30:00,0.23470647044689566
catboost,ACORN-F,2014-01-14 09:00:00,0.2303812315669931
catboost,ACORN-F,2014-01-14 09:30:00,0.2263472065896725
catboost,ACORN-F,2014-01-14 10:00:00,0.22105851791676923
catboost,ACORN-F,2014-01-14 10:30:00,0.21786608775842947
catboost,ACORN-F,2014-01-14 11:00:00,0.2151604232880319
catboost,ACORN-F,2014-01-14 11:30:00,0.2163592465244179
catboost,ACORN-F,2014-01-14 12:00:00,0.21443771116963206
catboost,ACORN-F,2014-01-14 12:30:00,0.21155830131558273
catboost,ACORN-F,2014-01-14 13:00:00,0.2108422327794287
catboost,ACORN-F,2014-01-14 13:30:00,0.2097750870734292
catboost,ACORN-F,2014-01-14 14:00:00,0.20826181096970597
catboost,ACORN-F,2014-01-14 14:30:00,0.21134732719845792
catboost,ACORN-F,2014-01-14 15:00:00,0.2145645864083773
catboost,ACORN-F,2014-01-14 15:30:00,0.22025827753895832
catboost,ACORN-F,2014-01-14 16:00:00,0.23249162589799197
catboost,ACORN-F,2014-01-14 16:30:00,0.25426992113926383
catboost,ACORN-F,2014-01-14 17:00:00,0.2864431622726154
catboost,ACORN-F,2014-01-14 17:30:00,0.3157185856678225
catboost,ACORN-F,2014-01-14 18:00:00,0.335153774373225
catboost,ACORN-F,2014-01-14 18:30:00,0.35216949909120254
catboost,ACORN-F,2014-01-14 19:00:00,0.3608612011065252
catboost,ACORN-F,2014-01-14 19:30:00,0.3687861534505963
catboost,ACORN-F,2014-01-14 20:00:00,0.3621788138234643
catboost,ACORN-F,2014-01-14 20:30:00,0.35157623673977567
catboost,ACORN-F,2014-01-14 21:00:00,0.33642077502132617
catboost,ACORN-F,2014-01-14 21:30:00,0.32324105843625006
catboost,ACORN-F,2014-01-14 22:00:00,0.29961884297783614
catboost,ACORN-F,2014-01-14 22:30:00,0.27419607918766875
catboost,ACORN-F,2014-01-14 23:00:00,0.2457470207909349
catboost,ACORN-F,2014-01-14 23:30:00,0.21572633193746735
catboost,ACORN-Q,2014-01-13 00:00:00,0.1686980269329359
catboost,ACORN-Q,2014-01-13 00:30:00,0.1546712708242656
catboost,ACORN-Q,2014-01-13 01:00:00,0.13955638602396686
catboost,ACORN-Q,2014-01-13 01:30:00,0.12487008257923463
catboost,ACORN-Q,2014-01-13 02:00:00,0.11598941644817423
catboost,ACORN-Q,2014-01-13 02:30:00,0.10850426972958119
catboost,ACORN-Q,2014-01-13 03:00:00,0.1003458285281829
catboost,ACORN-Q,2014-01-13 03:30:00,0.09484935257654523
catboost,ACORN-Q,2014-01-13 04:00:00,0.0921366384339857
catboost,ACORN-Q,2014-01-13 04:30:00,0.09180599819580311
catboost,ACORN-Q,2014-01-13 05:00:00,0.0935714385099179
catboost,ACORN-Q,2014-01-13 05:30:00,0.1003544139269989
catboost,ACORN-Q,2014-01-13 06:00:00,0.10839228417533493
catboost,ACORN-Q,2014-01-13 06:30:00,0.11427990598165154
catboost,ACORN-Q,2014-01-13 07:00:00,0.12380104837287288
catboost,ACORN-Q,2014-01-13 07:30:00,0.13485062111955007
catboost,ACORN-Q,2014-01-13 08:00:00,0.14875015145363962
catboost,ACORN-Q,2014-01-13 08:30:00,0.16000373139073545
catboost,ACORN-Q,2014-01-13 09:00:00,0.15649846104510717
catboost,ACORN-Q,2014-01-13 09:30:00,0.15702256560236327
catboost,ACORN-Q,2014-01-13 10:00:00,0.15768831699356423
catboost,ACORN-Q,2014-01-13 10:30:00,0.16002901234064734
catboost,ACORN-Q,2014-01-13 11:00:00,0.1634389965293548
catboost,ACORN-Q,2014-01-13 11:30:00,0.16445666424341468
catboost,ACORN-Q,2014-01-13 12:00:00,0.16387603540163628
catboost,ACORN-Q,2014-01-13 12:30:00,0.16431215899412444
catboost,ACORN-Q,2014-01-13 13:00:00,0.1631159272579076
catboost,ACORN-Q,2014-01-13 13:30:00,0.16373148706127652
catboost,ACORN-Q,2014-01-13 14:00:00,0.16800643610006757
catboost,ACORN-Q,2014-01-13 14:30:00,0.1692331568081859
catboost,ACORN-Q,2014-01-13 15:00:00,0.16960337270009243
catboost,ACORN-Q,2014-01-13 15:30:00,0.1763737348875565
catboost,ACORN-Q,2014-01-13 16:00:00,0.18761405534783798
catboost,ACORN-Q,2014-01-13 16:30:00,0.20310535688542958
catboost,ACORN-Q,2014-01-13 17:00:00,0.2240948261548903
catboost,ACORN-Q,2014-01-13 17:30:00,0.24313253319719724
catboost,ACORN-Q,2014-01-13 18:00:00,0.2589440100732428
catboost,ACORN-Q,2014-01-13 18:30:00,0.27026271294948656
catboost,ACORN-Q,2014-01-13 19:00:00,0.27015985604754855
catboost,ACORN-Q,2014-01-13 19:30:00,0.2665110456007206
catboost,ACORN-Q,2014-01-13 20:00:00,0.260351744831118
catboost,ACORN-Q,2014-01-13 20:30:00,0.2538586235582334
catboost,ACORN-Q,2014-01-13 21:00:00,0.24194663529824575
catboost,ACORN-Q,2014-01-13 21:30:00,0.2329092456503831
catboost,ACORN-Q,2014-01-13 22:00:00,0.22148971118210975
catboost,ACORN-Q,2014-01-13 22:30:00,0.20680039063688296
catboost,ACORN-Q,2014-01-13 23:00:00,0.19016612442086778
catboost,ACORN-Q,2014-01-13 23:30:00,0.1727381180403192
catboost,ACORN-Q,2014-01-14 00:00:00,0.1626261438258025
catboost,ACORN-Q,2014-01-14 00:30:00,0.14698389602869294
catboost,ACORN-Q,2014-01-14 01:00:00,0.13340553627273344
catboost,ACORN-Q,2014-01-14 01:30:00,0.11956088357707766
catboost,ACORN-Q,2014-01-14 02:00:00,0.11019092481565498
catboost,ACORN-Q,2014-01-14 02:30:00,0.10237535520311881
catboost,ACORN-Q,2014-01-14 03:00:00,0.09724144399692948
catboost,ACORN-Q,2014-01-14 03:30:00,0.09229570046707763
catboost,ACORN-Q,2014-01-14 04:00:00,0.09107632419786325
catboost,ACORN-Q,2014-01-14 04:30:00,0.09091848099669637
catboost,ACORN-Q,2014-01-14 05:00:00,0.09333777808110472
catboost,ACORN-Q,2014-01-14 05:30:00,0.09959101801394823
catboost,ACORN-Q,2014-01-14 06:00:00,0.10666645920100028
catboost,ACORN-Q,2014-01-14 06:30:00,0.11852090656179214
catboost,ACORN-Q,2014-01-14 07:00:00,0.13139101785101454
catboost,ACORN-Q,2014-01-14 07:30:00,0.14399211102465168
catboost,ACORN-Q,2014-01-14 08:00:00,0.15510344097613946
catboost,ACORN-Q,2014-01-14 08:30:00,0.1663868357055883
catboost,ACORN-Q,2014-01-14 09:00:00,0.1625215144209684
catboost,ACORN-Q,2014-01-14 09:30:00,0.1629072864994593
catboost,ACORN-Q,2014-01-14 10:00:00,0.16425408446792183
catboost,ACORN-Q,2014-01-14 10:30:00,0.16517984633444938
catboost,ACORN-Q,2014-01-14 11:00:00,0.16641122598114116
catboost,ACORN-Q,2014-01-14 11:30:00,0.16688604149546613
catboost,ACORN-Q,2014-01-14 12:00:00,0.16529395354995696
catboost,ACORN-Q,2014-01-14 12:30:00,0.16190877190614605
catboost,ACORN-Q,2014-01-14 13:00:00,0.16123713805896822
catboost,ACORN-Q,2014-01-14 13:30:00,0.16138847111162768
catboost,ACORN-Q,2014-01-14 14:00:00,0.16119363600425993
catboost,ACORN-Q,2014-01-14 14:30:00,0.16211650828602675
catboost,ACORN-Q,2014-01-14 15:00:00,0.1642015978435186
catboost,ACORN-Q,2014-01-14 15:30:00,0.16963945927092655
catboost,ACORN-Q,2014-01-14 16:00:00,0.1793974558632769
catboost,ACORN-Q,2014-01-14 16:30:00,0.19567976759352554
catboost,ACORN-Q,2014-01-14 17:00:00,0.2170293442134343
catboost,ACORN-Q,2014-01-14 17:30:00,0.238457390811879
catboost,ACORN-Q,2014-01-14 18:00:00,0.2556635116565094
catboost,ACORN-Q,2014-01-14 18:30:00,0.265861495741453
catboost,ACORN-Q,2014-01-14 19:00:00,0.26822803049682475
catboost,ACORN-Q,2014-01-14 19:30:00,0.26689278793435933
catboost,ACORN-Q,2014-01-14 20:00:00,0.25975580841306906
catboost,ACORN-Q,2014-01-14 20:30:00,0.25407086451210104
catboost,ACORN-Q,2014-01-14 21:00:00,0.24285271157258426
catboost,ACORN-Q,2014-01-14 21:30:00,0.23220318275273913
catboost,ACORN-Q,2014-01-14 22:00:00,0.21974882482382335
catboost,ACORN-Q,2014-01-14 22:30:00,0.20591001719911087
catboost,ACORN-Q,2014-01-14 23:00:00,0.18877923816959596
catboost,ACORN-Q,2014-01-14 23:30:00,0.17364721241625877
lightgbm,ACORN-E,2014-01-13 00:00:00,0.2591302034574565
lightgbm,ACORN-E,2014-01-13 00:30:00,0.23035374214001678
lightgbm,ACORN-E,2014-01-13 01:00:00,0.20518204631143627
lightgbm,ACORN-E,2014-01-13 01:30:00,0.1791716474312388
lightgbm,ACORN-E,2014-01-13 02:00:00,0.16831245448839324
lightgbm,ACORN-E,2014-01-13 02:30:00,0.16003147730633685
lightgbm,ACORN-E,2014-01-13 03:00:00,0.15130753774742983
lightgbm,ACORN-E,2014-01-13 03:30:00,0.14396103128638815
lightgbm,ACORN-E,2014-01-13 04:00:00,0.13686419744887438
lightgbm,ACORN-E,2014-01-13 04:30:00,0.135481871847627
lightgbm,ACORN-E,2014-01-13 05:00:00,0.13524687960606607
lightgbm,ACORN-E,2014-01-13 05:30:00,0.14371764983958354
lightgbm,ACORN-E,2014-01-13 06:00:00,0.1564525417023586
lightgbm,ACORN-E,2014-01-13 06:30:00,0.17742271918865699
lightgbm,ACORN-E,2014-01-13 07:00:00,0.19300463971691062
lightgbm,ACORN-E,2014-01-13 07:30:00,0.22463514409441376
lightgbm,ACORN-E,2014-01-13 08:00:00,0.25166463270700556
lightgbm,ACORN-E,2014-01-13 08:30:00,0.2651974304473835
lightgbm,ACORN-E,2014-01-13 09:00:00,0.2559666315291487
lightgbm,ACORN-E,2014-01-13 09:30:00,0.2581674956186474
lightgbm,ACORN-E,2014-01-13 10:00:00,0.2554432110792488
lightgbm,ACORN-E,2014-01-13 10:30:00,0.2509496009275601
lightgbm,ACORN-E,2014-01-13 11:00:00,0.24808573784237997
lightgbm,ACORN-E,2014-01-13 11:30:00,0.24351068955659144
lightgbm,ACORN-E,2014-01-13 12:00:00,0.23917061117290123
lightgbm,ACORN-E,2014-01-13 12:30:00,0.23553294496160457
lightgbm,ACORN-E,2014-01-13 13:00:00,0.23366232240356324
lightgbm,ACORN-E,2014-01-13 13:30:00,0.23086943926829834
lightgbm,ACORN-E,2014-01-13 14:00:00,0.22894680199309903
lightgbm,ACORN-E,2014-01-13 14:30:00,0.22877958348844285
lightgbm,ACORN-E,2014-01-13 15:00:00,0.2281706339734635
lightgbm,ACORN-E,2014-01-13 15:30:00,0.23389454183170785
lightgbm,ACORN-E,2014-01-13 16:00:00,0.2465885606354642
lightgbm,ACORN-E,2014-01-13 16:30:00,0.275930879712145
lightgbm,ACORN-E,2014-01-13 17:00:00,0.3072745601789961
lightgbm,ACORN-E,2014-01-13 17:30:00,0.3391556131544523
lightgbm,ACORN-E,2014-01-13 18:00:00,0.3656890814786118
lightgbm,ACORN-E,2014-01-13 18:30:00,0.39022216225820616
lightgbm,ACORN-E,2014-01-13 19:00:00,0.41125324806754465
lightgbm,ACORN-E,2014-01-13 19:30:00,0.41881779988016915
lightgbm,ACORN-E,2014-01-13 20:00:00,0.4119649695746911
lightgbm,ACORN-E,2014-01-13 20:30:00,0.40213258773866245
lightgbm,ACORN-E,2014-01-13 21:00:00,0.3904707475525243
lightgbm,ACORN-E,2014-01-13 21:30:00,0.37337222954527555
lightgbm,ACORN-E,2014-01-13 22:00:00,0.34679921564841343
lightgbm,ACORN-E,2014-01-13 22:30:00,0.32301429474505106
lightgbm,ACORN-E,2014-01-13 23:00:00,0.2847771512288151
lightgbm,ACORN-E,2014-01-13 23:30:00,0.2434291632835376
lightgbm,ACORN-E,2014-01-14 00:00:00,0.2591848750816718
lightgbm,ACORN-E,2014-01-14 00:30:00,0.23226001375648425
lightgbm,ACORN-E,2014-01-14 01:00:00,0.20259164235717642
lightgbm,ACORN-E,2014-01-14 01:30:00,0.17777009611139694
lightgbm,ACORN-E,2014-01-14 02:00:00,0.1632289242037483
lightgbm,ACORN-E,2014-01-14 02:30:00,0.15666441907316064
lightgbm,ACORN-E,2014-01-14 03:00:00,0.14741076374470033
lightgbm,ACORN-E,2014-01-14 03:30:00,0.1386610445275192
lightgbm,ACORN-E,2014-01-14 04:00:00,0.1350766315204785
lightgbm,ACORN-E,2014-01-14 04:30:00,0.13488622125841396
lightgbm,ACORN-E,2014-01-14 05:00:00,0.1342247332435005
lightgbm,ACORN-E,2014-01-14 05:30:00,0.14278887180297734
lightgbm,ACORN-E,2014-01-14 06:00:00,0.1574069819167675
lightgbm,ACORN-E,2014-01-14 06:30:00,0.18061231557546087
lightgbm,ACORN-E,2014-01-14 07:00:00,0.20538036149251948
lightgbm,ACORN-E,2014-01-14 07:30:00,0.24645937205337956
lightgbm,ACORN-E,2014-01-14 08:00:00,0.26732716506269383
lightgbm,ACORN-E,2014-01-14 08:30:00,0.2732585660370821
lightgbm,ACORN-E,2014-01-14 09:00:00,0.26568626568226206
lightgbm,ACORN-E,2014-01-14 09:30:00,0.26274074698952277
lightgbm,ACORN-E,2014-01-14 10:00:00,0.2578689329291703
lightgbm,ACORN-E,2014-01-14 10:30:00,0.25274947575667966
lightgbm,ACORN-E,2014-01-14 11:00:00,0.2502853119480713
lightgbm,ACORN-E,2014-01-14 11:30:00,0.24793435800786492
lightgbm,ACORN-E,2014-01-14 12:00:00,0.24662491798232022
lightgbm,ACORN-E,2014-01-14 12:30:00,0.2451310261210402
lightgbm,ACORN-E,2014-01-14 13:00:00,0.24299284655847586
lightgbm,ACORN-E,2014-01-14 13:30:00,0.23901179353005358
lightgbm,ACORN-E,2014-01-14 14:00:00,0.23583780276047112
lightgbm,ACORN-E,2014-01-14 14:30:00,0.23470045548245652
lightgbm,ACORN-E,2014-01-14 15:00:00,0.23272193339240688
lightgbm,ACORN-E,2014-01-14 15:30:00,0.2392274396490585
lightgbm,ACORN-E,2014-01-14 16:00:00,0.25092529298529
lightgbm,ACORN-E,2014-01-14 16:30:00,0.27632818348453786
lightgbm,ACORN-E,2014-01-14 17:00:00,0.3069667187413685
lightgbm,ACORN-E,2014-01-14 17:30:00,0.33735396912384197
lightgbm,ACORN-E,2014-01-14 18:00:00,0.3611181425349245
lightgbm,ACORN-E,2014-01-14 18:30:00,0.38547600554968786
lightgbm,ACORN-E,2014-01-14 19:00:00,0.3973608743267066
lightgbm,ACORN-E,2014-01-14 19:30:00,0.400347234463222
lightgbm,ACORN-E,2014-01-14 20:00:00,0.4034067894571568
lightgbm,ACORN-E,2014-01-14 20:30:00,0.40007755652001076
lightgbm,ACORN-E,2014-01-14 21:00:00,0.39346539103711936
lightgbm,ACORN-E,2014-01-14 21:30:00,0.37437465539328
lightgbm,ACORN-E,2014-01-14 22:00:00,0.34942545615540405
lightgbm,ACORN-E,2014-01-14 22:30:00,0.32545941180358057
lightgbm,ACORN-E,2014-01-14 23:00:00,0.2888111933645413
lightgbm,ACORN-E,2014-01-14 23:30:00,0.247806860721948
lightgbm,ACORN-F,2014-01-13 00:00:00,0.18964951774732117
lightgbm,ACORN-F,2014-01-13 00:30:00,0.16541521307670876
lightgbm,ACORN-F,2014-01-13 01:00:00,0.14936423941068114
lightgbm,ACORN-F,2014-01-13 01:30:00,0.1335111404773449
lightgbm,ACORN-F,2014-01-13 02:00:00,0.12111671165213334
lightgbm,ACORN-F,2014-01-13 02:30:00,0.11478680794968212
lightgbm,ACORN-F,2014-01-13 03:00:00,0.1094983094504491
lightgbm,ACORN-F,2014-01-13 03:30:00,0.10585317976800213
lightgbm,ACORN-F,2014-01-13 04:00:00,0.10465267316876523
lightgbm,ACORN-F,2014-01-13 04:30:00,0.1042536835386762
lightgbm,ACORN-F,2014-01-13 05:00:00,0.10647674588389186
lightgbm,ACORN-F,2014-01-13 05:30:00,0.11487608436517284
lightgbm,ACORN-F,2014-01-13 06:00:00,0.1250063999542383
lightgbm,ACORN-F,2014-01-13 06:30:00,0.14829342524420497
lightgbm,ACORN-F,2014-01-13 07:00:00,0.17349174019808933
lightgbm,ACORN-F,2014-01-13 07:30:00,0.20152956364734104
lightgbm,ACORN-F,2014-01-13 08:00:00,0.22320549677862175
lightgbm,ACORN-F,2014-01-13 08:30:00,0.23056671397445702
lightgbm,ACORN-F,2014-01-13 09:00:00,0.22464472349605777
lightgbm,ACORN-F,2014-01-13 09:30:00,0.2197155852301522
lightgbm,ACORN-F,2014-01-13 10:00:00,0.21651597754819485
lightgbm,ACORN-F,2014-01-13 10:30:00,0.2129209541793863
lightgbm,ACORN-F,2014-01-13 11:00:00,0.21156795164252018
lightgbm,ACORN-F,2014-01-13 11:30:00,0.20970708881926114
lightgbm,ACORN-F,2014-01-13 12:00:00,0.20431940796876227
lightgbm,ACORN-F,2014-01-13 12:30:00,0.20296527935530073
lightgbm,ACORN-F,2014-01-13 13:00:00,0.20122916705233104
lightgbm,ACORN-F,2014-01-13 13:30:00,0.19873806990701356
lightgbm,ACORN-F,2014-01-13 14:00:00,0.1993410231857269
lightgbm,ACORN-F,2014-01-13 14:30:00,0.19990974629348404
lightgbm,ACORN-F,2014-01-13 15:00:00,0.20042324804992034
lightgbm,ACORN-F,2014-01-13 15:30:00,0.20855412167110618
lightgbm,ACORN-F,2014-01-13 16:00:00,0.21806700011593474
lightgbm,ACORN-F,2014-01-13 16:30:00,0.2440124349157246
lightgbm,ACORN-F,2014-01-13 17:00:00,0.27653869579292595
lightgbm,ACORN-F,2014-01-13 17:30:00,0.3040692751875911
lightgbm,ACORN-F,2014-01-13 18:00:00,0.32820567954440777
lightgbm,ACORN-F,2014-01-13 18:30:00,0.34858233017456913
lightgbm,ACORN-F,2014-01-13 19:00:00,0.357083938178307
lightgbm,ACORN-F,2014-01-13 19:30:00,0.35631566952473653
lightgbm,ACORN-F,2014-01-13 20:00:00,0.3456002385727931
lightgbm,ACORN-F,2014-01-13 20:30:00,0.3414398263253184
lightgbm,ACORN-F,2014-01-13 21:00:00,0.32891703655334553
lightgbm,ACORN-F,2014-01-13 21:30:00,0.3165582971598367
lightgbm,ACORN-F,2014-01-13 22:00:00,0.2987991266985581
lightgbm,ACORN-F,2014-01-13 22:30:00,0.27695229706859226
lightgbm,ACORN-F,2014-01-13 23:00:00,0.24608683416292468
lightgbm,ACORN-F,2014-01-13 23:30:00,0.21457812578546667
lightgbm,ACORN-F,2014-01-14 00:00:00,0.18357419466817335
lightgbm,ACORN-F,2014-01-14 00:30:00,0.1617310674787301
lightgbm,ACORN-F,2014-01-14 01:00:00,0.14269363280607505
lightgbm,ACORN-F,2014-01-14 01:30:00,0.12807885061189178
lightgbm,ACORN-F,2014-01-14 02:00:00,0.11789020971744306
lightgbm,ACORN-F,2014-01-14 02:30:00,0.11180351651364609
lightgbm,ACORN-F,2014-01-14 03:00:00,0.10717642374062276
lightgbm,ACORN-F,2014-01-14 03:30:00,0.10357638400078067
lightgbm,ACORN-F,2014-01-14 04:00:00,0.10255185827169273
lightgbm,ACORN-F,2014-01-14 04:30:00,0.10420008762878155
lightgbm,ACORN-F,2014-01-14 05:00:00,0.10730874027586766
lightgbm,ACORN-F,2014-01-14 05:30:00,0.11585769234803946
lightgbm,ACORN-F,2014-01-14 06:00:00,0.12897242211549687
lightgbm,ACORN-F,2014-01-14 06:30:00,0.15126441770088178
lightgbm,ACORN-F,2014-01-14 07:00:00,0.17995500726097619
lightgbm,ACORN-F,2014-01-14 07:30:00,0.213678909155601
lightgbm,ACORN-F,2014-01-14 08:00:00,0.2408051860569672
lightgbm,ACORN-F,2014-01-14 08:30:00,0.2463366095362002
lightgbm,ACORN-F,2014-01-14 09:00:00,0.23589190669533838
lightgbm,ACORN-F,2014-01-14 09:30:00,0.23115368936947128
lightgbm,ACORN-F,2014-01-14 10:00:00,0.22349815085343006
lightgbm,ACORN-F,2014-01-14 10:30:00,0.2179314856532182
lightgbm,ACORN-F,2014-01-14 11:00:00,0.21674760280822297
lightgbm,ACORN-F,2014-01-14 11:30:00,0.21550567514293575
lightgbm,ACORN-F,2014-01-14 12:00:00,0.2124702602265623
lightgbm,ACORN-F,2014-01-14 12:30:00,0.21017721754299531
lightgbm,ACORN-F,2014-01-14 13:00:00,0.2090316067157282
lightgbm,ACORN-F,2014-01-14 13:30:00,0.20573498809003873
lightgbm,ACORN-F,2014-01-14 14:00:00,0.20475341964927066
lightgbm,ACORN-F,2014-01-14 14:30:00,0.20666718818357488
lightgbm,ACORN-F,2014-01-14 15:00:00,0.20817749362633867
lightgbm,ACORN-F,2014-01-14 15:30:00,0.2155251875911482
lightgbm,ACORN-F,2014-01-14 16:00:00,0.22390285421835607
lightgbm,ACORN-F,2014-01-14 16:30:00,0.24576174693716357
lightgbm,ACORN-F,2014-01-14 17:00:00,0.2744045222147886
lightgbm,ACORN-F,2014-01-14 17:30:00,0.305605253714975
lightgbm,ACORN-F,2014-01-14 18:00:00,0.32716108620562423
lightgbm,ACORN-F,2014-01-14 18:30:00,0.3431834741858095
lightgbm,ACORN-F,2014-01-14 19:00:00,0.3531037500562675
lightgbm,ACORN-F,2014-01-14 19:30:00,0.3573897321014415
lightgbm,ACORN-F,2014-01-14 20:00:00,0.3467350515799597
lightgbm,ACORN-F,2014-01-14 20:30:00,0.33837031166178283
lightgbm,ACORN-F,2014-01-14 21:00:00,0.3289524479041805
lightgbm,ACORN-F,2014-01-14 21:30:00,0.31724908389266715
lightgbm,ACORN-F,2014-01-14 22:00:00,0.29960074605671055
lightgbm,ACORN-F,2014-01-14 22:30:00,0.2779989755139007
lightgbm,ACORN-F,2014-01-14 23:00:00,0.24590549906651235
lightgbm,ACORN-F,2014-01-14 23:30:00,0.214529247402881
lightgbm,ACORN-Q,2014-01-13 00:00:00,0.1757353781418864
lightgbm,ACORN-Q,2014-01-13 00:30:00,0.15748001884502422
lightgbm,ACORN-Q,2014-01-13 01:00:00,0.1384898928887536
lightgbm,ACORN-Q,2014-01-13 01:30:00,0.121370440640915
lightgbm,ACORN-Q,2014-01-13 02:00:00,0.11199646941963669
lightgbm,ACORN-Q,2014-01-13 02:30:00,0.10660337927030901
lightgbm,ACORN-Q,2014-01-13 03:00:00,0.09922108210211754
lightgbm,ACORN-Q,2014-01-13 03:30:00,0.09453187386615716
lightgbm,ACORN-Q,2014-01-13 04:00:00,0.09000702546192439
lightgbm,ACORN-Q,2014-01-13 04:30:00,0.0894807778248989
lightgbm,ACORN-Q,2014-01-13 05:00:00,0.09065132773437624
lightgbm,ACORN-Q,2014-01-13 05:30:00,0.09799824434256375
lightgbm,ACORN-Q,2014-01-13 06:00:00,0.1052755034640672
lightgbm,ACORN-Q,2014-01-13 06:30:00,0.11481988737274659
lightgbm,ACORN-Q,2014-01-13 07:00:00,0.12575826741625673
lightgbm,ACORN-Q,2014-01-13 07:30:00,0.13752066821483155
lightgbm,ACORN-Q,2014-01-13 08:00:00,0.15342524287956993
lightgbm,ACORN-Q,2014-01-13 08:30:00,0.16625740741234285
lightgbm,ACORN-Q,2014-01-13 09:00:00,0.1617597796078591
lightgbm,ACORN-Q,2014-01-13 09:30:00,0.16143489293813573
lightgbm,ACORN-Q,2014-01-13 10:00:00,0.1602606535871302
lightgbm,ACORN-Q,2014-01-13 10:30:00,0.16120295979265054
lightgbm,ACORN-Q,2014-01-13 11:00:00,0.16335015825985252
lightgbm,ACORN-Q,2014-01-13 11:30:00,0.16268148889523043
lightgbm,ACORN-Q,2014-01-13 12:00:00,0.16174182969896775
lightgbm,ACORN-Q,2014-01-13 12:30:00,0.16022070419448775
lightgbm,ACORN-Q,2014-01-13 13:00:00,0.15839835881283018
lightgbm,ACORN-Q,2014-01-13 13:30:00,0.158324144626637
lightgbm,ACORN-Q,2014-01-13 14:00:00,0.16009513130110972
lightgbm,ACORN-Q,2014-01-13 14:30:00,0.15956553709032237
lightgbm,ACORN-Q,2014-01-13 15:00:00,0.1594439413763932
lightgbm,ACORN-Q,2014-01-13 15:30:00,0.16609514204770684
lightgbm,ACORN-Q,2014-01-13 16:00:00,0.17652430608593334
lightgbm,ACORN-Q,2014-01-13 16:30:00,0.19499328954759176
lightgbm,ACORN-Q,2014-01-13 17:00:00,0.2160305275625974
lightgbm,ACORN-Q,2014-01-13 17:30:00,0.23525854631082585
lightgbm,ACORN-Q,2014-01-13 18:00:00,0.2518787012208851
lightgbm,ACORN-Q,2014-01-13 18:30:00,0.26669874337819544
lightgbm,ACORN-Q,2014-01-13 19:00:00,0.27178555761885265
lightgbm,ACORN-Q,2014-01-13 19:30:00,0.268306160647665
lightgbm,ACORN-Q,2014-01-13 20:00:00,0.26175286868453435
lightgbm,ACORN-Q,2014-01-13 20:30:00,0.2533994092568444
lightgbm,ACORN-Q,2014-01-13 21:00:00,0.24058025222150564
lightgbm,ACORN-Q,2014-01-13 21:30:00,0.23188220504469303
lightgbm,ACORN-Q,2014-01-13 22:00:00,0.2240436032412256
lightgbm,ACORN-Q,2014-01-13 22:30:00,0.21309571525416207
lightgbm,ACORN-Q,2014-01-13 23:00:00,0.19664412950455534
lightgbm,ACORN-Q,2014-01-13 23:30:00,0.1746328937162032
lightgbm,ACORN-Q,2014-01-14 00:00:00,0.16631349174151264
lightgbm,ACORN-Q,2014-01-14 00:30:00,0.1482276889143232
lightgbm,ACORN-Q,2014-01-14 01:00:00,0.13273475815012506
lightgbm,ACORN-Q,2014-01-14 01:30:00,0.11896561992083629
lightgbm,ACORN-Q,2014-01-14 02:00:00,0.11037862571072096
lightgbm,ACORN-Q,2014-01-14 02:30:00,0.10336261346951062
lightgbm,ACORN-Q,2014-01-14 03:00:00,0.09778567861468528
lightgbm,ACORN-Q,2014-01-14 03:30:00,0.09292500731308521
lightgbm,ACORN-Q,2014-01-14 04:00:00,0.08983659624828388
lightgbm,ACORN-Q,2014-01-14 04:30:00,0.09043053133926966
lightgbm,ACORN-Q,2014-01-14 05:00:00,0.09167011402680711
lightgbm,ACORN-Q,2014-01-14 05:30:00,0.09807441207544712
lightgbm,ACORN-Q,2014-01-14 06:00:00,0.1050609216170318
lightgbm,ACORN-Q,2014-01-14 06:30:00,0.11648639476198065
lightgbm,ACORN-Q,2014-01-14 07:00:00,0.13052313471001795
lightgbm,ACORN-Q,2014-01-14 07:30:00,0.14616870955289973
lightgbm,ACORN-Q,2014-01-14 08:00:00,0.159595706364422
lightgbm,ACORN-Q,2014-01-14 08:30:00,0.17163957141015201
lightgbm,ACORN-Q,2014-01-14 09:00:00,0.16522539238902137
lightgbm,ACORN-Q,2014-01-14 09:30:00,0.16614422845576807
lightgbm,ACORN-Q,2014-01-14 10:00:00,0.16589939983764926
lightgbm,ACORN-Q,2014-01-14 10:30:00,0.1668834681147338
lightgbm,ACORN-Q,2014-01-14 11:00:00,0.166576886477497
lightgbm,ACORN-Q,2014-01-14 11:30:00,0.1666464223998909
lightgbm,ACORN-Q,2014-01-14 12:00:00,0.16575490089360573
lightgbm,ACORN-Q,2014-01-14 12:30:00,0.1641075543537977
lightgbm,ACORN-Q,2014-01-14 13:00:00,0.16260623052161718
lightgbm,ACORN-Q,2014-01-14 13:30:00,0.16018482385871347
lightgbm,ACORN-Q,2014-01-14 14:00:00,0.15826743325001763
lightgbm,ACORN-Q,2014-01-14 14:30:00,0.15806950418270427
lightgbm,ACORN-Q,2014-01-14 15:00:00,0.15934846092338342
lightgbm,ACORN-Q,2014-01-14 15:30:00,0.16574497401041982
lightgbm,ACORN-Q,2014-01-14 16:00:00,0.17568593096633398
lightgbm,ACORN-Q,2014-01-14 16:30:00,0.19329623022151732
lightgbm,ACORN-Q,2014-01-14 17:00:00,0.2155637820903681
lightgbm,ACORN-Q,2014-01-14 17:30:00,0.23654162228014722
lightgbm,ACORN-Q,2014-01-14 18:00:00,0.2507336266233629
lightgbm,ACORN-Q,2014-01-14 18:30:00,0.2627892476402026
lightgbm,ACORN-Q,2014-01-14 19:00:00,0.26692139755147665
lightgbm,ACORN-Q,2014-01-14 19:30:00,0.26595902415994005
lightgbm,ACORN-Q,2014-01-14 20:00:00,0.2603677675856389
lightgbm,ACORN-Q,2014-01-14 20:30:00,0.2537996658443043
lightgbm,ACORN-Q,2014-01-14 21:00:00,0.24137605049320127
lightgbm,ACORN-Q,2014-01-14 21:30:00,0.23145556454762303
lightgbm,ACORN-Q,2014-01-14 22:00:00,0.2223651307875677
lightgbm,ACORN-Q,2014-01-14 22:30:00,0.20935655557453775
lightgbm,ACORN-Q,2014-01-14 23:00:00,0.19204400783460487
lightgbm,ACORN-Q,2014-01-14 23:30:00,0.17149252112359112
stack_regressor,ACORN-E,2014-01-13 00:00:00,0.24962893792870555
stack_regressor,ACORN-E,2014-01-13 00:30:00,0.2401911367543625
stack_regressor,ACORN-E,2014-01-13 01:00:00,0.22068657270649022
stack_regressor,ACORN-E,2014-01-13 01:30:00,0.1984333064858303
stack_regressor,ACORN-E,2014-01-13 02:00:00,0.17908268315148604
stack_regressor,ACORN-E,2014-01-13 02:30:00,0.16650449478994622
stack_regressor,ACORN-E,2014-01-13 03:00:00,0.1571477643811659
stack_regressor,ACORN-E,2014-01-13 03:30:00,0.14938162381460018
stack_regressor,ACORN-E,2014-01-13 04:00:00,0.1416969651165469
stack_regressor,ACORN-E,2014-01-13 04:30:00,0.13844809342300804
stack_regressor,ACORN-E,2014-01-13 05:00:00,0.13723479675942232
stack_regressor,ACORN-E,2014-01-13 05:30:00,0.14276589676869333
stack_regressor,ACORN-E,2014-01-13 06:00:00,0.15180888057927744
stack_regressor,ACORN-E,2014-01-13 06:30:00,0.16718846288848477
stack_regressor,ACORN-E,2014-01-13 07:00:00,0.18194276050643116
stack_regressor,ACORN-E,2014-01-13 07:30:00,0.2039740224848781
stack_regressor,ACORN-E,2014-01-13 08:00:00,0.22614092494420618
stack_regressor,ACORN-E,2014-01-13 08:30:00,0.24547981601589972
stack_regressor,ACORN-E,2014-01-13 09:00:00,0.25839590872732227
stack_regressor,ACORN-E,2014-01-13 09:30:00,0.2690239704525323
stack_regressor,ACORN-E,2014-01-13 10:00:00,0.2743767710424514
stack_regressor,ACORN-E,2014-01-13 10:30:00,0.2740517259729564
stack_regressor,ACORN-E,2014-01-13 11:00:00,0.2740072506992819
stack_regressor,ACORN-E,2014-01-13 11:30:00,0.27044321912470287
stack_regressor,ACORN-E,2014-01-13 12:00:00,0.2685386015222541
stack_regressor,ACORN-E,2014-01-13 12:30:00,0.2680795907715262
stack_regressor,ACORN-E,2014-01-13 13:00:00,0.27033939030704696
stack_regressor,ACORN-E,2014-01-13 13:30:00,0.27308075290823214
stack_regressor,ACORN-E,2014-01-13 14:00:00,0.27598648620972477
stack_regressor,ACORN-E,2014-01-13 14:30:00,0.27999647188621124
stack_regressor,ACORN-E,2014-01-13 15:00:00,0.2810585979106265
stack_regressor,ACORN-E,2014-01-13 15:30:00,0.287646071410806
stack_regressor,ACORN-E,2014-01-13 16:00:00,0.30126015961847225
stack_regressor,ACORN-E,2014-01-13 16:30:00,0.32694500947720867
stack_regressor,ACORN-E,2014-01-13 17:00:00,0.35277964556350505
stack_regressor,ACORN-E,2014-01-13 17:30:00,0.37871203790036445
stack_regressor,ACORN-E,2014-01-13 18:00:00,0.4003160268400733
stack_regressor,ACORN-E,2014-01-13 18:30:00,0.42522064425445394
stack_regressor,ACORN-E,2014-01-13 19:00:00,0.4424928879895217
stack_regressor,ACORN-E,2014-01-13 19:30:00,0.44759564966761445
stack_regressor,ACORN-E,2014-01-13 20:00:00,0.44153134222157464
stack_regressor,ACORN-E,2014-01-13 20:30:00,0.43011509455107255
stack_regressor,ACORN-E,2014-01-13 21:00:00,0.41314545791089324
stack_regressor,ACORN-E,2014-01-13 21:30:00,0.39233208237991235
stack_regressor,ACORN-E,2014-01-13 22:00:00,0.3673545036648909
stack_regressor,ACORN-E,2014-01-13 22:30:00,0.3431739190000915
stack_regressor,ACORN-E,2014-01-13 23:00:00,0.3119072983204973
stack_regressor,ACORN-E,2014-01-13 23:30:00,0.2727032041329358
stack_regressor,ACORN-E,2014-01-14 00:00:00,0.26057613578735306
stack_regressor,ACORN-E,2014-01-14 00:30:00,0.24295477211798722
stack_regressor,ACORN-E,2014-01-14 01:00:00,0.2210337529727921
stack_regressor,ACORN-E,2014-01-14 01:30:00,0.19965124128262218
stack_regressor,ACORN-E,2014-01-14 02:00:00,0.17976901753698582
stack_regressor,ACORN-E,2014-01-14 02:30:00,0.16538007608670788
stack_regressor,ACORN-E,2014-01-14 03:00:00,0.15441393613507984
stack_regressor,ACORN-E,2014-01-14 03:30:00,0.14627759766335272
stack_regressor,ACORN-E,2014-01-14 04:00:00,0.1393359110574835
stack_regressor,ACORN-E,2014-01-14 04:30:00,0.13850957490307175
stack_regressor,ACORN-E,2014-01-14 05:00:00,0.13696899594805423
stack_regressor,ACORN-E,2014-01-14 05:30:00,0.1421922534631167
stack_regressor,ACORN-E,2014-01-14 06:00:00,0.15195361847384706
stack_regressor,ACORN-E,2014-01-14 06:30:00,0.16875291203788545
stack_regressor,ACORN-E,2014-01-14 07:00:00,0.18945380113264376
stack_regressor,ACORN-E,2014-01-14 07:30:00,0.21833730164064125
stack_regressor,ACORN-E,2014-01-14 08:00:00,0.24433982097801388
stack_regressor,ACORN-E,2014-01-14 08:30:00,0.26352160177265477
stack_regressor,ACORN-E,2014-01-14 09:00:00,0.27020694535082546
stack_regressor,ACORN-E,2014-01-14 09:30:00,0.27300656673139445
stack_regressor,ACORN-E,2014-01-14 10:00:00,0.2749517627108531
stack_regressor,ACORN-E,2014-01-14 10:30:00,0.27671033154328306
stack_regressor,ACORN-E,2014-01-14 11:00:00,0.2783398902292077
stack_regressor,ACORN-E,2014-01-14 11:30:00,0.2780294610136906
stack_regressor,ACORN-E,2014-01-14 12:00:00,0.27687459592591496
stack_regressor,ACORN-E,2014-01-14 12:30:00,0.2768568036140814
stack_regressor,ACORN-E,2014-01-14 13:00:00,0.2758629514205934
stack_regressor,ACORN-E,2014-01-14 13:30:00,0.2744090691090563
stack_regressor,ACORN-E,2014-01-14 14:00:00,0.2733013660701058
stack_regressor,ACORN-E,2014-01-14 14:30:00,0.27263542392662643
stack_regressor,ACORN-E,2014-01-14 15:00:00,0.2715961753622098
stack_regressor,ACORN-E,2014-01-14 15:30:00,0.27701836529930457
stack_regressor,ACORN-E,2014-01-14 16:00:00,0.28827434622436726
stack_regressor,ACORN-E,2014-01-14 16:30:00,0.30835104715403977
stack_regressor,ACORN-E,2014-01-14 17:00:00,0.33652620650049414
stack_regressor,ACORN-E,2014-01-14 17:30:00,0.36400831120310206
stack_regressor,ACORN-E,2014-01-14 18:00:00,0.388985753511927
stack_regressor,ACORN-E,2014-01-14 18:30:00,0.4157443519783851
stack_regressor,ACORN-E,2014-01-14 19:00:00,0.4310776720860972
stack_regressor,ACORN-E,2014-01-14 19:30:00,0.44256712030800927
stack_regressor,ACORN-E,2014-01-14 20:00:00,0.4400466675894833
stack_regressor,ACORN-E,2014-01-14 20:30:00,0.43181333472971606
stack_regressor,ACORN-E,2014-01-14 21:00:00,0.41907880873906456
stack_regressor,ACORN-E,2014-01-14 21:30:00,0.39896395589261624
stack_regressor,ACORN-E,2014-01-14 22:00:00,0.374754256344601
stack_regressor,ACORN-E,2014-01-14 22:30:00,0.3513632231056456
stack_regressor,ACORN-E,2014-01-14 23:00:00,0.32234700603539956
stack_regressor,ACORN-E,2014-01-14 23:30:00,0.28318754760629433
stack_regressor,ACORN-F,2014-01-13 00:00:00,0.19867358922833125
stack_regressor,ACORN-F,2014-01-13 00:30:00,0.1780121942538429
stack_regressor,ACORN-F,2014-01-13 01:00:00,0.15951666448143553
stack_regressor,ACORN-F,2014-01-13 01:30:00,0.14298997674233213
stack_regressor,ACORN-F,2014-01-13 02:00:00,0.12912131830620172
stack_regressor,ACORN-F,2014-01-13 02:30:00,0.12007380988978841
stack_regressor,ACORN-F,2014-01-13 03:00:00,0.11320435014305993
stack_regressor,ACORN-F,2014-01-13 03:30:00,0.10816520412738564
stack_regressor,ACORN-F,2014-01-13 04:00:00,0.10515101704862226
stack_regressor,ACORN-F,2014-01-13 04:30:00,0.10415942992662673
stack_regressor,ACORN-F,2014-01-13 05:00:00,0.10467854198991905
stack_regressor,ACORN-F,2014-01-13 05:30:00,0.11007412569226052
stack_regressor,ACORN-F,2014-01-13 06:00:00,0.11807838362408682
stack_regressor,ACORN-F,2014-01-13 06:30:00,0.13549597536361535
stack_regressor,ACORN-F,2014-01-13 07:00:00,0.15556829238905487
stack_regressor,ACORN-F,2014-01-13 07:30:00,0.1795994009925695
stack_regressor,ACORN-F,2014-01-13 08:00:00,0.20145642945417197
stack_regressor,ACORN-F,2014-01-13 08:30:00,0.2218009427755876
stack_regressor,ACORN-F,2014-01-13 09:00:00,0.2296780048768386
stack_regressor,ACORN-F,2014-01-13 09:30:00,0.23285822607685702
stack_regressor,ACORN-F,2014-01-13 10:00:00,0.23481254359956946
stack_regressor,ACORN-F,2014-01-13 10:30:00,0.23817237006228906
stack_regressor,ACORN-F,2014-01-13 11:00:00,0.2404794601226239
stack_regressor,ACORN-F,2014-01-13 11:30:00,0.2424910512398999
stack_regressor,ACORN-F,2014-01-13 12:00:00,0.24110799210568012
stack_regressor,ACORN-F,2014-01-13 12:30:00,0.24008124550904875
stack_regressor,ACORN-F,2014-01-13 13:00:00,0.24246958593545442
stack_regressor,ACORN-F,2014-01-13 13:30:00,0.24380997431821344
stack_regressor,ACORN-F,2014-01-13 14:00:00,0.24832684480514255
stack_regressor,ACORN-F,2014-01-13 14:30:00,0.2536096917016093
stack_regressor,ACORN-F,2014-01-13 15:00:00,0.2586382645918248
stack_regressor,ACORN-F,2014-01-13 15:30:00,0.26905011020955977
stack_regressor,ACORN-F,2014-01-13 16:00:00,0.28275227517749923
stack_regressor,ACORN-F,2014-01-13 16:30:00,0.30531299840027076
stack_regressor,ACORN-F,2014-01-13 17:00:00,0.3294770115587353
stack_regressor,ACORN-F,2014-01-13 17:30:00,0.34895179713804547
stack_regressor,ACORN-F,2014-01-13 18:00:00,0.36388719468469055
stack_regressor,ACORN-F,2014-01-13 18:30:00,0.3749647479715548
stack_regressor,ACORN-F,2014-01-13 19:00:00,0.37787979484252976
stack_regressor,ACORN-F,2014-01-13 19:30:00,0.37823004571960517
stack_regressor,ACORN-F,2014-01-13 20:00:00,0.36898401336169495
stack_regressor,ACORN-F,2014-01-13 20:30:00,0.36210212872027686
stack_regressor,ACORN-F,2014-01-13 21:00:00,0.3493714135307493
stack_regressor,ACORN-F,2014-01-13 21:30:00,0.3352878730961085
stack_regressor,ACORN-F,2014-01-13 22:00:00,0.3125474789566045
stack_regressor,ACORN-F,2014-01-13 22:30:00,0.2910362629591284
stack_regressor,ACORN-F,2014-01-13 23:00:00,0.2637369962401627
stack_regressor,ACORN-F,2014-01-13 23:30:00,0.23410208282504102
stack_regressor,ACORN-F,2014-01-14 00:00:00,0.2048496457098421
stack_regressor,ACORN-F,2014-01-14 00:30:00,0.1805618770589814
stack_regressor,ACORN-F,2014-01-14 01:00:00,0.159055997962333
stack_regressor,ACORN-F,2014-01-14 01:30:00,0.141255668465327
stack_regressor,ACORN-F,2014-01-14 02:00:00,0.12651790871704569
stack_regressor,ACORN-F,2014-01-14 02:30:00,0.11637555306169287
stack_regressor,ACORN-F,2014-01-14 03:00:00,0.10865951773266194
stack_regressor,ACORN-F,2014-01-14 03:30:00,0.10381516560127443
stack_regressor,ACORN-F,2014-01-14 04:00:00,0.10091631970547832
stack_regressor,ACORN-F,2014-01-14 04:30:00,0.10119362794699277
stack_regressor,ACORN-F,2014-01-14 05:00:00,0.10278425213354761
stack_regressor,ACORN-F,2014-01-14 05:30:00,0.10879042135472163
stack_regressor,ACORN-F,2014-01-14 06:00:00,0.11831250162622281
stack_regressor,ACORN-F,2014-01-14 06:30:00,0.13521982428126877
stack_regressor,ACORN-F,2014-01-14 07:00:00,0.15794302528765253
stack_regressor,ACORN-F,2014-01-14 07:30:00,0.18484066422675693
stack_regressor,ACORN-F,2014-01-14 08:00:00,0.2112949736676351
stack_regressor,ACORN-F,2014-01-14 08:30:00,0.23057144099627958
stack_regressor,ACORN-F,2014-01-14 09:00:00,0.23642330556439703
stack_regressor,ACORN-F,2014-01-14 09:30:00,0.23861683966017178
stack_regressor,ACORN-F,2014-01-14 10:00:00,0.2382797107479358
stack_regressor,ACORN-F,2014-01-14 10:30:00,0.23786964141377118
stack_regressor,ACORN-F,2014-01-14 11:00:00,0.23889417827451523
stack_regressor,ACORN-F,2014-01-14 11:30:00,0.2402547583956961
stack_regressor,ACORN-F,2014-01-14 12:00:00,0.23966933342393743
stack_regressor,ACORN-F,2014-01-14 12:30:00,0.23913952445554948
stack_regressor,ACORN-F,2014-01-14 13:00:00,0.23872875579341443
stack_regressor,ACORN-F,2014-01-14 13:30:00,0.2377504363624232
stack_regressor,ACORN-F,2014-01-14 14:00:00,0.236610218909377
stack_regressor,ACORN-F,2014-01-14 14:30:00,0.23902007304823125
stack_regressor,ACORN-F,2014-01-14 15:00:00,0.24175815682895269
stack_regressor,ACORN-F,2014-01-14 15:30:00,0.2496556970510877
stack_regressor,ACORN-F,2014-01-14 16:00:00,0.2609694354442718
stack_regressor,ACORN-F,2014-01-14 16:30:00,0.28269274610816064
stack_regressor,ACORN-F,2014-01-14 17:00:00,0.3074603833386529
stack_regressor,ACORN-F,2014-01-14 17:30:00,0.3339929972717272
stack_regressor,ACORN-F,2014-01-14 18:00:00,0.35471017451979814
stack_regressor,ACORN-F,2014-01-14 18:30:00,0.3705431110357764
stack_regressor,ACORN-F,2014-01-14 19:00:00,0.3799013264476144
stack_regressor,ACORN-F,2014-01-14 19:30:00,0.3836241843647478
stack_regressor,ACORN-F,2014-01-14 20:00:00,0.3750767875574681
stack_regressor,ACORN-F,2014-01-14 20:30:00,0.36405025474432845
stack_regressor,ACORN-F,2014-01-14 21:00:00,0.3514906195331623
stack_regressor,ACORN-F,2014-01-14 21:30:00,0.3384972346916507
stack_regressor,ACORN-F,2014-01-14 22:00:00,0.3230252345010888
stack_regressor,ACORN-F,2014-01-14 22:30:00,0.2997996730321234
stack_regressor,ACORN-F,2014-01-14 23:00:00,0.27167516084973964
stack_regressor,ACORN-F,2014-01-14 23:30:00,0.23921745761185548
stack_regressor,ACORN-Q,2014-01-13 00:00:00,0.17413363926543624
stack_regressor,ACORN-Q,2014-01-13 00:30:00,0.1638285243056378
stack_regressor,ACORN-Q,2014-01-13 01:00:00,0.147247498501714
stack_regressor,ACORN-Q,2014-01-13 01:30:00,0.130261747788641
stack_regressor,ACORN-Q,2014-01-13 02:00:00,0.1173238257992311
stack_regressor,ACORN-Q,2014-01-13 02:30:00,0.10825296338417384
stack_regressor,ACORN-Q,2014-01-13 03:00:00,0.09964811624093153
stack_regressor,ACORN-Q,2014-01-13 03:30:00,0.09334681707829022
stack_regressor,ACORN-Q,2014-01-13 04:00:00,0.08800054543244429
stack_regressor,ACORN-Q,2014-01-13 04:30:00,0.08547807353304435
stack_regressor,ACORN-Q,2014-01-13 05:00:00,0.0854151782293528
stack_regressor,ACORN-Q,2014-01-13 05:30:00,0.09161483845368318
stack_regressor,ACORN-Q,2014-01-13 06:00:00,0.09766171155268423
stack_regressor,ACORN-Q,2014-01-13 06:30:00,0.10525055793376958
stack_regressor,ACORN-Q,2014-01-13 07:00:00,0.11133605332601096
stack_regressor,ACORN-Q,2014-01-13 07:30:00,0.11935372448340037
stack_regressor,ACORN-Q,2014-01-13 08:00:00,0.13314037337436035
stack_regressor,ACORN-Q,2014-01-13 08:30:00,0.1495263291739687
stack_regressor,ACORN-Q,2014-01-13 09:00:00,0.15758502402879432
stack_regressor,ACORN-Q,2014-01-13 09:30:00,0.16309022458959396
stack_regressor,ACORN-Q,2014-01-13 10:00:00,0.16759940295330655
stack_regressor,ACORN-Q,2014-01-13 10:30:00,0.17280159707564607
stack_regressor,ACORN-Q,2014-01-13 11:00:00,0.17744527940834878
stack_regressor,ACORN-Q,2014-01-13 11:30:00,0.17787276552866688
stack_regressor,ACORN-Q,2014-01-13 12:00:00,0.17794614522925745
stack_regressor,ACORN-Q,2014-01-13 12:30:00,0.17872814216206068
stack_regressor,ACORN-Q,2014-01-13 13:00:00,0.17886248814160696
stack_regressor,ACORN-Q,2014-01-13 13:30:00,0.18060850953857818
stack_regressor,ACORN-Q,2014-01-13 14:00:00,0.18363182299487182
stack_regressor,ACORN-Q,2014-01-13 14:30:00,0.1865109212601727
stack_regressor,ACORN-Q,2014-01-13 15:00:00,0.18764690172721357
stack_regressor,ACORN-Q,2014-01-13 15:30:00,0.1923493649740719
stack_regressor,ACORN-Q,2014-01-13 16:00:00,0.20063708609361908
stack_regressor,ACORN-Q,2014-01-13 16:30:00,0.21492937137523266
stack_regressor,ACORN-Q,2014-01-13 17:00:00,0.2313448447653445
stack_regressor,ACORN-Q,2014-01-13 17:30:00,0.24892057125693073
stack_regressor,ACORN-Q,2014-01-13 18:00:00,0.2656645233364943
stack_regressor,ACORN-Q,2014-01-13 18:30:00,0.27643693737974245
stack_regressor,ACORN-Q,2014-01-13 19:00:00,0.28088361791743294
stack_regressor,ACORN-Q,2014-01-13 19:30:00,0.27822106951457515
stack_regressor,ACORN-Q,2014-01-13 20:00:00,0.27125723236777083
stack_regressor,ACORN-Q,2014-01-13 20:30:00,0.26088162931530084
stack_regressor,ACORN-Q,2014-01-13 21:00:00,0.24757189084903153
stack_regressor,ACORN-Q,2014-01-13 21:30:00,0.23767287255663055
stack_regressor,ACORN-Q,2014-01-13 22:00:00,0.22687348476734798
stack_regressor,ACORN-Q,2014-01-13 22:30:00,0.21556230106289218
stack_regressor,ACORN-Q,2014-01-13 23:00:00,0.1997637525369112
stack_regressor,ACORN-Q,2014-01-13 23:30:00,0.1792174093564745
stack_regressor,ACORN-Q,2014-01-14 00:00:00,0.16559243175810484
stack_regressor,ACORN-Q,2014-01-14 00:30:00,0.15259030037188528
stack_regressor,ACORN-Q,2014-01-14 01:00:00,0.1394791807769306
stack_regressor,ACORN-Q,2014-01-14 01:30:00,0.12533333571526978
stack_regressor,ACORN-Q,2014-01-14 02:00:00,0.11318703662688573
stack_regressor,ACORN-Q,2014-01-14 02:30:00,0.1029634086049085
stack_regressor,ACORN-Q,2014-01-14 03:00:00,0.09518312512250074
stack_regressor,ACORN-Q,2014-01-14 03:30:00,0.08888594660409001
stack_regressor,ACORN-Q,2014-01-14 04:00:00,0.08449978410860258
stack_regressor,ACORN-Q,2014-01-14 04:30:00,0.08265970046567825
stack_regressor,ACORN-Q,2014-01-14 05:00:00,0.08268311327291947
stack_regressor,ACORN-Q,2014-01-14 05:30:00,0.08718885874066852
stack_regressor,ACORN-Q,2014-01-14 06:00:00,0.09288147759181394
stack_regressor,ACORN-Q,2014-01-14 06:30:00,0.10125738372271524
stack_regressor,ACORN-Q,2014-01-14 07:00:00,0.11197755970401299
stack_regressor,ACORN-Q,2014-01-14 07:30:00,0.12515544500870857
stack_regressor,ACORN-Q,2014-01-14 08:00:00,0.13744784196118423
stack_regressor,ACORN-Q,2014-01-14 08:30:00,0.1524003188706194
stack_regressor,ACORN-Q,2014-01-14 09:00:00,0.15894827095930583
stack_regressor,ACORN-Q,2014-01-14 09:30:00,0.16407589993855867
stack_regressor,ACORN-Q,2014-01-14 10:00:00,0.16782230099434206
stack_regressor,ACORN-Q,2014-01-14 10:30:00,0.17177715220942363
stack_regressor,ACORN-Q,2014-01-14 11:00:00,0.17544162494895282
stack_regressor,ACORN-Q,2014-01-14 11:30:00,0.17674034724622703
stack_regressor,ACORN-Q,2014-01-14 12:00:00,0.17592169016518386
stack_regressor,ACORN-Q,2014-01-14 12:30:00,0.17358915527254745
stack_regressor,ACORN-Q,2014-01-14 13:00:00,0.17238693118532103
stack_regressor,ACORN-Q,2014-01-14 13:30:00,0.17142631870419547
stack_regressor,ACORN-Q,2014-01-14 14:00:00,0.17130568305109334
stack_regressor,ACORN-Q,2014-01-14 14:30:00,0.17260676488059357
stack_regressor,ACORN-Q,2014-01-14 15:00:00,0.17577318692127825
stack_regressor,ACORN-Q,2014-01-14 15:30:00,0.1817861416376791
stack_regressor,ACORN-Q,2014-01-14 16:00:00,0.18895676727777666
stack_regressor,ACORN-Q,2014-01-14 16:30:00,0.20486890980847247
stack_regressor,ACORN-Q,2014-01-14 17:00:00,0.22302206800541946
stack_regressor,ACORN-Q,2014-01-14 17:30:00,0.24314656357111514
stack_regressor,ACORN-Q,2014-01-14 18:00:00,0.25938111009404874
stack_regressor,ACORN-Q,2014-01-14 18:30:00,0.27269888074057425
stack_regressor,ACORN-Q,2014-01-14 19:00:00,0.27859736950895736
stack_regressor,ACORN-Q,2014-01-14 19:30:00,0.27789553025565583
stack_regressor,ACORN-Q,2014-01-14 20:00:00,0.2720632772291456
stack_regressor,ACORN-Q,2014-01-14 20:30:00,0.26362037446491204
stack_regressor,ACORN-Q,2014-01-14 21:00:00,0.2510973361762859
stack_regressor,ACORN-Q,2014-01-14 21:30:00,0.2385102200587048
stack_regressor,ACORN-Q,2014-01-14 22:00:00,0.22652715651223362
stack_regressor,ACORN-Q,2014-01-14 22:30:00,0.21443447609853705
stack_regressor,ACORN-Q,2014-01-14 23:00:00,0.19911388302143362
stack_regressor,ACORN-Q,2014-01-14 23:30:00,0.18007490335163776
