Acorn,Date,Conso_kWh,temperatureMean,temperatureMin,temperatureMax,weekday,is_weekend,is_holiday
ACORN-E,2012-07-01,8.50171356600086,15.024999999999999,12.47,17.58,6,1,0
ACORN-E,2012-07-02,8.72765027923651,17.119999999999997,15.43,18.81,0,0,0
ACORN-E,2012-07-03,8.48988934954563,18.695,15.95,21.44,1,0,0
ACORN-E,2012-07-04,8.17353877763288,18.765,15.2,22.33,2,0,0
ACORN-E,2012-07-05,8.1592572700775,16.74,14.78,18.7,3,0,1
ACORN-E,2012-07-06,8.34319407169233,16.035,13.42,18.65,4,0,0
ACORN-E,2012-07-07,8.36175406950066,16.525,14.28,18.77,5,1,0
ACORN-E,2012-07-08,8.98856795578906,16.19,14.38,18.0,6,1,0
ACORN-E,2012-07-09,8.62759025264418,15.370000000000001,13.28,17.46,0,0,0
ACORN-E,2012-07-10,8.42082828150929,15.41,12.07,18.75,1,0,0
ACORN-E,2012-07-11,8.31229351922195,14.355,10.04,18.67,2,0,0
ACORN-E,2012-07-12,8.23480078267337,16.735,14.21,19.26,3,0,0
ACORN-E,2012-07-13,8.16999570134805,14.785,13.13,16.44,4,0,0
ACORN-E,2012-07-14,8.37154480601552,15.350000000000001,12.44,18.26,5,1,0
ACORN-E,2012-07-15,8.38424893887832,15.055,13.05,17.06,6,1,0
ACORN-E,2012-07-16,8.52240390492448,18.18,13.92,22.44,0,0,0
ACORN-E,2012-07-17,8.06810189135483,16.715,14.91,18.52,1,0,0
ACORN-E,2012-07-18,8.24442489808782,16.975,13.77,20.18,2,0,0
ACORN-E,2012-07-19,8.0712780460735,15.445,13.12,17.77,3,0,0
ACORN-E,2012-07-20,8.09502295271336,15.86,11.83,19.89,4,0,0
ACORN-E,2012-07-21,7.97360211467229,17.55,12.24,22.86,5,1,0
ACORN-E,2012-07-22,8.07427463758213,19.825,12.47,27.18,6,1,0
ACORN-E,2012-07-23,7.80939622971406,21.265,14.21,28.32,0,0,0
ACORN-E,2012-07-24,7.73662661686905,22.555,15.74,29.37,1,0,0
ACORN-E,2012-07-25,7.88533699590507,21.185000000000002,15.93,26.44,2,0,0
ACORN-E,2012-07-26,7.7541863372174,19.86,15.93,23.79,3,0,0
ACORN-E,2012-07-27,7.99279630868773,18.009999999999998,14.93,21.09,4,0,0
ACORN-E,2012-07-28,7.82572019141558,14.445,10.97,17.92,5,1,0
ACORN-E,2012-07-29,8.26708415601578,14.775,9.86,19.69,6,1,0
ACORN-E,2012-07-30,7.84197417662368,15.855,11.52,20.19,0,0,0
ACORN-E,2012-07-31,7.99475320955583,18.13,13.69,22.57,1,0,0
ACORN-E,2012-08-01,7.8848090891369,18.45,15.61,21.29,2,0,0
ACORN-E,2012-08-02,7.69172213329506,17.43,13.09,21.77,3,0,0
ACORN-E,2012-08-03,7.795282179157,17.7,14.36,21.04,4,0,0
ACORN-E,2012-08-04,7.94268837389163,16.835,12.98,20.69,5,1,0
ACORN-E,2012-08-05,8.37991468243255,17.86,14.77,20.95,6,1,0
ACORN-E,2012-08-06,8.00973388305635,15.405000000000001,11.49,19.32,0,0,0
ACORN-E,2012-08-07,8.00964217991407,18.915,15.03,22.8,1,0,0
ACORN-E,2012-08-08,7.75897328452718,19.625,13.33,25.92,2,0,0
ACORN-E,2012-08-09,7.6371585716167,19.744999999999997,14.5,24.99,3,0,0
ACORN-E,2012-08-10,7.68725346354972,19.060000000000002,15.21,22.91,4,0,0
ACORN-E,2012-08-11,7.73363596649591,20.58,16.03,25.13,5,1,0
ACORN-E,2012-08-12,8.0929491666132,18.97,15.26,22.68,6,1,0
ACORN-E,2012-08-13,7.83135366092229,20.795,17.62,23.97,0,0,0
ACORN-E,2012-08-14,7.64852163368753,19.975,17.38,22.57,1,0,0
ACORN-E,2012-08-15,7.86948073338728,18.845,16.02,21.67,2,0,0
ACORN-E,2012-08-16,7.67701375506604,22.575000000000003,17.92,27.23,3,0,0
ACORN-E,2012-08-17,7.41106305577526,25.2,20.54,29.86,4,0,0
ACORN-E,2012-08-18,7.62444782249128,23.424999999999997,17.97,28.88,5,1,0
ACORN-E,2012-08-19,7.87956474509692,20.75,16.96,24.54,6,1,0
ACORN-E,2012-08-20,7.77197096745722,19.18,16.27,22.09,0,0,0
ACORN-E,2012-08-21,7.7285193349415,17.32,13.16,21.48,1,0,0
ACORN-E,2012-08-22,7.59440486641175,17.5,12.96,22.04,2,0,0
ACORN-E,2012-08-23,7.56183429561669,17.17,14.07,20.27,3,0,0
ACORN-E,2012-08-24,7.57671459001978,17.985,15.04,20.93,4,0,0
ACORN-E,2012-08-25,7.8198234837277,17.635,14.26,21.01,5,1,0
ACORN-E,2012-08-26,7.64153750364866,16.805,12.62,20.99,6,1,0
ACORN-E,2012-08-27,8.0578797164911,18.735,14.97,22.5,0,0,1
ACORN-E,2012-08-28,7.83573753416743,16.675,13.66,19.69,1,0,0
ACORN-E,2012-08-29,8.14192341413161,14.085,11.25,16.92,2,0,0
ACORN-E,2012-08-30,8.23381399806165,12.75,7.78,17.72,3,0,0
ACORN-E,2012-08-31,7.91796462501529,16.82,13.11,20.53,4,0,0
ACORN-E,2012-09-01,8.01117529705142,15.46,12.57,18.35,5,1,0
ACORN-E,2012-09-02,8.77766274119923,20.015,15.69,24.34,6,1,0
ACORN-E,2012-09-03,8.17533891948741,19.25,13.71,24.79,0,0,0
ACORN-E,2012-09-04,8.16020262626859,16.02,12.07,19.97,1,0,1
ACORN-E,2012-09-05,8.0343441008399,14.715,8.67,20.76,2,0,0
ACORN-E,2012-09-06,7.92850128224785,18.61,11.46,25.76,3,0,0
ACORN-E,2012-09-07,7.84642032839344,18.765,10.41,27.12,4,0,0
ACORN-E,2012-09-08,7.98876899444685,19.55,11.32,27.78,5,1,0
ACORN-E,2012-09-09,8.34107382679113,18.57,16.93,20.21,6,1,0
ACORN-E,2012-09-10,8.4566006557377,14.775,11.73,17.82,0,0,0
ACORN-E,2012-09-11,8.15379090243284,13.080000000000002,8.24,17.92,1,0,0
ACORN-E,2012-09-12,8.3301211178588,13.129999999999999,8.62,17.64,2,0,0
ACORN-E,2012-09-13,8.3286883202445,17.15,13.61,20.69,3,0,0
ACORN-E,2012-09-14,8.24396900280166,15.405000000000001,9.69,21.12,4,0,0
ACORN-E,2012-09-15,8.22805111415465,15.645,12.98,18.31,5,1,0
ACORN-E,2012-09-16,8.86154918563058,16.005,13.29,18.72,6,1,0
ACORN-E,2012-09-17,8.68758639515384,14.080000000000002,10.97,17.19,0,0,0
ACORN-E,2012-09-18,8.47381622568208,11.825,7.35,16.3,1,0,0
ACORN-E,2012-09-19,8.65275224398452,13.225,9.07,17.38,2,0,0
ACORN-E,2012-09-20,8.73173747947996,13.33,10.34,16.32,3,0,0
ACORN-E,2012-09-21,8.92216311144752,11.105,6.59,15.62,4,0,0
ACORN-E,2012-09-22,8.91642403065745,10.58,8.85,12.31,5,1,0
ACORN-E,2012-09-23,10.5689685485921,13.355,11.51,15.2,6,1,0
ACORN-E,2012-09-24,9.80675196219801,12.605,9.74,15.47,0,0,0
ACORN-E,2012-09-25,9.44463016845665,12.605,10.07,15.14,1,0,0
ACORN-E,2012-09-26,9.47987261528339,13.59,10.57,16.61,2,0,0
ACORN-E,2012-09-27,9.40962374997569,13.05,9.03,17.07,3,0,0
ACORN-E,2012-09-28,9.28670152978685,12.27,8.71,15.83,4,0,0
ACORN-E,2012-09-29,9.32168574824404,11.440000000000001,6.42,16.46,5,1,0
ACORN-E,2012-09-30,10.2944903166716,14.305,12.37,16.24,6,1,0
ACORN-E,2012-10-01,9.69849088705951,13.655000000000001,10.87,16.44,0,0,0
ACORN-E,2012-10-02,9.55884087946461,11.844999999999999,9.35,14.34,1,0,0
ACORN-E,2012-10-03,9.47168158668271,11.09,7.19,14.99,2,0,0
ACORN-E,2012-10-04,9.50293957451972,12.379999999999999,9.16,15.6,3,0,0
ACORN-E,2012-10-05,9.53534979682508,11.25,7.61,14.89,4,0,0
ACORN-E,2012-10-06,9.50786514585861,9.455,5.27,13.64,5,1,0
ACORN-E,2012-10-07,10.2137187571197,10.865,9.51,12.22,6,1,0
ACORN-E,2012-10-08,10.4182588103338,11.65,9.07,14.23,0,0,0
ACORN-E,2012-10-09,9.9409568070846,10.585,7.04,14.13,1,0,0
ACORN-E,2012-10-10,9.82858206428657,12.015,9.15,14.88,2,0,0
ACORN-E,2012-10-11,10.2712599160703,11.615,8.51,14.72,3,0,0
ACORN-E,2012-10-12,9.84529990747694,8.969999999999999,6.41,11.53,4,0,0
ACORN-E,2012-10-13,10.2061475897938,7.565,2.81,12.32,5,1,0
ACORN-E,2012-10-14,10.8630162017317,8.559999999999999,4.09,13.03,6,1,0
ACORN-E,2012-10-15,10.4938348749275,11.9,9.06,14.74,0,0,0
ACORN-E,2012-10-16,10.1435598291009,12.700000000000001,8.8,16.6,1,0,0
ACORN-E,2012-10-17,10.0868702362863,14.094999999999999,12.15,16.04,2,0,0
ACORN-E,2012-10-18,9.75525370540638,12.595,11.98,13.21,3,0,0
ACORN-E,2012-10-19,10.2467055343943,11.79,9.57,14.01,4,0,0
ACORN-E,2012-10-20,9.9830448169714,11.3,10.19,12.41,5,1,0
ACORN-E,2012-10-21,10.840407477744,13.375,12.02,14.73,6,1,0
ACORN-E,2012-10-22,10.3450675737846,13.255,12.46,14.05,0,0,0
ACORN-E,2012-10-23,10.1758472876812,14.629999999999999,13.08,16.18,1,0,0
ACORN-E,2012-10-24,9.70876101627052,11.85,10.09,13.61,2,0,0
ACORN-E,2012-10-25,9.95281184217005,7.15,4.19,10.11,3,0,0
ACORN-E,2012-10-26,10.6709478401949,5.085,2.49,7.68,4,0,0
ACORN-E,2012-10-27,11.4488496631383,5.3,1.43,9.17,5,1,0
ACORN-E,2012-10-28,12.3908506882924,,,,6,1,0
ACORN-E,2012-10-29,11.3928789394176,10.030000000000001,7.66,12.4,0,0,0
ACORN-E,2012-10-30,11.1665514102928,8.245000000000001,5.57,10.92,1,0,0
ACORN-E,2012-10-31,11.1959592391731,9.405,6.45,12.36,2,0,0
ACORN-E,2012-11-01,11.2868905118732,7.83,4.2,11.46,3,0,0
ACORN-E,2012-11-02,11.3800960291083,7.195,4.61,9.78,4,0,0
ACORN-E,2012-11-03,11.6848046408958,6.335,3.22,9.45,5,1,0
ACORN-E,2012-11-04,13.0046517592003,5.8149999999999995,2.96,8.67,6,1,0
ACORN-E,2012-11-05,11.8490949449002,6.0649999999999995,2.94,9.19,0,0,0
ACORN-E,2012-11-06,12.1819464056884,5.295,0.92,9.67,1,0,0
ACORN-E,2012-11-07,11.8504062345655,7.449999999999999,4.97,9.93,2,0,0
ACORN-E,2012-11-08,11.4372556377143,10.075,7.81,12.34,3,0,0
ACORN-E,2012-11-09,11.3539556599605,9.7,8.13,11.27,4,0,0
ACORN-E,2012-11-10,11.687926188073,7.755000000000001,5.2,10.31,5,1,0
ACORN-E,2012-11-11,12.2103859898435,5.984999999999999,2.1,9.87,6,1,0
ACORN-E,2012-11-12,11.8313791990953,8.35,4.52,12.18,0,0,0
ACORN-E,2012-11-13,11.1306926580039,12.36,10.06,14.66,1,0,0
ACORN-E,2012-11-14,10.9857086543709,9.975,7.33,12.62,2,0,0
ACORN-E,2012-11-15,11.2059730567414,7.76,6.45,9.07,3,0,0
ACORN-E,2012-11-16,11.6231602503719,7.55,5.91,9.19,4,0,0
ACORN-E,2012-11-17,11.8445381793449,10.309999999999999,8.18,12.44,5,1,0
ACORN-E,2012-11-18,12.3704750294552,5.745,2.07,9.42,6,1,0
ACORN-E,2012-11-19,11.9024602992275,7.36,3.49,11.23,0,0,0
ACORN-E,2012-11-20,11.6395174224226,12.170000000000002,10.88,13.46,1,0,0
ACORN-E,2012-11-21,11.7726125261207,8.965,6.06,11.87,2,0,0
ACORN-E,2012-11-22,11.4448877592623,9.825,6.56,13.09,3,0,0
ACORN-E,2012-11-23,11.2748765921023,7.91,5.12,10.7,4,0,0
ACORN-E,2012-11-24,12.4155595332429,6.775,3.64,9.91,5,1,0
ACORN-E,2012-11-25,12.4913727882321,10.0,7.46,12.54,6,1,0
ACORN-E,2012-11-26,12.0561068443259,8.93,7.17,10.69,0,0,0
ACORN-E,2012-11-27,12.4917411960237,7.445,6.42,8.47,1,0,0
ACORN-E,2012-11-28,12.7180720255389,5.17,3.45,6.89,2,0,0
ACORN-E,2012-11-29,12.7921204443332,3.735,1.63,5.84,3,0,0
ACORN-E,2012-11-30,13.0054258380061,1.74,-0.89,4.37,4,0,0
ACORN-E,2012-12-01,13.8283908058217,2.1900000000000004,-1.35,5.73,5,1,0
ACORN-E,2012-12-02,14.4302297242811,1.605,-1.55,4.76,6,1,0
ACORN-E,2012-12-03,13.0552316252724,6.58,2.94,10.22,0,0,0
ACORN-E,2012-12-04,13.1499866142245,4.470000000000001,1.21,7.73,1,0,0
ACORN-E,2012-12-05,13.5833811859539,1.56,-0.77,3.89,2,0,0
ACORN-E,2012-12-06,13.8995778472499,1.01,-2.82,4.84,3,0,0
ACORN-E,2012-12-07,13.7399119219173,4.65,2.97,6.33,4,0,0
ACORN-E,2012-12-08,13.4577921471028,4.8149999999999995,3.17,6.46,5,1,0
ACORN-E,2012-12-09,13.9221275644231,6.26,3.86,8.66,6,1,0
ACORN-E,2012-12-10,13.2902946150699,3.57,1.55,5.59,0,0,0
ACORN-E,2012-12-11,13.7999624499934,0.10499999999999998,-2.49,2.7,1,0,0
ACORN-E,2012-12-12,14.2090581954356,-1.0150000000000001,-3.83,1.8,2,0,0
ACORN-E,2012-12-13,14.4667698568157,0.11499999999999999,-1.35,1.58,3,0,0
ACORN-E,2012-12-14,13.9741540804092,6.135,1.93,10.34,4,0,0
ACORN-E,2012-12-15,13.0650984201789,9.04,6.91,11.17,5,1,0
ACORN-E,2012-12-16,13.2093206563573,7.57,5.32,9.82,6,1,0
ACORN-E,2012-12-17,12.4007588963121,7.359999999999999,5.62,9.1,0,0,0
ACORN-E,2012-12-18,12.392699508248,6.3100000000000005,4.66,7.96,1,0,0
ACORN-E,2012-12-19,12.9774935761232,5.255,3.07,7.44,2,0,0
ACORN-E,2012-12-20,12.7887703066913,8.05,6.53,9.57,3,0,0
ACORN-E,2012-12-21,12.0627705539718,7.994999999999999,6.3,9.69,4,0,0
ACORN-E,2012-12-22,12.2432708721152,9.555,6.04,13.07,5,1,0
ACORN-E,2012-12-23,11.4334131128331,11.21,9.34,13.08,6,1,0
ACORN-E,2012-12-24,11.444323249707,9.935,7.57,12.3,0,0,0
ACORN-E,2012-12-25,11.598292347182,7.800000000000001,6.46,9.14,1,0,1
ACORN-E,2012-12-26,11.001233516072,7.505,4.83,10.18,2,0,1
ACORN-E,2012-12-27,11.5001483711006,7.195,6.42,7.97,3,0,0
ACORN-E,2012-12-28,11.5776969493029,8.895,5.45,12.34,4,0,0
ACORN-E,2012-12-29,11.4250843404045,9.625,7.28,11.97,5,1,0
ACORN-E,2012-12-30,11.636408198353,8.17,5.44,10.9,6,1,0
ACORN-E,2012-12-31,11.8593602517878,6.73,4.22,9.24,0,0,0
ACORN-E,2013-01-01,11.8107301894964,5.4,3.31,7.49,1,0,1
ACORN-E,2013-01-02,12.3194731275427,7.065,3.31,10.82,2,0,0
ACORN-E,2013-01-03,11.699973423569,10.530000000000001,9.65,11.41,3,0,0
ACORN-E,2013-01-04,11.6105285231163,9.48,8.17,10.79,4,0,1
ACORN-E,2013-01-05,11.8968319183759,9.25,7.84,10.66,5,1,0
ACORN-E,2013-01-06,12.6502549946793,7.76,6.91,8.61,6,1,0
ACORN-E,2013-01-07,12.0020803120994,8.09,7.1,9.08,0,0,0
ACORN-E,2013-01-08,11.6374169105435,10.125,9.02,11.23,1,0,0
ACORN-E,2013-01-09,11.7875394534555,5.49,1.77,9.21,2,0,0
ACORN-E,2013-01-10,12.8062314614712,2.295,1.16,3.43,3,0,0
ACORN-E,2013-01-11,12.7966287244245,3.295,0.89,5.7,4,0,0
ACORN-E,2013-01-12,13.6617205422087,3.14,1.75,4.53,5,1,0
ACORN-E,2013-01-13,14.4648030026893,2.26,1.04,3.48,6,1,0
ACORN-E,2013-01-14,14.2641491549597,1.265,-0.41,2.94,0,0,0
ACORN-E,2013-01-15,14.1629743239031,0.7749999999999999,-0.83,2.38,1,0,0
ACORN-E,2013-01-16,14.2422778748919,-1.19,-2.32,-0.06,2,0,0
ACORN-E,2013-01-17,14.52445466407,-0.49,-3.86,2.88,3,0,0
ACORN-E,2013-01-18,15.272497146127,-0.29999999999999993,-1.93,1.33,4,0,0
ACORN-E,2013-01-19,15.8125350551185,0.09999999999999998,-0.65,0.85,5,1,0
ACORN-E,2013-01-20,16.0504673995131,-0.6849999999999999,-1.45,0.08,6,1,0
ACORN-E,2013-01-21,14.8605994068637,-0.405,-1.98,1.17,0,0,0
ACORN-E,2013-01-22,14.7620698358422,-0.45500000000000007,-3.73,2.82,1,0,0
ACORN-E,2013-01-23,14.7215553180554,2.0999999999999996,1.38,2.82,2,0,0
ACORN-E,2013-01-24,14.7015003205034,1.06,-0.11,2.23,3,0,0
ACORN-E,2013-01-25,14.5894632812566,0.895,-1.19,2.98,4,0,0
ACORN-E,2013-01-26,13.6193754521337,4.965,2.37,7.56,5,1,0
ACORN-E,2013-01-27,13.5728485577659,7.49,4.72,10.26,6,1,0
ACORN-E,2013-01-28,13.1180047409953,6.779999999999999,3.02,10.54,0,0,0
ACORN-E,2013-01-29,12.223540533418,11.425,9.76,13.09,1,0,0
ACORN-E,2013-01-30,11.6314934206906,10.035,7.51,12.56,2,0,0
ACORN-E,2013-01-31,11.874226072793,8.53,7.12,9.94,3,0,0
ACORN-E,2013-02-01,12.0848754900959,6.095,4.16,8.03,4,0,0
ACORN-E,2013-02-02,13.1404778955759,3.5199999999999996,1.48,5.56,5,1,0
ACORN-E,2013-02-03,14.1551114127682,4.614999999999999,0.11,9.12,6,1,0
ACORN-E,2013-02-04,12.2429796525117,8.34,6.48,10.2,0,0,0
ACORN-E,2013-02-05,12.8239270374473,4.300000000000001,2.16,6.44,1,0,0
ACORN-E,2013-02-06,13.1360013109234,4.51,2.86,6.16,2,0,0
ACORN-E,2013-02-07,13.0078744927861,3.3850000000000002,1.24,5.53,3,0,0
ACORN-E,2013-02-08,12.9799318713813,3.2,0.81,5.59,4,0,0
ACORN-E,2013-02-09,13.6409762662103,2.63,1.58,3.68,5,1,0
ACORN-E,2013-02-10,14.4116260783011,2.8950000000000005,1.06,4.73,6,1,0
ACORN-E,2013-02-11,14.129816930473,1.2149999999999999,0.55,1.88,0,0,0
ACORN-E,2013-02-12,14.1717320073742,1.69,1.14,2.24,1,0,0
ACORN-E,2013-02-13,13.8215114797944,1.845,0.6,3.09,2,0,0
ACORN-E,2013-02-14,13.0214328924732,7.33,4.07,10.59,3,0,0
ACORN-E,2013-02-15,12.2613490612185,6.015,2.27,9.76,4,0,0
ACORN-E,2013-02-16,11.9828478083046,6.915000000000001,3.7,10.13,5,1,0
ACORN-E,2013-02-17,12.41887532922,5.825,2.16,9.49,6,1,0
ACORN-E,2013-02-18,12.1058320099669,4.405,1.16,7.65,0,0,0
ACORN-E,2013-02-19,11.9810868238971,4.345,-1.43,10.12,1,0,0
ACORN-E,2013-02-20,12.3737110688862,3.355,1.83,4.88,2,0,0
ACORN-E,2013-02-21,13.2176170837471,1.5699999999999998,0.86,2.28,3,0,0
ACORN-E,2013-02-22,13.8518511686969,0.78,0.2,1.36,4,0,0
ACORN-E,2013-02-23,14.0971214228451,0.965,0.19,1.74,5,1,0
ACORN-E,2013-02-24,14.8928820096978,1.6,0.85,2.35,6,1,0
ACORN-E,2013-02-25,14.1657487652348,3.065,1.74,4.39,0,0,0
ACORN-E,2013-02-26,13.7567261056504,3.955,2.98,4.93,1,0,0
ACORN-E,2013-02-27,13.3161862765226,4.220000000000001,2.33,6.11,2,0,0
ACORN-E,2013-02-28,12.9426576512858,4.835,2.41,7.26,3,0,0
ACORN-E,2013-03-01,12.9451946858526,4.6,2.58,6.62,4,0,0
ACORN-E,2013-03-02,13.0630348689395,2.66,0.63,4.69,5,1,0
ACORN-E,2013-03-03,13.3815688233246,3.345,-1.14,7.83,6,1,0
ACORN-E,2013-03-04,12.499777132647,5.565,2.14,8.99,0,0,0
ACORN-E,2013-03-05,11.5510600559439,8.965,1.87,16.06,1,0,0
ACORN-E,2013-03-06,11.2178752244238,10.395,7.65,13.14,2,0,0
ACORN-E,2013-03-07,11.3630449830748,8.530000000000001,7.43,9.63,3,0,0
ACORN-E,2013-03-08,11.1147683521966,8.815,8.02,9.61,4,0,0
ACORN-E,2013-03-09,11.7192082247091,5.945,3.88,8.01,5,1,0
ACORN-E,2013-03-10,13.3634044707332,2.34,1.23,3.45,6,1,0
ACORN-E,2013-03-11,14.2005679359751,-0.17500000000000004,-1.57,1.22,0,0,0
ACORN-E,2013-03-12,14.0535659158744,0.985,-1.89,3.86,1,0,0
ACORN-E,2013-03-13,13.0886802661069,3.78,1.14,6.42,2,0,0
ACORN-E,2013-03-14,12.7651004779593,2.8249999999999997,-0.91,6.56,3,0,0
ACORN-E,2013-03-15,12.3318594128532,5.63,2.99,8.27,4,0,0
ACORN-E,2013-03-16,12.7975274978929,6.65,5.79,7.51,5,1,0
ACORN-E,2013-03-17,13.1011354226523,4.83,2.36,7.3,6,1,0
ACORN-E,2013-03-18,12.7870790009698,3.565,-0.22,7.35,0,0,0
ACORN-E,2013-03-19,12.2766512586736,5.265,2.81,7.72,1,0,0
ACORN-E,2013-03-20,12.6082015146963,4.12,2.37,5.87,2,0,0
ACORN-E,2013-03-21,12.2905181487928,3.7249999999999996,1.18,6.27,3,0,0
ACORN-E,2013-03-22,13.0343660600478,3.8,2.59,5.01,4,0,0
ACORN-E,2013-03-23,14.4674132200073,1.99,0.92,3.06,5,1,0
ACORN-E,2013-03-24,15.4350093851371,0.605,-0.32,1.53,6,1,0
ACORN-E,2013-03-25,14.2956490210339,1.26,0.71,1.81,0,0,0
ACORN-E,2013-03-26,14.2987223505345,1.26,0.77,1.75,1,0,0
ACORN-E,2013-03-27,13.7351043582809,1.765,-0.29,3.82,2,0,0
ACORN-E,2013-03-28,12.998063613105,1.595,-0.89,4.08,3,0,0
ACORN-E,2013-03-29,12.7565286845325,2.3949999999999996,-0.52,5.31,4,0,1
ACORN-E,2013-03-30,12.0826602141864,2.9050000000000002,0.94,4.87,5,1,0
ACORN-E,2013-03-31,12.096634166056,3.49,1.1,5.88,6,1,0
ACORN-E,2013-04-01,12.560746460632,3.875,0.04,7.71,0,0,0
ACORN-E,2013-04-02,12.1800498277973,2.285,0.48,4.09,1,0,0
ACORN-E,2013-04-03,12.8449863091435,1.945,0.98,2.91,2,0,0
ACORN-E,2013-04-04,13.1439744201616,4.609999999999999,1.88,7.34,3,0,0
ACORN-E,2013-04-05,12.7072927044492,5.255,0.64,9.87,4,0,0
ACORN-E,2013-04-06,11.6864360904028,4.58,-1.21,10.37,5,1,0
ACORN-E,2013-04-07,11.6033508493922,6.73,3.47,9.99,6,1,0
ACORN-E,2013-04-08,11.1064882912261,6.130000000000001,3.45,8.81,0,0,0
ACORN-E,2013-04-09,11.478215608742,6.785,2.98,10.59,1,0,0
ACORN-E,2013-04-10,10.7452496718334,8.615,5.93,11.3,2,0,0
ACORN-E,2013-04-11,10.9525544994317,9.3,7.09,11.51,3,0,0
ACORN-E,2013-04-12,10.6761253626054,8.17,4.92,11.42,4,0,0
ACORN-E,2013-04-13,10.7512593774446,15.684999999999999,11.49,19.88,5,1,0
ACORN-E,2013-04-14,9.97140056909634,12.754999999999999,10.08,15.43,6,1,0
ACORN-E,2013-04-15,9.45060758580056,13.09,9.63,16.55,0,0,0
ACORN-E,2013-04-16,9.30869867220159,13.805,9.66,17.95,1,0,0
ACORN-E,2013-04-17,9.33922998847911,11.295,8.48,14.11,2,0,0
ACORN-E,2013-04-18,9.4670115743514,9.059999999999999,6.17,11.95,3,0,0
ACORN-E,2013-04-19,9.50071436238424,8.01,2.88,13.14,4,0,0
ACORN-E,2013-04-20,9.30153400494376,7.789999999999999,1.46,14.12,5,1,0
ACORN-E,2013-04-21,9.92296966608932,10.615,6.91,14.32,6,1,0
ACORN-E,2013-04-22,9.55164822218786,15.135,10.02,20.25,0,0,0
ACORN-E,2013-04-23,8.68495039887566,14.4,9.45,19.35,1,0,0
ACORN-E,2013-04-24,8.47392943121172,16.73,11.38,22.08,2,0,0
ACORN-E,2013-04-25,8.1969011144972,10.165,7.05,13.28,3,0,0
ACORN-E,2013-04-26,8.66608496267383,7.1899999999999995,4.02,10.36,4,0,0
ACORN-E,2013-04-27,9.42857301690164,6.6,1.61,11.59,5,1,0
ACORN-E,2013-04-28,9.78692971256058,10.695,7.98,13.41,6,1,0
ACORN-E,2013-04-29,9.11775548751278,9.825000000000001,5.94,13.71,0,0,0
ACORN-E,2013-04-30,9.02584303048144,10.370000000000001,4.42,16.32,1,0,0
ACORN-E,2013-05-01,8.89956471106951,11.195,5.43,16.96,2,0,0
ACORN-E,2013-05-02,8.5953678201668,12.095,4.48,19.71,3,0,0
ACORN-E,2013-05-03,8.16601452036002,12.18,8.05,16.31,4,0,0
ACORN-E,2013-05-04,8.58748287791204,12.33,6.87,17.79,5,1,0
ACORN-E,2013-05-05,8.46293921121008,15.735,10.48,20.99,6,1,0
ACORN-E,2013-05-06,8.38489385058298,14.225000000000001,8.63,19.82,0,0,0
ACORN-E,2013-05-07,8.1738702019261,14.07,11.33,16.81,1,0,0
ACORN-E,2013-05-08,8.43168012579819,10.78,7.28,14.28,2,0,0
ACORN-E,2013-05-09,8.70642124054509,13.685,10.2,17.17,3,0,0
ACORN-E,2013-05-10,8.63150314885828,10.12,7.06,13.18,4,0,0
ACORN-E,2013-05-11,9.25306429817899,10.425,6.04,14.81,5,1,0
ACORN-E,2013-05-12,9.89562039066751,10.755,7.45,14.06,6,1,0
ACORN-E,2013-05-13,9.01868786238403,9.15,7.36,10.94,0,0,0
ACORN-E,2013-05-14,9.60366056987169,10.32,7.0,13.64,1,0,0
ACORN-E,2013-05-15,9.65888583184731,9.65,4.17,15.13,2,0,0
ACORN-E,2013-05-16,9.0839382072313,9.25,7.2,11.3,3,0,0
ACORN-E,2013-05-17,9.42078825268281,11.84,9.12,14.56,4,0,0
ACORN-E,2013-05-18,9.15990007310767,13.38,8.91,17.85,5,1,0
ACORN-E,2013-05-19,9.12674966737683,14.125,11.38,16.87,6,1,0
ACORN-E,2013-05-20,9.08320661105876,14.114999999999998,12.01,16.22,0,0,0
ACORN-E,2013-05-21,8.79603213824091,11.8,9.58,14.02,1,0,0
ACORN-E,2013-05-22,9.00379709586618,8.265,6.27,10.26,2,0,0
ACORN-E,2013-05-23,9.17269580432696,6.82,5.43,8.21,3,0,0
ACORN-E,2013-05-24,9.95184640228719,10.254999999999999,5.64,14.87,4,0,0
ACORN-E,2013-05-25,8.93120024491696,12.530000000000001,6.24,18.82,5,1,0
ACORN-E,2013-05-26,8.32056600934003,11.8,6.32,17.28,6,1,0
ACORN-E,2013-05-27,8.49796473193311,10.955,9.78,12.13,0,0,1
ACORN-E,2013-05-28,9.23012812103854,10.585,8.38,12.79,1,0,0
ACORN-E,2013-05-29,9.23205101468994,12.739999999999998,10.79,14.69,2,0,0
ACORN-E,2013-05-30,9.20928698903466,16.475,11.27,21.68,3,0,0
ACORN-E,2013-05-31,8.44696028379508,14.055,10.77,17.34,4,0,0
ACORN-E,2013-06-01,8.36917209284768,14.274999999999999,9.72,18.83,5,1,0
ACORN-E,2013-06-02,8.54114021019586,12.95,7.24,18.66,6,1,0
ACORN-E,2013-06-03,8.09542114409748,13.855,7.64,20.07,0,0,0
ACORN-E,2013-06-04,8.09538031738401,14.3,8.96,19.64,1,0,0
ACORN-E,2013-06-05,8.05472692087553,14.805,8.73,20.88,2,0,1
ACORN-E,2013-06-06,7.94696153212616,14.83,10.02,19.64,3,0,0
ACORN-E,2013-06-07,8.06378404960883,13.11,9.16,17.06,4,0,0
ACORN-E,2013-06-08,8.14648479307627,12.23,10.29,14.17,5,1,0
ACORN-E,2013-06-09,9.08036353186356,12.585,10.61,14.56,6,1,0
ACORN-E,2013-06-10,8.81014707028507,12.56,8.16,16.96,0,0,0
ACORN-E,2013-06-11,8.58497219697114,15.56,14.16,16.96,1,0,0
ACORN-E,2013-06-12,8.7693284567801,15.275,12.96,17.59,2,0,0
ACORN-E,2013-06-13,8.58125378636684,13.969999999999999,9.13,18.81,3,0,0
ACORN-E,2013-06-14,8.14827442264565,13.64,11.01,16.27,4,0,0
ACORN-E,2013-06-15,8.34232166016317,14.4,11.46,17.34,5,1,0
ACORN-E,2013-06-16,8.47103999569265,16.634999999999998,12.87,20.4,6,1,0
ACORN-E,2013-06-17,8.1419437089508,16.83,13.33,20.33,0,0,0
ACORN-E,2013-06-18,8.10254903395783,20.685,15.81,25.56,1,0,0
ACORN-E,2013-06-19,7.93150771239117,18.205,16.22,20.19,2,0,0
ACORN-E,2013-06-20,8.00592148144507,17.244999999999997,14.11,20.38,3,0,0
ACORN-E,2013-06-21,7.86817974959646,14.774999999999999,12.01,17.54,4,0,0
ACORN-E,2013-06-22,8.13548586599615,14.565000000000001,12.62,16.51,5,1,0
ACORN-E,2013-06-23,8.64228696372425,13.36,10.62,16.1,6,1,0
ACORN-E,2013-06-24,8.43556313659868,15.010000000000002,11.26,18.76,0,0,0
ACORN-E,2013-06-25,8.0152104965648,15.375,10.14,20.61,1,0,0
ACORN-E,2013-06-26,8.02445185010826,15.715,12.2,19.23,2,0,0
ACORN-E,2013-06-27,8.06098843577456,16.36,12.56,20.16,3,0,0
ACORN-E,2013-06-28,8.20641487839885,17.305,13.42,21.19,4,0,0
ACORN-E,2013-06-29,7.85571525955415,20.045,14.92,25.17,5,1,0
ACORN-E,2013-06-30,8.2282940030743,16.835,13.89,19.78,6,1,0
ACORN-E,2013-07-01,8.03714971325262,14.67,11.84,17.5,0,0,0
ACORN-E,2013-07-02,8.18311478983878,17.0,14.31,19.69,1,0,0
ACORN-E,2013-07-03,8.19120509338079,17.685000000000002,12.48,22.89,2,0,0
ACORN-E,2013-07-04,7.94161673199748,18.625,12.63,24.62,3,0,0
ACORN-E,2013-07-05,7.77334311546919,19.975,13.48,26.47,4,0,0
ACORN-E,2013-07-06,7.61954012339852,21.135,14.99,27.28,5,1,0
ACORN-E,2013-07-07,7.87862036210384,20.085,14.99,25.18,6,1,0
ACORN-E,2013-07-08,7.74465402867311,18.81,12.01,25.61,0,0,0
ACORN-E,2013-07-09,7.67513185081181,18.275,13.36,23.19,1,0,0
ACORN-E,2013-07-10,7.66250925951192,16.84,11.99,21.69,2,0,0
ACORN-E,2013-07-11,7.62241110759709,17.965,12.01,23.92,3,0,0
ACORN-E,2013-07-12,7.65029490222827,22.085,15.01,29.16,4,0,0
ACORN-E,2013-07-13,7.51619327865368,22.555,17.28,27.83,5,1,0
ACORN-E,2013-07-14,7.90793148060907,23.630000000000003,17.96,29.3,6,1,0
ACORN-E,2013-07-15,7.81012523023661,23.115000000000002,17.03,29.2,0,0,0
ACORN-E,2013-07-16,7.72789895094023,23.71,17.14,30.28,1,0,0
ACORN-E,2013-07-17,7.77630273150274,22.53,17.5,27.56,2,0,0
ACORN-E,2013-07-18,7.62938560832804,21.445,15.62,27.27,3,0,0
ACORN-E,2013-07-19,7.48300968291858,19.415,16.34,22.49,4,0,0
ACORN-E,2013-07-20,7.53072523234503,21.435000000000002,16.84,26.03,5,1,0
ACORN-E,2013-07-21,7.59871294476236,24.685,17.21,32.16,6,1,0
ACORN-E,2013-07-22,7.8170192416409,23.21,19.29,27.13,0,0,0
ACORN-E,2013-07-23,7.82233430882427,20.915,15.59,26.24,1,0,0
ACORN-E,2013-07-24,7.43533483875446,20.88,16.63,25.13,2,0,0
ACORN-E,2013-07-25,7.58788851106241,20.725,15.26,26.19,3,0,0
ACORN-E,2013-07-26,7.35842948872214,21.05,14.82,27.28,4,0,0
ACORN-E,2013-07-27,7.53030946725996,19.240000000000002,15.34,23.14,5,1,0
ACORN-E,2013-07-28,7.65432023659551,19.42,16.48,22.36,6,1,0
ACORN-E,2013-07-29,7.52713526447062,18.275,15.64,20.91,0,0,0
ACORN-E,2013-07-30,7.61095629295147,20.025,16.49,23.56,1,0,0
ACORN-E,2013-07-31,7.57383204194731,24.689999999999998,16.98,32.4,2,0,0
ACORN-E,2013-08-01,7.51944254889665,21.025,17.41,24.64,3,0,0
ACORN-E,2013-08-02,7.54731954853674,19.265,15.36,23.17,4,0,0
ACORN-E,2013-08-03,7.25753684119045,18.884999999999998,14.79,22.98,5,1,0
ACORN-E,2013-08-04,7.48713494644423,19.475,16.23,22.72,6,1,0
ACORN-E,2013-08-05,7.60473494264417,17.17,12.23,22.11,0,0,0
ACORN-E,2013-08-06,7.33302436497499,18.23,14.97,21.49,1,0,0
ACORN-E,2013-08-07,7.26659832270131,17.82,11.83,23.81,2,0,0
ACORN-E,2013-08-08,7.22308588991138,19.765,15.68,23.85,3,0,0
ACORN-E,2013-08-09,7.2247913468627,17.915,14.1,21.73,4,0,0
ACORN-E,2013-08-10,7.08723734420189,19.09,15.42,22.76,5,1,0
ACORN-E,2013-08-11,7.50195411101165,16.98,13.57,20.39,6,1,0
ACORN-E,2013-08-12,7.36519400743221,15.63,11.46,19.8,0,0,0
ACORN-E,2013-08-13,7.34527626948162,16.54,11.04,22.04,1,0,0
ACORN-E,2013-08-14,7.2334333830659,20.05,16.64,23.46,2,0,0
ACORN-E,2013-08-15,7.38041730329838,19.32,16.98,21.66,3,0,0
ACORN-E,2013-08-16,7.45321881558998,17.169999999999998,14.12,20.22,4,0,0
ACORN-E,2013-08-17,7.529408545095,19.17,15.92,22.42,5,1,0
ACORN-E,2013-08-18,7.69766793812501,17.35,12.68,22.02,6,1,0
ACORN-E,2013-08-19,7.41143189486653,17.845,12.16,23.53,0,0,0
ACORN-E,2013-08-20,7.31589561932804,19.145,12.72,25.57,1,0,0
ACORN-E,2013-08-21,7.31998597732732,18.835,16.54,21.13,2,0,0
ACORN-E,2013-08-22,7.7400284013659,21.185000000000002,16.34,26.03,3,0,0
ACORN-E,2013-08-23,7.43721867919833,17.225,14.94,19.51,4,0,0
ACORN-E,2013-08-24,7.71285511074021,17.96,13.18,22.74,5,1,0
ACORN-E,2013-08-25,7.53285390412844,20.345,16.37,24.32,6,1,0
ACORN-E,2013-08-26,7.55252089909964,17.8,12.82,22.78,0,0,1
ACORN-E,2013-08-27,7.629405066493,17.915,12.45,23.38,1,0,0
ACORN-E,2013-08-28,7.4674911690832,18.675,14.16,23.19,2,0,0
ACORN-E,2013-08-29,7.42980298787463,19.685000000000002,15.34,24.03,3,0,0
ACORN-E,2013-08-30,7.47066386287653,17.045,14.22,19.87,4,0,0
ACORN-E,2013-08-31,7.50111687933932,15.620000000000001,10.17,21.07,5,1,0
ACORN-E,2013-09-01,8.09720904997151,18.41,11.88,24.94,6,1,0
ACORN-E,2013-09-02,7.68052142066257,18.98,14.04,23.92,0,0,0
ACORN-E,2013-09-03,7.65837377174016,20.564999999999998,14.09,27.04,1,0,0
ACORN-E,2013-09-04,7.75089078205369,21.975,15.46,28.49,2,0,0
ACORN-E,2013-09-05,7.75291083588298,15.79,13.26,18.32,3,0,0
ACORN-E,2013-09-06,8.05272817686839,14.545,11.39,17.7,4,0,0
ACORN-E,2013-09-07,7.882321315592,12.995000000000001,9.13,16.86,5,1,0
ACORN-E,2013-09-08,8.49424942734563,9.915,9.2,10.63,6,1,0
ACORN-E,2013-09-09,8.72101958001666,13.015,9.38,16.65,0,0,0
ACORN-E,2013-09-10,8.84287008559974,14.48,12.47,16.49,1,0,0
ACORN-E,2013-09-11,8.83019658876485,15.3,12.58,18.02,2,0,0
ACORN-E,2013-09-12,8.59686001178745,16.435,14.78,18.09,3,0,0
ACORN-E,2013-09-13,8.87598914526454,11.575,9.3,13.85,4,0,0
ACORN-E,2013-09-14,9.19175896841777,11.04,6.72,15.36,5,1,0
ACORN-E,2013-09-15,9.70570218177592,11.16,8.24,14.08,6,1,0
ACORN-E,2013-09-16,9.20956510841494,10.945,8.19,13.7,0,0,0
ACORN-E,2013-09-17,9.50600386585219,12.975,10.77,15.18,1,0,0
ACORN-E,2013-09-18,9.13145490103967,12.085,8.33,15.84,2,0,0
ACORN-E,2013-09-19,9.36030737869128,14.125,9.84,18.41,3,0,0
ACORN-E,2013-09-20,8.82776161840763,14.254999999999999,10.33,18.18,4,0,0
ACORN-E,2013-09-21,8.90304160878105,16.545,14.25,18.84,5,1,0
ACORN-E,2013-09-22,9.28713892886319,16.335,13.03,19.64,6,1,0
ACORN-E,2013-09-23,8.78147278203963,16.5,11.53,21.47,0,0,0
ACORN-E,2013-09-24,8.45804753588417,17.27,13.67,20.87,1,0,0
ACORN-E,2013-09-25,8.57108191426314,16.0,13.12,18.88,2,0,0
ACORN-E,2013-09-26,8.45591068232405,13.785,10.58,16.99,3,0,0
ACORN-E,2013-09-27,8.50998320964676,15.395,12.43,18.36,4,0,0
ACORN-E,2013-09-28,8.87066612523033,15.399999999999999,13.44,17.36,5,1,0
ACORN-E,2013-09-29,9.25484744495756,16.009999999999998,13.21,18.81,6,1,0
ACORN-E,2013-09-30,8.91611128368953,14.52,11.76,17.28,0,0,0
ACORN-E,2013-10-01,9.12470112185117,16.32,13.62,19.02,1,0,0
ACORN-E,2013-10-02,9.11854051111957,16.24,14.03,18.45,2,0,0
ACORN-E,2013-10-03,8.88014460540867,18.025,15.23,20.82,3,0,0
ACORN-E,2013-10-04,8.72685230787638,15.805,13.67,17.94,4,0,0
ACORN-E,2013-10-05,8.88387299726731,13.975000000000001,8.76,19.19,5,1,0
ACORN-E,2013-10-06,9.13888218808039,14.469999999999999,10.37,18.57,6,1,0
ACORN-E,2013-10-07,8.87363094029794,16.490000000000002,13.36,19.62,0,0,0
ACORN-E,2013-10-08,8.7465680942237,12.76,9.04,16.48,1,0,0
ACORN-E,2013-10-09,8.9643845855975,9.71,7.6,11.82,2,0,0
ACORN-E,2013-10-10,9.5234344233534,10.91,8.66,13.16,3,0,0
ACORN-E,2013-10-11,10.1699285427788,11.315000000000001,8.46,14.17,4,0,0
ACORN-E,2013-10-12,9.6981270796636,10.17,8.87,11.47,5,1,0
ACORN-E,2013-10-13,11.0603011162224,9.98,8.62,11.34,6,1,0
ACORN-E,2013-10-14,10.4962655755947,10.665,8.75,12.58,0,0,0
ACORN-E,2013-10-15,10.0380404079673,10.815,6.76,14.87,1,0,0
ACORN-E,2013-10-16,10.4129661387171,14.555,11.82,17.29,2,0,0
ACORN-E,2013-10-17,9.72072393895528,13.83,10.5,17.16,3,0,0
ACORN-E,2013-10-18,9.47884643089233,15.365,13.21,17.52,4,0,0
ACORN-E,2013-10-19,9.50580719487114,14.6,12.16,17.04,5,1,0
ACORN-E,2013-10-20,9.98024465091581,15.395,13.26,17.53,6,1,0
ACORN-E,2013-10-21,9.73928435393829,15.91,13.79,18.03,0,0,0
ACORN-E,2013-10-22,9.43566705985541,13.260000000000002,9.99,16.53,1,0,0
ACORN-E,2013-10-23,9.25717653037252,11.870000000000001,6.83,16.91,2,0,0
ACORN-E,2013-10-24,9.3216204992964,15.815,13.16,18.47,3,0,0
ACORN-E,2013-10-25,9.17630826828187,15.5,14.34,16.66,4,0,0
ACORN-E,2013-10-26,9.54320625041667,13.765,11.66,15.87,5,1,0
ACORN-E,2013-10-27,10.1067103249609,,,,6,1,0
ACORN-E,2013-10-28,9.97530217718972,12.53,9.0,16.06,0,0,0
ACORN-E,2013-10-29,10.2616316622625,9.620000000000001,6.86,12.38,1,0,0
ACORN-E,2013-10-30,10.2322419700526,9.02,4.47,13.57,2,0,0
ACORN-E,2013-10-31,10.1150968218937,12.36,11.61,13.11,3,0,0
ACORN-E,2013-11-01,10.0425565774225,12.725000000000001,11.48,13.97,4,0,0
ACORN-E,2013-11-02,9.95748477120998,12.675,10.27,15.08,5,1,0
ACORN-E,2013-11-03,11.1345888064072,9.495,7.56,11.43,6,1,0
ACORN-E,2013-11-04,10.7785411469576,7.380000000000001,4.78,9.98,0,0,0
ACORN-E,2013-11-05,11.306539361903,8.4,4.41,12.39,1,0,0
ACORN-E,2013-11-06,10.9975296116982,12.09,9.31,14.87,2,0,0
ACORN-E,2013-11-07,10.5407608356527,11.035,7.37,14.7,3,0,0
ACORN-E,2013-11-08,10.95777885758,8.145,5.29,11.0,4,0,0
ACORN-E,2013-11-09,11.6772841947299,5.17,3.28,7.06,5,1,0
ACORN-E,2013-11-10,11.8013627857623,5.9,2.58,9.22,6,1,0
ACORN-E,2013-11-11,11.7933619811977,7.58,2.53,12.63,0,0,0
ACORN-E,2013-11-12,10.8381698697809,9.594999999999999,6.08,13.11,1,0,0
ACORN-E,2013-11-13,11.1269594103202,6.0249999999999995,2.11,9.94,2,0,0
ACORN-E,2013-11-14,11.1898247738887,7.3999999999999995,5.18,9.62,3,0,0
ACORN-E,2013-11-15,11.3946992066146,6.29,3.33,9.25,4,0,0
ACORN-E,2013-11-16,11.8034778902969,5.26,1.38,9.14,5,1,0
ACORN-E,2013-11-17,12.3390941029452,8.925,8.28,9.57,6,1,0
ACORN-E,2013-11-18,11.6806446495667,8.335,7.37,9.3,0,0,0
ACORN-E,2013-11-19,11.8512014526643,3.69,0.6,6.78,1,0,0
ACORN-E,2013-11-20,12.8682450495397,2.5549999999999997,-1.27,6.38,2,0,0
ACORN-E,2013-11-21,12.5757533593905,5.515000000000001,3.12,7.91,3,0,0
ACORN-E,2013-11-22,12.4795773669021,5.705,3.52,7.89,4,0,0
ACORN-E,2013-11-23,12.4722063163489,5.41,3.41,7.41,5,1,0
ACORN-E,2013-11-24,13.1171419569384,6.539999999999999,5.06,8.02,6,1,0
ACORN-E,2013-11-25,12.5277768196152,5.915,4.54,7.29,0,0,0
ACORN-E,2013-11-26,12.4335093556647,5.08,2.93,7.23,1,0,0
ACORN-E,2013-11-27,12.187069385028,8.05,5.78,10.32,2,0,0
ACORN-E,2013-11-28,11.9313841708774,8.99,8.08,9.9,3,0,0
ACORN-E,2013-11-29,11.8574052750507,8.37,6.56,10.18,4,0,0
ACORN-E,2013-11-30,12.2866540121909,5.955,3.53,8.38,5,1,0
ACORN-E,2013-12-01,12.8408625580988,5.925,2.43,9.42,6,1,0
ACORN-E,2013-12-02,11.9693912254666,8.004999999999999,6.59,9.42,0,0,0
ACORN-E,2013-12-03,12.2272331763288,5.4399999999999995,3.66,7.22,1,0,0
ACORN-E,2013-12-04,12.1931144986164,5.63,2.35,8.91,2,0,0
ACORN-E,2013-12-05,12.7015705382058,5.685,1.08,10.29,3,0,0
ACORN-E,2013-12-06,12.6032529068427,5.29,2.73,7.85,4,0,0
ACORN-E,2013-12-07,12.6655199439605,7.635,6.55,8.72,5,1,0
ACORN-E,2013-12-08,12.6438143241738,8.165,5.09,11.24,6,1,0
ACORN-E,2013-12-09,11.9668606896025,8.035,5.06,11.01,0,0,0
ACORN-E,2013-12-10,12.1756345403265,5.545,2.06,9.03,1,0,0
ACORN-E,2013-12-11,12.5452322176099,4.23,2.06,6.4,2,0,0
ACORN-E,2013-12-12,12.5342984956014,5.25,1.52,8.98,3,0,0
ACORN-E,2013-12-13,12.0334909827741,9.940000000000001,8.15,11.73,4,0,0
ACORN-E,2013-12-14,12.0304644849755,7.5600000000000005,3.79,11.33,5,1,0
ACORN-E,2013-12-15,12.3876069703954,10.325,8.11,12.54,6,1,0
ACORN-E,2013-12-16,11.5157792129424,10.42,7.95,12.89,0,0,0
ACORN-E,2013-12-17,11.8354780169474,6.005000000000001,4.61,7.4,1,0,0
ACORN-E,2013-12-18,11.8184521503335,7.6499999999999995,5.01,10.29,2,0,0
ACORN-E,2013-12-19,11.8972942299034,6.6899999999999995,3.68,9.7,3,0,0
ACORN-E,2013-12-20,11.8807221817151,6.525,2.63,10.42,4,0,0
ACORN-E,2013-12-21,12.0791825412313,10.68,9.41,11.95,5,1,0
ACORN-E,2013-12-22,11.81780348772,7.4399999999999995,4.81,10.07,6,1,0
ACORN-E,2013-12-23,12.0200664434678,8.545,5.14,11.95,0,0,0
ACORN-E,2013-12-24,11.5605739134428,8.68,5.43,11.93,1,0,0
ACORN-E,2013-12-25,11.6559046855464,5.465,3.74,7.19,2,0,1
ACORN-E,2013-12-26,11.0342508933371,5.255,2.87,7.64,3,0,1
ACORN-E,2013-12-27,11.3844515167199,9.23,7.47,10.99,4,0,0
ACORN-E,2013-12-28,11.3240254038009,5.335,2.86,7.81,5,1,0
ACORN-E,2013-12-29,11.9480493843219,4.14,0.72,7.56,6,1,0
ACORN-E,2013-12-30,12.0482163053927,8.31,6.4,10.22,0,0,0
ACORN-E,2013-12-31,12.1463520070988,8.065,5.77,10.36,1,0,0
ACORN-E,2014-01-01,12.4512785636379,8.965,6.59,11.34,2,0,1
ACORN-E,2014-01-02,11.6142299521647,8.645,6.54,10.75,3,0,0
ACORN-E,2014-01-03,12.0736456030097,8.75,7.01,10.49,4,0,0
ACORN-E,2014-01-04,12.5437995202133,6.82,4.06,9.58,5,1,0
ACORN-E,2014-01-05,13.2262160110062,6.840000000000001,1.72,11.96,6,1,0
ACORN-E,2014-01-06,12.2030733861158,10.955,9.34,12.57,0,0,0
ACORN-E,2014-01-07,11.9375863602031,10.18,8.98,11.38,1,0,0
ACORN-E,2014-01-08,11.6931236612479,9.495,7.37,11.62,2,0,0
ACORN-E,2014-01-09,11.702861872658,8.435,4.86,12.01,3,0,0
ACORN-E,2014-01-10,11.945971275057,6.41,2.68,10.14,4,0,0
ACORN-E,2014-01-11,11.9207370190276,4.805,1.02,8.59,5,1,0
ACORN-E,2014-01-12,13.3060000325236,4.6450000000000005,0.38,8.91,6,1,0
ACORN-F,2012-07-01,8.15838566587031,15.024999999999999,12.47,17.58,6,1,0
ACORN-F,2012-07-02,7.95666913746557,17.119999999999997,15.43,18.81,0,0,0
ACORN-F,2012-07-03,7.807432394229,18.695,15.95,21.44,1,0,0
ACORN-F,2012-07-04,7.81000361971278,18.765,15.2,22.33,2,0,0
ACORN-F,2012-07-05,7.61427578963484,16.74,14.78,18.7,3,0,1
ACORN-F,2012-07-06,7.646658458194,16.035,13.42,18.65,4,0,0
ACORN-F,2012-07-07,7.82419076741807,16.525,14.28,18.77,5,1,0
ACORN-F,2012-07-08,8.64759134518284,16.19,14.38,18.0,6,1,0
ACORN-F,2012-07-09,7.95569662071108,15.370000000000001,13.28,17.46,0,0,0
ACORN-F,2012-07-10,7.81819530870769,15.41,12.07,18.75,1,0,0
ACORN-F,2012-07-11,7.66628394166464,14.355,10.04,18.67,2,0,0
ACORN-F,2012-07-12,7.73997833892316,16.735,14.21,19.26,3,0,0
ACORN-F,2012-07-13,7.84945869606367,14.785,13.13,16.44,4,0,0
ACORN-F,2012-07-14,8.31611518297145,15.350000000000001,12.44,18.26,5,1,0
ACORN-F,2012-07-15,8.31692330451128,15.055,13.05,17.06,6,1,0
ACORN-F,2012-07-16,8.05797293308271,18.18,13.92,22.44,0,0,0
ACORN-F,2012-07-17,7.64346415805615,16.715,14.91,18.52,1,0,0
ACORN-F,2012-07-18,7.85271879819549,16.975,13.77,20.18,2,0,0
ACORN-F,2012-07-19,7.70686796877178,15.445,13.12,17.77,3,0,0
ACORN-F,2012-07-20,7.81318875411224,15.86,11.83,19.89,4,0,0
ACORN-F,2012-07-21,7.71858050140298,17.55,12.24,22.86,5,1,0
ACORN-F,2012-07-22,7.80218708865658,19.825,12.47,27.18,6,1,0
ACORN-F,2012-07-23,7.4753417261473,21.265,14.21,28.32,0,0,0
ACORN-F,2012-07-24,7.5193260543962,22.555,15.74,29.37,1,0,0
ACORN-F,2012-07-25,7.65545207961722,21.185000000000002,15.93,26.44,2,0,0
ACORN-F,2012-07-26,7.64856288819051,19.86,15.93,23.79,3,0,0
ACORN-F,2012-07-27,7.79404811909774,18.009999999999998,14.93,21.09,4,0,0
ACORN-F,2012-07-28,7.7993398487218,14.445,10.97,17.92,5,1,0
ACORN-F,2012-07-29,8.22997894631579,14.775,9.86,19.69,6,1,0
ACORN-F,2012-07-30,7.6897233087218,15.855,11.52,20.19,0,0,0
ACORN-F,2012-07-31,7.80943868418766,18.13,13.69,22.57,1,0,0
ACORN-F,2012-08-01,7.54261486945282,18.45,15.61,21.29,2,0,0
ACORN-F,2012-08-02,7.39867181190849,17.43,13.09,21.77,3,0,0
ACORN-F,2012-08-03,7.45797142902256,17.7,14.36,21.04,4,0,0
ACORN-F,2012-08-04,7.56464745042326,16.835,12.98,20.69,5,1,0
ACORN-F,2012-08-05,8.09897447944596,17.86,14.77,20.95,6,1,0
ACORN-F,2012-08-06,7.68518496120301,15.405000000000001,11.49,19.32,0,0,0
ACORN-F,2012-08-07,7.68255333829164,18.915,15.03,22.8,1,0,0
ACORN-F,2012-08-08,7.49018345954887,19.625,13.33,25.92,2,0,0
ACORN-F,2012-08-09,7.60315037473684,19.744999999999997,14.5,24.99,3,0,0
ACORN-F,2012-08-10,7.48035939759399,19.060000000000002,15.21,22.91,4,0,0
ACORN-F,2012-08-11,7.43800150330827,20.58,16.03,25.13,5,1,0
ACORN-F,2012-08-12,7.98719523652023,18.97,15.26,22.68,6,1,0
ACORN-F,2012-08-13,7.58283348914055,20.795,17.62,23.97,0,0,0
ACORN-F,2012-08-14,7.44999944934224,19.975,17.38,22.57,1,0,0
ACORN-F,2012-08-15,7.62185002705279,18.845,16.02,21.67,2,0,0
ACORN-F,2012-08-16,7.70947969954887,22.575000000000003,17.92,27.23,3,0,0
ACORN-F,2012-08-17,7.49230209048238,25.2,20.54,29.86,4,0,0
ACORN-F,2012-08-18,7.81824553447478,23.424999999999997,17.97,28.88,5,1,0
ACORN-F,2012-08-19,8.29778015913217,20.75,16.96,24.54,6,1,0
ACORN-F,2012-08-20,7.8939857598811,19.18,16.27,22.09,0,0,0
ACORN-F,2012-08-21,7.61443908531935,17.32,13.16,21.48,1,0,0
ACORN-F,2012-08-22,7.50516118907439,17.5,12.96,22.04,2,0,0
ACORN-F,2012-08-23,7.4733312103564,17.17,14.07,20.27,3,0,0
ACORN-F,2012-08-24,7.6870241332688,17.985,15.04,20.93,4,0,0
ACORN-F,2012-08-25,7.79732804055141,17.635,14.26,21.01,5,1,0
ACORN-F,2012-08-26,7.74202772941186,16.805,12.62,20.99,6,1,0
ACORN-F,2012-08-27,7.93656637722138,18.735,14.97,22.5,0,0,1
ACORN-F,2012-08-28,7.61127128385652,16.675,13.66,19.69,1,0,0
ACORN-F,2012-08-29,7.87713592259611,14.085,11.25,16.92,2,0,0
ACORN-F,2012-08-30,7.91188862784794,12.75,7.78,17.72,3,0,0
ACORN-F,2012-08-31,7.63220364702686,16.82,13.11,20.53,4,0,0
ACORN-F,2012-09-01,7.8167968761871,15.46,12.57,18.35,5,1,0
ACORN-F,2012-09-02,8.52907370734601,20.015,15.69,24.34,6,1,0
ACORN-F,2012-09-03,7.86752336767636,19.25,13.71,24.79,0,0,0
ACORN-F,2012-09-04,7.81415603485107,16.02,12.07,19.97,1,0,1
ACORN-F,2012-09-05,7.60572255548646,14.715,8.67,20.76,2,0,0
ACORN-F,2012-09-06,7.50317667112926,18.61,11.46,25.76,3,0,0
ACORN-F,2012-09-07,7.5020489797867,18.765,10.41,27.12,4,0,0
ACORN-F,2012-09-08,7.75505965708054,19.55,11.32,27.78,5,1,0
ACORN-F,2012-09-09,8.19095838831561,18.57,16.93,20.21,6,1,0
ACORN-F,2012-09-10,7.81055830431755,14.775,11.73,17.82,0,0,0
ACORN-F,2012-09-11,7.6346675633523,13.080000000000002,8.24,17.92,1,0,0
ACORN-F,2012-09-12,7.62347447432432,13.129999999999999,8.62,17.64,2,0,0
ACORN-F,2012-09-13,7.64511411261261,17.15,13.61,20.69,3,0,0
ACORN-F,2012-09-14,7.73215105948294,15.405000000000001,9.69,21.12,4,0,0
ACORN-F,2012-09-15,7.83029845885298,15.645,12.98,18.31,5,1,0
ACORN-F,2012-09-16,8.44091580331572,16.005,13.29,18.72,6,1,0
ACORN-F,2012-09-17,7.8697724528818,14.080000000000002,10.97,17.19,0,0,0
ACORN-F,2012-09-18,7.94526876966967,11.825,7.35,16.3,1,0,0
ACORN-F,2012-09-19,7.90062455140035,13.225,9.07,17.38,2,0,0
ACORN-F,2012-09-20,7.92782206950274,13.33,10.34,16.32,3,0,0
ACORN-F,2012-09-21,8.06067737150647,11.105,6.59,15.62,4,0,0
ACORN-F,2012-09-22,8.42032846636388,10.58,8.85,12.31,5,1,0
ACORN-F,2012-09-23,9.55269212084649,13.355,11.51,15.2,6,1,0
ACORN-F,2012-09-24,8.7125614176624,12.605,9.74,15.47,0,0,0
ACORN-F,2012-09-25,8.41758895421256,12.605,10.07,15.14,1,0,0
ACORN-F,2012-09-26,8.47962461398695,13.59,10.57,16.61,2,0,0
ACORN-F,2012-09-27,8.4628667989765,13.05,9.03,17.07,3,0,0
ACORN-F,2012-09-28,8.3808528512012,12.27,8.71,15.83,4,0,0
ACORN-F,2012-09-29,8.7540980886202,11.440000000000001,6.42,16.46,5,1,0
ACORN-F,2012-09-30,9.53704427148773,14.305,12.37,16.24,6,1,0
ACORN-F,2012-10-01,8.72875207351257,13.655000000000001,10.87,16.44,0,0,0
ACORN-F,2012-10-02,8.64945580311517,11.844999999999999,9.35,14.34,1,0,0
ACORN-F,2012-10-03,8.46590265903039,11.09,7.19,14.99,2,0,0
ACORN-F,2012-10-04,8.51379094764429,12.379999999999999,9.16,15.6,3,0,0
ACORN-F,2012-10-05,8.7792973883516,11.25,7.61,14.89,4,0,0
ACORN-F,2012-10-06,8.96004799679205,9.455,5.27,13.64,5,1,0
ACORN-F,2012-10-07,9.49112985893135,10.865,9.51,12.22,6,1,0
ACORN-F,2012-10-08,9.19348263749325,11.65,9.07,14.23,0,0,0
ACORN-F,2012-10-09,8.79824995039957,10.585,7.04,14.13,1,0,0
ACORN-F,2012-10-10,8.73557677825633,12.015,9.15,14.88,2,0,0
ACORN-F,2012-10-11,9.12781866658741,11.615,8.51,14.72,3,0,0
ACORN-F,2012-10-12,8.68690900300678,8.969999999999999,6.41,11.53,4,0,0
ACORN-F,2012-10-13,9.09855201434232,7.565,2.81,12.32,5,1,0
ACORN-F,2012-10-14,9.88272259484783,8.559999999999999,4.09,13.03,6,1,0
ACORN-F,2012-10-15,9.30346106169065,11.9,9.06,14.74,0,0,0
ACORN-F,2012-10-16,8.90850515557405,12.700000000000001,8.8,16.6,1,0,0
ACORN-F,2012-10-17,8.84476967330448,14.094999999999999,12.15,16.04,2,0,0
ACORN-F,2012-10-18,8.95317794380738,12.595,11.98,13.21,3,0,0
ACORN-F,2012-10-19,9.30473404955073,11.79,9.57,14.01,4,0,0
ACORN-F,2012-10-20,9.28581065118343,11.3,10.19,12.41,5,1,0
ACORN-F,2012-10-21,10.2001346150888,13.375,12.02,14.73,6,1,0
ACORN-F,2012-10-22,9.15668071511409,13.255,12.46,14.05,0,0,0
ACORN-F,2012-10-23,9.15794715971286,14.629999999999999,13.08,16.18,1,0,0
ACORN-F,2012-10-24,8.92314919380667,11.85,10.09,13.61,2,0,0
ACORN-F,2012-10-25,9.21547495070005,7.15,4.19,10.11,3,0,0
ACORN-F,2012-10-26,9.74867733268062,5.085,2.49,7.68,4,0,0
ACORN-F,2012-10-27,10.4704438609655,5.3,1.43,9.17,5,1,0
ACORN-F,2012-10-28,11.0259912237881,,,,6,1,0
ACORN-F,2012-10-29,9.85380810098218,10.030000000000001,7.66,12.4,0,0,0
ACORN-F,2012-10-30,9.77530639745698,8.245000000000001,5.57,10.92,1,0,0
ACORN-F,2012-10-31,9.60560413826165,9.405,6.45,12.36,2,0,0
ACORN-F,2012-11-01,9.69536187161346,7.83,4.2,11.46,3,0,0
ACORN-F,2012-11-02,9.98637970356168,7.195,4.61,9.78,4,0,0
ACORN-F,2012-11-03,10.3991167281885,6.335,3.22,9.45,5,1,0
ACORN-F,2012-11-04,11.2705693980534,5.8149999999999995,2.96,8.67,6,1,0
ACORN-F,2012-11-05,10.098133126244,6.0649999999999995,2.94,9.19,0,0,0
ACORN-F,2012-11-06,10.2197474863096,5.295,0.92,9.67,1,0,0
ACORN-F,2012-11-07,10.1026642416042,7.449999999999999,4.97,9.93,2,0,0
ACORN-F,2012-11-08,9.77226674170098,10.075,7.81,12.34,3,0,0
ACORN-F,2012-11-09,9.92474770480307,9.7,8.13,11.27,4,0,0
ACORN-F,2012-11-10,10.256899855022,7.755000000000001,5.2,10.31,5,1,0
ACORN-F,2012-11-11,10.9689714805301,5.984999999999999,2.1,9.87,6,1,0
ACORN-F,2012-11-12,9.93665051248164,8.35,4.52,12.18,0,0,0
ACORN-F,2012-11-13,9.48787811967695,12.36,10.06,14.66,1,0,0
ACORN-F,2012-11-14,9.5059925484257,9.975,7.33,12.62,2,0,0
ACORN-F,2012-11-15,9.91279451187321,7.76,6.45,9.07,3,0,0
ACORN-F,2012-11-16,9.98195137474043,7.55,5.91,9.19,4,0,0
ACORN-F,2012-11-17,10.3263704597998,10.309999999999999,8.18,12.44,5,1,0
ACORN-F,2012-11-18,10.7957988274596,5.745,2.07,9.42,6,1,0
ACORN-F,2012-11-19,9.94792070572687,7.36,3.49,11.23,0,0,0
ACORN-F,2012-11-20,9.79177474811836,12.170000000000002,10.88,13.46,1,0,0
ACORN-F,2012-11-21,9.95223672043109,8.965,6.06,11.87,2,0,0
ACORN-F,2012-11-22,9.8213351670213,9.825,6.56,13.09,3,0,0
ACORN-F,2012-11-23,9.86788210984518,7.91,5.12,10.7,4,0,0
ACORN-F,2012-11-24,10.7239350286687,6.775,3.64,9.91,5,1,0
ACORN-F,2012-11-25,10.8875566259361,10.0,7.46,12.54,6,1,0
ACORN-F,2012-11-26,10.1038179265775,8.93,7.17,10.69,0,0,0
ACORN-F,2012-11-27,10.2739320841315,7.445,6.42,8.47,1,0,0
ACORN-F,2012-11-28,10.6339453825431,5.17,3.45,6.89,2,0,0
ACORN-F,2012-11-29,10.8068883224067,3.735,1.63,5.84,3,0,0
ACORN-F,2012-11-30,11.1006960359765,1.74,-0.89,4.37,4,0,0
ACORN-F,2012-12-01,11.8252327458595,2.1900000000000004,-1.35,5.73,5,1,0
ACORN-F,2012-12-02,12.3552261406755,1.605,-1.55,4.76,6,1,0
ACORN-F,2012-12-03,10.8802657788182,6.58,2.94,10.22,0,0,0
ACORN-F,2012-12-04,10.8587125352098,4.470000000000001,1.21,7.73,1,0,0
ACORN-F,2012-12-05,11.2178511013756,1.56,-0.77,3.89,2,0,0
ACORN-F,2012-12-06,11.7294537443466,1.01,-2.82,4.84,3,0,0
ACORN-F,2012-12-07,11.4810174970288,4.65,2.97,6.33,4,0,0
ACORN-F,2012-12-08,11.4040328823035,4.8149999999999995,3.17,6.46,5,1,0
ACORN-F,2012-12-09,12.0320093025466,6.26,3.86,8.66,6,1,0
ACORN-F,2012-12-10,11.0490190863436,3.57,1.55,5.59,0,0,0
ACORN-F,2012-12-11,11.450379716391,0.10499999999999998,-2.49,2.7,1,0,0
ACORN-F,2012-12-12,11.8165729616679,-1.0150000000000001,-3.83,1.8,2,0,0
ACORN-F,2012-12-13,11.793483122253,0.11499999999999999,-1.35,1.58,3,0,0
ACORN-F,2012-12-14,11.5079353881057,6.135,1.93,10.34,4,0,0
ACORN-F,2012-12-15,11.1770983864905,9.04,6.91,11.17,5,1,0
ACORN-F,2012-12-16,11.5222441568109,7.57,5.32,9.82,6,1,0
ACORN-F,2012-12-17,10.6631287926494,7.359999999999999,5.62,9.1,0,0,0
ACORN-F,2012-12-18,10.5559043456001,6.3100000000000005,4.66,7.96,1,0,0
ACORN-F,2012-12-19,10.879535878705,5.255,3.07,7.44,2,0,0
ACORN-F,2012-12-20,10.8806594565364,8.05,6.53,9.57,3,0,0
ACORN-F,2012-12-21,10.5617596132573,7.994999999999999,6.3,9.69,4,0,0
ACORN-F,2012-12-22,11.2485831871309,9.555,6.04,13.07,5,1,0
ACORN-F,2012-12-23,10.8900636646534,11.21,9.34,13.08,6,1,0
ACORN-F,2012-12-24,10.7250568869068,9.935,7.57,12.3,0,0,0
ACORN-F,2012-12-25,10.9482071962508,7.800000000000001,6.46,9.14,1,0,1
ACORN-F,2012-12-26,10.2987787603245,7.505,4.83,10.18,2,0,1
ACORN-F,2012-12-27,10.6009868422141,7.195,6.42,7.97,3,0,0
ACORN-F,2012-12-28,10.68545813138,8.895,5.45,12.34,4,0,0
ACORN-F,2012-12-29,10.6515059736026,9.625,7.28,11.97,5,1,0
ACORN-F,2012-12-30,11.0149484915044,8.17,5.44,10.9,6,1,0
ACORN-F,2012-12-31,10.6185549773113,6.73,4.22,9.24,0,0,0
ACORN-F,2013-01-01,10.8454803710359,5.4,3.31,7.49,1,0,1
ACORN-F,2013-01-02,10.7101315365549,7.065,3.31,10.82,2,0,0
ACORN-F,2013-01-03,10.3265958682891,10.530000000000001,9.65,11.41,3,0,0
ACORN-F,2013-01-04,10.4127787612094,9.48,8.17,10.79,4,0,1
ACORN-F,2013-01-05,10.7091770209308,9.25,7.84,10.66,5,1,0
ACORN-F,2013-01-06,11.368108689128,7.76,6.91,8.61,6,1,0
ACORN-F,2013-01-07,10.3492277197442,8.09,7.1,9.08,0,0,0
ACORN-F,2013-01-08,10.0693392346608,10.125,9.02,11.23,1,0,0
ACORN-F,2013-01-09,10.1914097789662,5.49,1.77,9.21,2,0,0
ACORN-F,2013-01-10,10.8155997062038,2.295,1.16,3.43,3,0,0
ACORN-F,2013-01-11,10.7234244921563,3.295,0.89,5.7,4,0,0
ACORN-F,2013-01-12,11.6031079859467,3.14,1.75,4.53,5,1,0
ACORN-F,2013-01-13,12.1875409053608,2.26,1.04,3.48,6,1,0
ACORN-F,2013-01-14,11.6530715930233,1.265,-0.41,2.94,0,0,0
ACORN-F,2013-01-15,11.6532200914328,0.7749999999999999,-0.83,2.38,1,0,0
ACORN-F,2013-01-16,11.8167427043971,-1.19,-2.32,-0.06,2,0,0
ACORN-F,2013-01-17,11.9056285621918,-0.49,-3.86,2.88,3,0,0
ACORN-F,2013-01-18,12.575484757928,-0.29999999999999993,-1.93,1.33,4,0,0
ACORN-F,2013-01-19,13.2549438909488,0.09999999999999998,-0.65,0.85,5,1,0
ACORN-F,2013-01-20,13.4946010842738,-0.6849999999999999,-1.45,0.08,6,1,0
ACORN-F,2013-01-21,12.0973929118168,-0.405,-1.98,1.17,0,0,0
ACORN-F,2013-01-22,12.1079064041915,-0.45500000000000007,-3.73,2.82,1,0,0
ACORN-F,2013-01-23,11.7844702239424,2.0999999999999996,1.38,2.82,2,0,0
ACORN-F,2013-01-24,11.8284560105504,1.06,-0.11,2.23,3,0,0
ACORN-F,2013-01-25,11.954278741225,0.895,-1.19,2.98,4,0,0
ACORN-F,2013-01-26,11.6924004509413,4.965,2.37,7.56,5,1,0
ACORN-F,2013-01-27,11.9237959141964,7.49,4.72,10.26,6,1,0
ACORN-F,2013-01-28,11.1183086942479,6.779999999999999,3.02,10.54,0,0,0
ACORN-F,2013-01-29,10.2971620995632,11.425,9.76,13.09,1,0,0
ACORN-F,2013-01-30,9.92521599524422,10.035,7.51,12.56,2,0,0
ACORN-F,2013-01-31,10.0345717583169,8.53,7.12,9.94,3,0,0
ACORN-F,2013-02-01,10.3129260047838,6.095,4.16,8.03,4,0,0
ACORN-F,2013-02-02,11.1038997683154,3.5199999999999996,1.48,5.56,5,1,0
ACORN-F,2013-02-03,11.7116506203535,4.614999999999999,0.11,9.12,6,1,0
ACORN-F,2013-02-04,10.2444798585849,8.34,6.48,10.2,0,0,0
ACORN-F,2013-02-05,10.67891729197,4.300000000000001,2.16,6.44,1,0,0
ACORN-F,2013-02-06,10.9806430145525,4.51,2.86,6.16,2,0,0
ACORN-F,2013-02-07,11.1338687742885,3.3850000000000002,1.24,5.53,3,0,0
ACORN-F,2013-02-08,10.8501600440991,3.2,0.81,5.59,4,0,0
ACORN-F,2013-02-09,11.4304609060633,2.63,1.58,3.68,5,1,0
ACORN-F,2013-02-10,12.2748523344909,2.8950000000000005,1.06,4.73,6,1,0
ACORN-F,2013-02-11,11.399679145167,1.2149999999999999,0.55,1.88,0,0,0
ACORN-F,2013-02-12,11.1117903914865,1.69,1.14,2.24,1,0,0
ACORN-F,2013-02-13,11.2701980745416,1.845,0.6,3.09,2,0,0
ACORN-F,2013-02-14,10.5252057105179,7.33,4.07,10.59,3,0,0
ACORN-F,2013-02-15,10.2513056434171,6.015,2.27,9.76,4,0,0
ACORN-F,2013-02-16,10.4963234405045,6.915000000000001,3.7,10.13,5,1,0
ACORN-F,2013-02-17,10.7767082730396,5.825,2.16,9.49,6,1,0
ACORN-F,2013-02-18,10.3588115291435,4.405,1.16,7.65,0,0,0
ACORN-F,2013-02-19,10.319481317133,4.345,-1.43,10.12,1,0,0
ACORN-F,2013-02-20,10.6104447683379,3.355,1.83,4.88,2,0,0
ACORN-F,2013-02-21,11.6918901189544,1.5699999999999998,0.86,2.28,3,0,0
ACORN-F,2013-02-22,11.6868359290722,0.78,0.2,1.36,4,0,0
ACORN-F,2013-02-23,12.2491541639821,0.965,0.19,1.74,5,1,0
ACORN-F,2013-02-24,12.9403672255416,1.6,0.85,2.35,6,1,0
ACORN-F,2013-02-25,11.7191296062722,3.065,1.74,4.39,0,0,0
ACORN-F,2013-02-26,11.1071522641863,3.955,2.98,4.93,1,0,0
ACORN-F,2013-02-27,10.7398026546761,4.220000000000001,2.33,6.11,2,0,0
ACORN-F,2013-02-28,11.0197557685533,4.835,2.41,7.26,3,0,0
ACORN-F,2013-03-01,10.7297240862043,4.6,2.58,6.62,4,0,0
ACORN-F,2013-03-02,11.0718642429246,2.66,0.63,4.69,5,1,0
ACORN-F,2013-03-03,11.814694967401,3.345,-1.14,7.83,6,1,0
ACORN-F,2013-03-04,10.1260602537855,5.565,2.14,8.99,0,0,0
ACORN-F,2013-03-05,9.66727483490496,8.965,1.87,16.06,1,0,0
ACORN-F,2013-03-06,9.46504426335982,10.395,7.65,13.14,2,0,0
ACORN-F,2013-03-07,9.7351101533874,8.530000000000001,7.43,9.63,3,0,0
ACORN-F,2013-03-08,9.75696122802454,8.815,8.02,9.61,4,0,0
ACORN-F,2013-03-09,10.3965231651719,5.945,3.88,8.01,5,1,0
ACORN-F,2013-03-10,11.6861799952071,2.34,1.23,3.45,6,1,0
ACORN-F,2013-03-11,11.4980767191105,-0.17500000000000004,-1.57,1.22,0,0,0
ACORN-F,2013-03-12,11.3372261765919,0.985,-1.89,3.86,1,0,0
ACORN-F,2013-03-13,10.9122660149169,3.78,1.14,6.42,2,0,0
ACORN-F,2013-03-14,10.3607955198507,2.8249999999999997,-0.91,6.56,3,0,0
ACORN-F,2013-03-15,10.3683996455272,5.63,2.99,8.27,4,0,0
ACORN-F,2013-03-16,11.0988313615693,6.65,5.79,7.51,5,1,0
ACORN-F,2013-03-17,11.4255060790164,4.83,2.36,7.3,6,1,0
ACORN-F,2013-03-18,10.3261820970944,3.565,-0.22,7.35,0,0,0
ACORN-F,2013-03-19,10.169294268194,5.265,2.81,7.72,1,0,0
ACORN-F,2013-03-20,10.4059384966073,4.12,2.37,5.87,2,0,0
ACORN-F,2013-03-21,10.4200462686567,3.7249999999999996,1.18,6.27,3,0,0
ACORN-F,2013-03-22,10.885099704719,3.8,2.59,5.01,4,0,0
ACORN-F,2013-03-23,12.1900410484135,1.99,0.92,3.06,5,1,0
ACORN-F,2013-03-24,12.7799073969043,0.605,-0.32,1.53,6,1,0
ACORN-F,2013-03-25,11.7240044734328,1.26,0.71,1.81,0,0,0
ACORN-F,2013-03-26,11.4742392329892,1.26,0.77,1.75,1,0,0
ACORN-F,2013-03-27,11.1421835801493,1.765,-0.29,3.82,2,0,0
ACORN-F,2013-03-28,10.8195820889552,1.595,-0.89,4.08,3,0,0
ACORN-F,2013-03-29,11.1534059680597,2.3949999999999996,-0.52,5.31,4,0,1
ACORN-F,2013-03-30,10.906679101791,2.9050000000000002,0.94,4.87,5,1,0
ACORN-F,2013-03-31,10.9500737304529,3.49,1.1,5.88,6,1,0
ACORN-F,2013-04-01,11.0427781707144,3.875,0.04,7.71,0,0,0
ACORN-F,2013-04-02,10.3796087278884,2.285,0.48,4.09,1,0,0
ACORN-F,2013-04-03,10.7637705828916,1.945,0.98,2.91,2,0,0
ACORN-F,2013-04-04,11.0667556955448,4.609999999999999,1.88,7.34,3,0,0
ACORN-F,2013-04-05,10.4644723010947,5.255,0.64,9.87,4,0,0
ACORN-F,2013-04-06,10.1157305381737,4.58,-1.21,10.37,5,1,0
ACORN-F,2013-04-07,10.1962143432595,6.73,3.47,9.99,6,1,0
ACORN-F,2013-04-08,9.63144157651698,6.130000000000001,3.45,8.81,0,0,0
ACORN-F,2013-04-09,9.8206828904425,6.785,2.98,10.59,1,0,0
ACORN-F,2013-04-10,9.2335508988024,8.615,5.93,11.3,2,0,0
ACORN-F,2013-04-11,9.43745000688443,9.3,7.09,11.51,3,0,0
ACORN-F,2013-04-12,9.20413533786482,8.17,4.92,11.42,4,0,0
ACORN-F,2013-04-13,9.67428607468704,15.684999999999999,11.49,19.88,5,1,0
ACORN-F,2013-04-14,9.12418813317653,12.754999999999999,10.08,15.43,6,1,0
ACORN-F,2013-04-15,8.44470654133981,13.09,9.63,16.55,0,0,0
ACORN-F,2013-04-16,8.33750457457833,13.805,9.66,17.95,1,0,0
ACORN-F,2013-04-17,8.4384529707713,11.295,8.48,14.11,2,0,0
ACORN-F,2013-04-18,8.50702871004906,9.059999999999999,6.17,11.95,3,0,0
ACORN-F,2013-04-19,8.63156974981996,8.01,2.88,13.14,4,0,0
ACORN-F,2013-04-20,8.76333640201439,7.789999999999999,1.46,14.12,5,1,0
ACORN-F,2013-04-21,9.22594489135993,10.615,6.91,14.32,6,1,0
ACORN-F,2013-04-22,8.48321279430438,15.135,10.02,20.25,0,0,0
ACORN-F,2013-04-23,7.92573313313343,14.4,9.45,19.35,1,0,0
ACORN-F,2013-04-24,7.76644783623212,16.73,11.38,22.08,2,0,0
ACORN-F,2013-04-25,7.73901331020936,10.165,7.05,13.28,3,0,0
ACORN-F,2013-04-26,8.01945580433074,7.1899999999999995,4.02,10.36,4,0,0
ACORN-F,2013-04-27,8.76475162640347,6.6,1.61,11.59,5,1,0
ACORN-F,2013-04-28,9.29502578567602,10.695,7.98,13.41,6,1,0
ACORN-F,2013-04-29,8.34126169608203,9.825000000000001,5.94,13.71,0,0,0
ACORN-F,2013-04-30,8.05247196940872,10.370000000000001,4.42,16.32,1,0,0
ACORN-F,2013-05-01,8.06248735385632,11.195,5.43,16.96,2,0,0
ACORN-F,2013-05-02,7.92798181336545,12.095,4.48,19.71,3,0,0
ACORN-F,2013-05-03,7.74848328691362,12.18,8.05,16.31,4,0,0
ACORN-F,2013-05-04,8.27008100839465,12.33,6.87,17.79,5,1,0
ACORN-F,2013-05-05,8.16585833765684,15.735,10.48,20.99,6,1,0
ACORN-F,2013-05-06,7.97663845177346,14.225000000000001,8.63,19.82,0,0,0
ACORN-F,2013-05-07,7.63614547799355,14.07,11.33,16.81,1,0,0
ACORN-F,2013-05-08,7.77749262344801,10.78,7.28,14.28,2,0,0
ACORN-F,2013-05-09,8.14007964730247,13.685,10.2,17.17,3,0,0
ACORN-F,2013-05-10,7.91833233368263,10.12,7.06,13.18,4,0,0
ACORN-F,2013-05-11,8.51874431092904,10.425,6.04,14.81,5,1,0
ACORN-F,2013-05-12,9.04657573727747,10.755,7.45,14.06,6,1,0
ACORN-F,2013-05-13,7.99336106008754,9.15,7.36,10.94,0,0,0
ACORN-F,2013-05-14,8.45387767628042,10.32,7.0,13.64,1,0,0
ACORN-F,2013-05-15,8.44803741213588,9.65,4.17,15.13,2,0,0
ACORN-F,2013-05-16,8.13835222105747,9.25,7.2,11.3,3,0,0
ACORN-F,2013-05-17,8.47791274661402,11.84,9.12,14.56,4,0,0
ACORN-F,2013-05-18,8.52519373813113,13.38,8.91,17.85,5,1,0
ACORN-F,2013-05-19,8.59819382981325,14.125,11.38,16.87,6,1,0
ACORN-F,2013-05-20,8.22770060465285,14.114999999999998,12.01,16.22,0,0,0
ACORN-F,2013-05-21,7.96811634779229,11.8,9.58,14.02,1,0,0
ACORN-F,2013-05-22,7.91941656147892,8.265,6.27,10.26,2,0,0
ACORN-F,2013-05-23,8.09921690314561,6.82,5.43,8.21,3,0,0
ACORN-F,2013-05-24,8.80035548797458,10.254999999999999,5.64,14.87,4,0,0
ACORN-F,2013-05-25,8.43082858151972,12.530000000000001,6.24,18.82,5,1,0
ACORN-F,2013-05-26,8.1367424495018,11.8,6.32,17.28,6,1,0
ACORN-F,2013-05-27,7.8967515372417,10.955,9.78,12.13,0,0,1
ACORN-F,2013-05-28,8.1739420991289,10.585,8.38,12.79,1,0,0
ACORN-F,2013-05-29,8.36167992610957,12.739999999999998,10.79,14.69,2,0,0
ACORN-F,2013-05-30,8.29914028569848,16.475,11.27,21.68,3,0,0
ACORN-F,2013-05-31,7.66197412842449,14.055,10.77,17.34,4,0,0
ACORN-F,2013-06-01,7.87194602803598,14.274999999999999,9.72,18.83,5,1,0
ACORN-F,2013-06-02,8.08924098857907,12.95,7.24,18.66,6,1,0
ACORN-F,2013-06-03,7.31788198513266,13.855,7.64,20.07,0,0,0
ACORN-F,2013-06-04,7.22522402747365,14.3,8.96,19.64,1,0,0
ACORN-F,2013-06-05,7.25951925778867,14.805,8.73,20.88,2,0,1
ACORN-F,2013-06-06,7.36435589493543,14.83,10.02,19.64,3,0,0
ACORN-F,2013-06-07,7.40106165163266,13.11,9.16,17.06,4,0,0
ACORN-F,2013-06-08,7.49781081097516,12.23,10.29,14.17,5,1,0
ACORN-F,2013-06-09,8.28219248165414,12.585,10.61,14.56,6,1,0
ACORN-F,2013-06-10,7.72872891566265,12.56,8.16,16.96,0,0,0
ACORN-F,2013-06-11,7.66032663269703,15.56,14.16,16.96,1,0,0
ACORN-F,2013-06-12,7.84093232947368,15.275,12.96,17.59,2,0,0
ACORN-F,2013-06-13,7.76472631639098,13.969999999999999,9.13,18.81,3,0,0
ACORN-F,2013-06-14,7.64757543639986,13.64,11.01,16.27,4,0,0
ACORN-F,2013-06-15,8.01910526345865,14.4,11.46,17.34,5,1,0
ACORN-F,2013-06-16,8.28147669218045,16.634999999999998,12.87,20.4,6,1,0
ACORN-F,2013-06-17,7.54896417579831,16.83,13.33,20.33,0,0,0
ACORN-F,2013-06-18,7.52993332972646,20.685,15.81,25.56,1,0,0
ACORN-F,2013-06-19,7.45674481687261,18.205,16.22,20.19,2,0,0
ACORN-F,2013-06-20,7.75007727532164,17.244999999999997,14.11,20.38,3,0,0
ACORN-F,2013-06-21,7.5852111711732,14.774999999999999,12.01,17.54,4,0,0
ACORN-F,2013-06-22,7.8380975688202,14.565000000000001,12.62,16.51,5,1,0
ACORN-F,2013-06-23,8.48945666959967,13.36,10.62,16.1,6,1,0
ACORN-F,2013-06-24,7.6856589945299,15.010000000000002,11.26,18.76,0,0,0
ACORN-F,2013-06-25,7.35243336930931,15.375,10.14,20.61,1,0,0
ACORN-F,2013-06-26,7.36178372071327,15.715,12.2,19.23,2,0,0
ACORN-F,2013-06-27,7.52802857022556,16.36,12.56,20.16,3,0,0
ACORN-F,2013-06-28,7.62671311019869,17.305,13.42,21.19,4,0,0
ACORN-F,2013-06-29,7.52465097618011,20.045,14.92,25.17,5,1,0
ACORN-F,2013-06-30,7.89826820000326,16.835,13.89,19.78,6,1,0
ACORN-F,2013-07-01,7.49425538290855,14.67,11.84,17.5,0,0,0
ACORN-F,2013-07-02,7.46166907321886,17.0,14.31,19.69,1,0,0
ACORN-F,2013-07-03,7.46713624763627,17.685000000000002,12.48,22.89,2,0,0
ACORN-F,2013-07-04,7.46506470029622,18.625,12.63,24.62,3,0,0
ACORN-F,2013-07-05,7.40457184113994,19.975,13.48,26.47,4,0,0
ACORN-F,2013-07-06,7.6717927668527,21.135,14.99,27.28,5,1,0
ACORN-F,2013-07-07,8.08402348533651,20.085,14.99,25.18,6,1,0
ACORN-F,2013-07-08,7.63329355684051,18.81,12.01,25.61,0,0,0
ACORN-F,2013-07-09,7.43483515048456,18.275,13.36,23.19,1,0,0
ACORN-F,2013-07-10,7.34678464734851,16.84,11.99,21.69,2,0,0
ACORN-F,2013-07-11,7.27634992579186,17.965,12.01,23.92,3,0,0
ACORN-F,2013-07-12,7.46166548437616,22.085,15.01,29.16,4,0,0
ACORN-F,2013-07-13,7.61592530995184,22.555,17.28,27.83,5,1,0
ACORN-F,2013-07-14,8.01545281972876,23.630000000000003,17.96,29.3,6,1,0
ACORN-F,2013-07-15,7.6507798084805,23.115000000000002,17.03,29.2,0,0,0
ACORN-F,2013-07-16,7.8107811008537,23.71,17.14,30.28,1,0,0
ACORN-F,2013-07-17,7.7512306506592,22.53,17.5,27.56,2,0,0
ACORN-F,2013-07-18,7.65200597397191,21.445,15.62,27.27,3,0,0
ACORN-F,2013-07-19,7.62980394781831,19.415,16.34,22.49,4,0,0
ACORN-F,2013-07-20,7.80488556493414,21.435000000000002,16.84,26.03,5,1,0
ACORN-F,2013-07-21,7.87856607981681,24.685,17.21,32.16,6,1,0
ACORN-F,2013-07-22,7.71415250380278,23.21,19.29,27.13,0,0,0
ACORN-F,2013-07-23,7.77507506075951,20.915,15.59,26.24,1,0,0
ACORN-F,2013-07-24,7.47813761532101,20.88,16.63,25.13,2,0,0
ACORN-F,2013-07-25,7.64677034004388,20.725,15.26,26.19,3,0,0
ACORN-F,2013-07-26,7.43258944284227,21.05,14.82,27.28,4,0,0
ACORN-F,2013-07-27,7.6707647488815,19.240000000000002,15.34,23.14,5,1,0
ACORN-F,2013-07-28,7.86429565615085,19.42,16.48,22.36,6,1,0
ACORN-F,2013-07-29,7.57991703878292,18.275,15.64,20.91,0,0,0
ACORN-F,2013-07-30,7.55600128827976,20.025,16.49,23.56,1,0,0
ACORN-F,2013-07-31,7.52238371781965,24.689999999999998,16.98,32.4,2,0,0
ACORN-F,2013-08-01,7.46659320592689,21.025,17.41,24.64,3,0,0
ACORN-F,2013-08-02,7.55087146508617,19.265,15.36,23.17,4,0,0
ACORN-F,2013-08-03,7.4578953079644,18.884999999999998,14.79,22.98,5,1,0
ACORN-F,2013-08-04,7.79708484818182,19.475,16.23,22.72,6,1,0
ACORN-F,2013-08-05,7.55689848484848,17.17,12.23,22.11,0,0,0
ACORN-F,2013-08-06,7.31639614040371,18.23,14.97,21.49,1,0,0
ACORN-F,2013-08-07,7.23977008427652,17.82,11.83,23.81,2,0,0
ACORN-F,2013-08-08,7.26378342169281,19.765,15.68,23.85,3,0,0
ACORN-F,2013-08-09,7.35684154094249,17.915,14.1,21.73,4,0,0
ACORN-F,2013-08-10,7.2630493026625,19.09,15.42,22.76,5,1,0
ACORN-F,2013-08-11,7.53057359620637,16.98,13.57,20.39,6,1,0
ACORN-F,2013-08-12,7.2541296068368,15.63,11.46,19.8,0,0,0
ACORN-F,2013-08-13,7.20588098833379,16.54,11.04,22.04,1,0,0
ACORN-F,2013-08-14,7.14659615255856,20.05,16.64,23.46,2,0,0
ACORN-F,2013-08-15,7.42085916049018,19.32,16.98,21.66,3,0,0
ACORN-F,2013-08-16,7.36572742500691,17.169999999999998,14.12,20.22,4,0,0
ACORN-F,2013-08-17,7.56094403360103,19.17,15.92,22.42,5,1,0
ACORN-F,2013-08-18,7.86240974383515,17.35,12.68,22.02,6,1,0
ACORN-F,2013-08-19,7.35118069754613,17.845,12.16,23.53,0,0,0
ACORN-F,2013-08-20,7.26225616449199,19.145,12.72,25.57,1,0,0
ACORN-F,2013-08-21,7.30968866899187,18.835,16.54,21.13,2,0,0
ACORN-F,2013-08-22,7.69908206871606,21.185000000000002,16.34,26.03,3,0,0
ACORN-F,2013-08-23,7.48587803519061,17.225,14.94,19.51,4,0,0
ACORN-F,2013-08-24,7.93392071321278,17.96,13.18,22.74,5,1,0
ACORN-F,2013-08-25,7.84321936587949,20.345,16.37,24.32,6,1,0
ACORN-F,2013-08-26,7.65897560929878,17.8,12.82,22.78,0,0,1
ACORN-F,2013-08-27,7.48202660020441,17.915,12.45,23.38,1,0,0
ACORN-F,2013-08-28,7.38248858401827,18.675,14.16,23.19,2,0,0
ACORN-F,2013-08-29,7.3153318109589,19.685000000000002,15.34,24.03,3,0,0
ACORN-F,2013-08-30,7.49934085583813,17.045,14.22,19.87,4,0,0
ACORN-F,2013-08-31,7.5623553992126,15.620000000000001,10.17,21.07,5,1,0
ACORN-F,2013-09-01,7.82510660865593,18.41,11.88,24.94,6,1,0
ACORN-F,2013-09-02,7.56027249879701,18.98,14.04,23.92,0,0,0
ACORN-F,2013-09-03,7.56585305450777,20.564999999999998,14.09,27.04,1,0,0
ACORN-F,2013-09-04,7.60850202598236,21.975,15.46,28.49,2,0,0
ACORN-F,2013-09-05,7.60553087539681,15.79,13.26,18.32,3,0,0
ACORN-F,2013-09-06,7.71646303443865,14.545,11.39,17.7,4,0,0
ACORN-F,2013-09-07,7.7993479144483,12.995000000000001,9.13,16.86,5,1,0
ACORN-F,2013-09-08,8.13781653164421,9.915,9.2,10.63,6,1,0
ACORN-F,2013-09-09,8.04236350834235,13.015,9.38,16.65,0,0,0
ACORN-F,2013-09-10,7.94142727118513,14.48,12.47,16.49,1,0,0
ACORN-F,2013-09-11,8.12990091295732,15.3,12.58,18.02,2,0,0
ACORN-F,2013-09-12,7.89389376669266,16.435,14.78,18.09,3,0,0
ACORN-F,2013-09-13,8.18325405345696,11.575,9.3,13.85,4,0,0
ACORN-F,2013-09-14,8.63241253384609,11.04,6.72,15.36,5,1,0
ACORN-F,2013-09-15,9.26488764598224,11.16,8.24,14.08,6,1,0
ACORN-F,2013-09-16,8.38195626854827,10.945,8.19,13.7,0,0,0
ACORN-F,2013-09-17,8.5046864543379,12.975,10.77,15.18,1,0,0
ACORN-F,2013-09-18,8.2688869096017,12.085,8.33,15.84,2,0,0
ACORN-F,2013-09-19,8.55233553934389,14.125,9.84,18.41,3,0,0
ACORN-F,2013-09-20,8.35025520924648,14.254999999999999,10.33,18.18,4,0,0
ACORN-F,2013-09-21,8.44557596388034,16.545,14.25,18.84,5,1,0
ACORN-F,2013-09-22,8.88956823994825,16.335,13.03,19.64,6,1,0
ACORN-F,2013-09-23,8.26322703578531,16.5,11.53,21.47,0,0,0
ACORN-F,2013-09-24,7.99932083797456,17.27,13.67,20.87,1,0,0
ACORN-F,2013-09-25,7.97227916583377,16.0,13.12,18.88,2,0,0
ACORN-F,2013-09-26,7.99928494593216,13.785,10.58,16.99,3,0,0
ACORN-F,2013-09-27,7.92661134428202,15.395,12.43,18.36,4,0,0
ACORN-F,2013-09-28,8.34730027554403,15.399999999999999,13.44,17.36,5,1,0
ACORN-F,2013-09-29,8.77447103719512,16.009999999999998,13.21,18.81,6,1,0
ACORN-F,2013-09-30,8.21617524267818,14.52,11.76,17.28,0,0,0
ACORN-F,2013-10-01,8.28659994529142,16.32,13.62,19.02,1,0,0
ACORN-F,2013-10-02,8.09403662627953,16.24,14.03,18.45,2,0,0
ACORN-F,2013-10-03,8.25791437247706,18.025,15.23,20.82,3,0,0
ACORN-F,2013-10-04,8.07466250801175,15.805,13.67,17.94,4,0,0
ACORN-F,2013-10-05,8.40566872987881,13.975000000000001,8.76,19.19,5,1,0
ACORN-F,2013-10-06,8.61809460628999,14.469999999999999,10.37,18.57,6,1,0
ACORN-F,2013-10-07,8.31680907858688,16.490000000000002,13.36,19.62,0,0,0
ACORN-F,2013-10-08,8.11767824697191,12.76,9.04,16.48,1,0,0
ACORN-F,2013-10-09,8.15376346368092,9.71,7.6,11.82,2,0,0
ACORN-F,2013-10-10,8.56288996852658,10.91,8.66,13.16,3,0,0
ACORN-F,2013-10-11,9.03480658463282,11.315000000000001,8.46,14.17,4,0,0
ACORN-F,2013-10-12,8.78471363062787,10.17,8.87,11.47,5,1,0
ACORN-F,2013-10-13,10.1043204771389,9.98,8.62,11.34,6,1,0
ACORN-F,2013-10-14,9.08863038596068,10.665,8.75,12.58,0,0,0
ACORN-F,2013-10-15,8.86288496993865,10.815,6.76,14.87,1,0,0
ACORN-F,2013-10-16,9.1496482405181,14.555,11.82,17.29,2,0,0
ACORN-F,2013-10-17,8.67637545323639,13.83,10.5,17.16,3,0,0
ACORN-F,2013-10-18,8.63492121804325,15.365,13.21,17.52,4,0,0
ACORN-F,2013-10-19,8.85600255687333,14.6,12.16,17.04,5,1,0
ACORN-F,2013-10-20,9.58646307784615,15.395,13.26,17.53,6,1,0
ACORN-F,2013-10-21,8.6733335828733,15.91,13.79,18.03,0,0,0
ACORN-F,2013-10-22,8.53006787229642,13.260000000000002,9.99,16.53,1,0,0
ACORN-F,2013-10-23,8.45929916965714,11.870000000000001,6.83,16.91,2,0,0
ACORN-F,2013-10-24,8.505126152,15.815,13.16,18.47,3,0,0
ACORN-F,2013-10-25,8.4162841541815,15.5,14.34,16.66,4,0,0
ACORN-F,2013-10-26,8.76753312758089,13.765,11.66,15.87,5,1,0
ACORN-F,2013-10-27,9.51663070774037,,,,6,1,0
ACORN-F,2013-10-28,9.0346545717235,12.53,9.0,16.06,0,0,0
ACORN-F,2013-10-29,9.05182596008966,9.620000000000001,6.86,12.38,1,0,0
ACORN-F,2013-10-30,9.0704300373026,9.02,4.47,13.57,2,0,0
ACORN-F,2013-10-31,9.20102899000615,12.36,11.61,13.11,3,0,0
ACORN-F,2013-11-01,9.03970715873733,12.725000000000001,11.48,13.97,4,0,0
ACORN-F,2013-11-02,9.21582401283344,12.675,10.27,15.08,5,1,0
ACORN-F,2013-11-03,10.0304276708221,9.495,7.56,11.43,6,1,0
ACORN-F,2013-11-04,9.38665247482989,7.380000000000001,4.78,9.98,0,0,0
ACORN-F,2013-11-05,9.58076248934427,8.4,4.41,12.39,1,0,0
ACORN-F,2013-11-06,9.63403848926104,12.09,9.31,14.87,2,0,0
ACORN-F,2013-11-07,9.20968954886936,11.035,7.37,14.7,3,0,0
ACORN-F,2013-11-08,9.55909539663618,8.145,5.29,11.0,4,0,0
ACORN-F,2013-11-09,10.44687031379,5.17,3.28,7.06,5,1,0
ACORN-F,2013-11-10,10.7672439210585,5.9,2.58,9.22,6,1,0
ACORN-F,2013-11-11,9.90868229492088,7.58,2.53,12.63,0,0,0
ACORN-F,2013-11-12,9.51300437889554,9.594999999999999,6.08,13.11,1,0,0
ACORN-F,2013-11-13,9.67727229245984,6.0249999999999995,2.11,9.94,2,0,0
ACORN-F,2013-11-14,9.83325878956686,7.3999999999999995,5.18,9.62,3,0,0
ACORN-F,2013-11-15,9.90492483717018,6.29,3.33,9.25,4,0,0
ACORN-F,2013-11-16,10.3930872920222,5.26,1.38,9.14,5,1,0
ACORN-F,2013-11-17,10.8196248015504,8.925,8.28,9.57,6,1,0
ACORN-F,2013-11-18,9.90375140479616,8.335,7.37,9.3,0,0,0
ACORN-F,2013-11-19,10.0960728469868,3.69,0.6,6.78,1,0,0
ACORN-F,2013-11-20,10.6209550301958,2.5549999999999997,-1.27,6.38,2,0,0
ACORN-F,2013-11-21,10.5062833818137,5.515000000000001,3.12,7.91,3,0,0
ACORN-F,2013-11-22,10.4918878585735,5.705,3.52,7.89,4,0,0
ACORN-F,2013-11-23,10.7664642723055,5.41,3.41,7.41,5,1,0
ACORN-F,2013-11-24,11.2677422627377,6.539999999999999,5.06,8.02,6,1,0
ACORN-F,2013-11-25,10.4447671035019,5.915,4.54,7.29,0,0,0
ACORN-F,2013-11-26,10.4105117344881,5.08,2.93,7.23,1,0,0
ACORN-F,2013-11-27,10.0808040884563,8.05,5.78,10.32,2,0,0
ACORN-F,2013-11-28,9.83734493646168,8.99,8.08,9.9,3,0,0
ACORN-F,2013-11-29,9.94198937453469,8.37,6.56,10.18,4,0,0
ACORN-F,2013-11-30,10.4573910045247,5.955,3.53,8.38,5,1,0
ACORN-F,2013-12-01,11.3079214027734,5.925,2.43,9.42,6,1,0
ACORN-F,2013-12-02,10.1708208087183,8.004999999999999,6.59,9.42,0,0,0
ACORN-F,2013-12-03,10.3053000328255,5.4399999999999995,3.66,7.22,1,0,0
ACORN-F,2013-12-04,10.250974562499,5.63,2.35,8.91,2,0,0
ACORN-F,2013-12-05,10.7400919103044,5.685,1.08,10.29,3,0,0
ACORN-F,2013-12-06,10.5998908285711,5.29,2.73,7.85,4,0,0
ACORN-F,2013-12-07,10.8133355025907,7.635,6.55,8.72,5,1,0
ACORN-F,2013-12-08,10.9160275026607,8.165,5.09,11.24,6,1,0
ACORN-F,2013-12-09,9.92317836886268,8.035,5.06,11.01,0,0,0
ACORN-F,2013-12-10,10.246222569906,5.545,2.06,9.03,1,0,0
ACORN-F,2013-12-11,10.3700716768965,4.23,2.06,6.4,2,0,0
ACORN-F,2013-12-12,10.414169055627,5.25,1.52,8.98,3,0,0
ACORN-F,2013-12-13,10.2390922061565,9.940000000000001,8.15,11.73,4,0,0
ACORN-F,2013-12-14,10.6923407034748,7.5600000000000005,3.79,11.33,5,1,0
ACORN-F,2013-12-15,11.1984335601007,10.325,8.11,12.54,6,1,0
ACORN-F,2013-12-16,10.1965761747443,10.42,7.95,12.89,0,0,0
ACORN-F,2013-12-17,10.2962558414246,6.005000000000001,4.61,7.4,1,0,0
ACORN-F,2013-12-18,10.2345988205874,7.6499999999999995,5.01,10.29,2,0,0
ACORN-F,2013-12-19,10.421086865776,6.6899999999999995,3.68,9.7,3,0,0
ACORN-F,2013-12-20,10.3723985194153,6.525,2.63,10.42,4,0,0
ACORN-F,2013-12-21,11.0554901870959,10.68,9.41,11.95,5,1,0
ACORN-F,2013-12-22,11.0808846730789,7.4399999999999995,4.81,10.07,6,1,0
ACORN-F,2013-12-23,10.9368116238653,8.545,5.14,11.95,0,0,0
ACORN-F,2013-12-24,10.8549700316919,8.68,5.43,11.93,1,0,0
ACORN-F,2013-12-25,11.3158551636531,5.465,3.74,7.19,2,0,1
ACORN-F,2013-12-26,10.3007867026744,5.255,2.87,7.64,3,0,1
ACORN-F,2013-12-27,10.7411485372374,9.23,7.47,10.99,4,0,0
ACORN-F,2013-12-28,10.3958771327662,5.335,2.86,7.81,5,1,0
ACORN-F,2013-12-29,10.9962327902707,4.14,0.72,7.56,6,1,0
ACORN-F,2013-12-30,10.9931459992151,8.31,6.4,10.22,0,0,0
ACORN-F,2013-12-31,10.9146832247482,8.065,5.77,10.36,1,0,0
ACORN-F,2014-01-01,11.4526098138792,8.965,6.59,11.34,2,0,1
ACORN-F,2014-01-02,10.4412035775852,8.645,6.54,10.75,3,0,0
ACORN-F,2014-01-03,10.6702915351097,8.75,7.01,10.49,4,0,0
ACORN-F,2014-01-04,10.8324623775948,6.82,4.06,9.58,5,1,0
ACORN-F,2014-01-05,11.5330310208912,6.840000000000001,1.72,11.96,6,1,0
ACORN-F,2014-01-06,10.3410238171964,10.955,9.34,12.57,0,0,0
ACORN-F,2014-01-07,10.2997080047096,10.18,8.98,11.38,1,0,0
ACORN-F,2014-01-08,9.80076793386685,9.495,7.37,11.62,2,0,0
ACORN-F,2014-01-09,10.1568953607189,8.435,4.86,12.01,3,0,0
ACORN-F,2014-01-10,10.2998451237386,6.41,2.68,10.14,4,0,0
ACORN-F,2014-01-11,10.5639710474546,4.805,1.02,8.59,5,1,0
ACORN-F,2014-01-12,11.9042662421751,4.6450000000000005,0.38,8.91,6,1,0
ACORN-Q,2012-07-01,7.26681629129728,15.024999999999999,12.47,17.58,6,1,0
ACORN-Q,2012-07-02,6.84509869797431,17.119999999999997,15.43,18.81,0,0,0
ACORN-Q,2012-07-03,6.82859917211338,18.695,15.95,21.44,1,0,0
ACORN-Q,2012-07-04,6.7063687022381,18.765,15.2,22.33,2,0,0
ACORN-Q,2012-07-05,6.63875541029479,16.74,14.78,18.7,3,0,1
ACORN-Q,2012-07-06,6.74214639046641,16.035,13.42,18.65,4,0,0
ACORN-Q,2012-07-07,7.02639104998607,16.525,14.28,18.77,5,1,0
ACORN-Q,2012-07-08,7.44792030852348,16.19,14.38,18.0,6,1,0
ACORN-Q,2012-07-09,6.90168959425229,15.370000000000001,13.28,17.46,0,0,0
ACORN-Q,2012-07-10,6.67392519673779,15.41,12.07,18.75,1,0,0
ACORN-Q,2012-07-11,6.67821921639674,14.355,10.04,18.67,2,0,0
ACORN-Q,2012-07-12,6.7548015910665,16.735,14.21,19.26,3,0,0
ACORN-Q,2012-07-13,6.62883898234976,14.785,13.13,16.44,4,0,0
ACORN-Q,2012-07-14,7.12345922135822,15.350000000000001,12.44,18.26,5,1,0
ACORN-Q,2012-07-15,7.06968873178036,15.055,13.05,17.06,6,1,0
ACORN-Q,2012-07-16,6.84221647364765,18.18,13.92,22.44,0,0,0
ACORN-Q,2012-07-17,6.68687472302769,16.715,14.91,18.52,1,0,0
ACORN-Q,2012-07-18,6.67078009520543,16.975,13.77,20.18,2,0,0
ACORN-Q,2012-07-19,6.58071563491873,15.445,13.12,17.77,3,0,0
ACORN-Q,2012-07-20,6.69350081189117,15.86,11.83,19.89,4,0,0
ACORN-Q,2012-07-21,6.65774763908887,17.55,12.24,22.86,5,1,0
ACORN-Q,2012-07-22,6.71569599151681,19.825,12.47,27.18,6,1,0
ACORN-Q,2012-07-23,6.53418292282135,21.265,14.21,28.32,0,0,0
ACORN-Q,2012-07-24,6.57898477043147,22.555,15.74,29.37,1,0,0
ACORN-Q,2012-07-25,6.54357745955854,21.185000000000002,15.93,26.44,2,0,0
ACORN-Q,2012-07-26,6.5034662892397,19.86,15.93,23.79,3,0,0
ACORN-Q,2012-07-27,6.67866594698729,18.009999999999998,14.93,21.09,4,0,0
ACORN-Q,2012-07-28,6.58718626586439,14.445,10.97,17.92,5,1,0
ACORN-Q,2012-07-29,6.96333399328907,14.775,9.86,19.69,6,1,0
ACORN-Q,2012-07-30,6.60107843276772,15.855,11.52,20.19,0,0,0
ACORN-Q,2012-07-31,6.62567950659242,18.13,13.69,22.57,1,0,0
ACORN-Q,2012-08-01,6.50641212863609,18.45,15.61,21.29,2,0,0
ACORN-Q,2012-08-02,6.5558495066777,17.43,13.09,21.77,3,0,0
ACORN-Q,2012-08-03,6.49282531734177,17.7,14.36,21.04,4,0,0
ACORN-Q,2012-08-04,6.58446532964522,16.835,12.98,20.69,5,1,0
ACORN-Q,2012-08-05,6.96316493999046,17.86,14.77,20.95,6,1,0
ACORN-Q,2012-08-06,6.64580121865496,15.405000000000001,11.49,19.32,0,0,0
ACORN-Q,2012-08-07,6.57810150976334,18.915,15.03,22.8,1,0,0
ACORN-Q,2012-08-08,6.57340960847029,19.625,13.33,25.92,2,0,0
ACORN-Q,2012-08-09,6.54881239670871,19.744999999999997,14.5,24.99,3,0,0
ACORN-Q,2012-08-10,6.54322531401387,19.060000000000002,15.21,22.91,4,0,0
ACORN-Q,2012-08-11,6.65938836288678,20.58,16.03,25.13,5,1,0
ACORN-Q,2012-08-12,6.90862227149914,18.97,15.26,22.68,6,1,0
ACORN-Q,2012-08-13,6.55904081210933,20.795,17.62,23.97,0,0,0
ACORN-Q,2012-08-14,6.49269753980987,19.975,17.38,22.57,1,0,0
ACORN-Q,2012-08-15,6.62676026473341,18.845,16.02,21.67,2,0,0
ACORN-Q,2012-08-16,6.42422257835735,22.575000000000003,17.92,27.23,3,0,0
ACORN-Q,2012-08-17,6.43119743537167,25.2,20.54,29.86,4,0,0
ACORN-Q,2012-08-18,6.75698634286481,23.424999999999997,17.97,28.88,5,1,0
ACORN-Q,2012-08-19,7.08997332325443,20.75,16.96,24.54,6,1,0
ACORN-Q,2012-08-20,6.66864182450165,19.18,16.27,22.09,0,0,0
ACORN-Q,2012-08-21,6.50284473248035,17.32,13.16,21.48,1,0,0
ACORN-Q,2012-08-22,6.50740873599742,17.5,12.96,22.04,2,0,0
ACORN-Q,2012-08-23,6.44295362792328,17.17,14.07,20.27,3,0,0
ACORN-Q,2012-08-24,6.36148358762626,17.985,15.04,20.93,4,0,0
ACORN-Q,2012-08-25,6.71588121147697,17.635,14.26,21.01,5,1,0
ACORN-Q,2012-08-26,6.63081289431931,16.805,12.62,20.99,6,1,0
ACORN-Q,2012-08-27,6.65588392906379,18.735,14.97,22.5,0,0,1
ACORN-Q,2012-08-28,6.44162483156925,16.675,13.66,19.69,1,0,0
ACORN-Q,2012-08-29,6.65378364882073,14.085,11.25,16.92,2,0,0
ACORN-Q,2012-08-30,6.57437279115952,12.75,7.78,17.72,3,0,0
ACORN-Q,2012-08-31,6.38851119400006,16.82,13.11,20.53,4,0,0
ACORN-Q,2012-09-01,6.60610216442527,15.46,12.57,18.35,5,1,0
ACORN-Q,2012-09-02,7.08468605644962,20.015,15.69,24.34,6,1,0
ACORN-Q,2012-09-03,6.62708432846822,19.25,13.71,24.79,0,0,0
ACORN-Q,2012-09-04,6.66884528972593,16.02,12.07,19.97,1,0,1
ACORN-Q,2012-09-05,6.48404717894511,14.715,8.67,20.76,2,0,0
ACORN-Q,2012-09-06,6.49365126240289,18.61,11.46,25.76,3,0,0
ACORN-Q,2012-09-07,6.55822948675791,18.765,10.41,27.12,4,0,0
ACORN-Q,2012-09-08,6.7393326594673,19.55,11.32,27.78,5,1,0
ACORN-Q,2012-09-09,6.98519266751039,18.57,16.93,20.21,6,1,0
ACORN-Q,2012-09-10,6.80128993876922,14.775,11.73,17.82,0,0,0
ACORN-Q,2012-09-11,6.68681221579933,13.080000000000002,8.24,17.92,1,0,0
ACORN-Q,2012-09-12,6.6417370419087,13.129999999999999,8.62,17.64,2,0,0
ACORN-Q,2012-09-13,6.5449406674865,17.15,13.61,20.69,3,0,0
ACORN-Q,2012-09-14,6.60507729486912,15.405000000000001,9.69,21.12,4,0,0
ACORN-Q,2012-09-15,6.87883796194644,15.645,12.98,18.31,5,1,0
ACORN-Q,2012-09-16,7.21142589267913,16.005,13.29,18.72,6,1,0
ACORN-Q,2012-09-17,6.72395729063579,14.080000000000002,10.97,17.19,0,0,0
ACORN-Q,2012-09-18,6.68132501476811,11.825,7.35,16.3,1,0,0
ACORN-Q,2012-09-19,6.614547896507,13.225,9.07,17.38,2,0,0
ACORN-Q,2012-09-20,6.72865614518886,13.33,10.34,16.32,3,0,0
ACORN-Q,2012-09-21,6.76504936355882,11.105,6.59,15.62,4,0,0
ACORN-Q,2012-09-22,7.10938247443339,10.58,8.85,12.31,5,1,0
ACORN-Q,2012-09-23,8.02916033036503,13.355,11.51,15.2,6,1,0
ACORN-Q,2012-09-24,7.34627782142891,12.605,9.74,15.47,0,0,0
ACORN-Q,2012-09-25,6.98827752611633,12.605,10.07,15.14,1,0,0
ACORN-Q,2012-09-26,7.03262083981854,13.59,10.57,16.61,2,0,0
ACORN-Q,2012-09-27,6.90203155285305,13.05,9.03,17.07,3,0,0
ACORN-Q,2012-09-28,6.99783424026308,12.27,8.71,15.83,4,0,0
ACORN-Q,2012-09-29,7.17669118183615,11.440000000000001,6.42,16.46,5,1,0
ACORN-Q,2012-09-30,7.55049472983464,14.305,12.37,16.24,6,1,0
ACORN-Q,2012-10-01,7.19235679907376,13.655000000000001,10.87,16.44,0,0,0
ACORN-Q,2012-10-02,7.02371522061401,11.844999999999999,9.35,14.34,1,0,0
ACORN-Q,2012-10-03,7.16709182490566,11.09,7.19,14.99,2,0,0
ACORN-Q,2012-10-04,7.03962650792003,12.379999999999999,9.16,15.6,3,0,0
ACORN-Q,2012-10-05,7.18568338328303,11.25,7.61,14.89,4,0,0
ACORN-Q,2012-10-06,7.41506417445495,9.455,5.27,13.64,5,1,0
ACORN-Q,2012-10-07,7.77563182491514,10.865,9.51,12.22,6,1,0
ACORN-Q,2012-10-08,7.47797840992568,11.65,9.07,14.23,0,0,0
ACORN-Q,2012-10-09,7.25103626329088,10.585,7.04,14.13,1,0,0
ACORN-Q,2012-10-10,7.19830680367371,12.015,9.15,14.88,2,0,0
ACORN-Q,2012-10-11,7.40841633387303,11.615,8.51,14.72,3,0,0
ACORN-Q,2012-10-12,7.14491633141644,8.969999999999999,6.41,11.53,4,0,0
ACORN-Q,2012-10-13,7.59095187297533,7.565,2.81,12.32,5,1,0
ACORN-Q,2012-10-14,8.07002356716662,8.559999999999999,4.09,13.03,6,1,0
ACORN-Q,2012-10-15,7.49779471325679,11.9,9.06,14.74,0,0,0
ACORN-Q,2012-10-16,7.33438575258212,12.700000000000001,8.8,16.6,1,0,0
ACORN-Q,2012-10-17,7.3785856930844,14.094999999999999,12.15,16.04,2,0,0
ACORN-Q,2012-10-18,7.38243179616068,12.595,11.98,13.21,3,0,0
ACORN-Q,2012-10-19,7.54826275886205,11.79,9.57,14.01,4,0,0
ACORN-Q,2012-10-20,7.82481495159314,11.3,10.19,12.41,5,1,0
ACORN-Q,2012-10-21,8.35633751583829,13.375,12.02,14.73,6,1,0
ACORN-Q,2012-10-22,7.52704592986053,13.255,12.46,14.05,0,0,0
ACORN-Q,2012-10-23,7.50476988910649,14.629999999999999,13.08,16.18,1,0,0
ACORN-Q,2012-10-24,7.34855666149251,11.85,10.09,13.61,2,0,0
ACORN-Q,2012-10-25,7.48807911971511,7.15,4.19,10.11,3,0,0
ACORN-Q,2012-10-26,7.8394157989806,5.085,2.49,7.68,4,0,0
ACORN-Q,2012-10-27,8.18081533757943,5.3,1.43,9.17,5,1,0
ACORN-Q,2012-10-28,8.62849250611459,,,,6,1,0
ACORN-Q,2012-10-29,7.85073907379901,10.030000000000001,7.66,12.4,0,0,0
ACORN-Q,2012-10-30,7.71727478896242,8.245000000000001,5.57,10.92,1,0,0
ACORN-Q,2012-10-31,7.92291400019634,9.405,6.45,12.36,2,0,0
ACORN-Q,2012-11-01,7.88066774645201,7.83,4.2,11.46,3,0,0
ACORN-Q,2012-11-02,7.92186546349176,7.195,4.61,9.78,4,0,0
ACORN-Q,2012-11-03,8.2519137490444,6.335,3.22,9.45,5,1,0
ACORN-Q,2012-11-04,8.95989780827251,5.8149999999999995,2.96,8.67,6,1,0
ACORN-Q,2012-11-05,8.17940267785888,6.0649999999999995,2.94,9.19,0,0,0
ACORN-Q,2012-11-06,8.06687969115204,5.295,0.92,9.67,1,0,0
ACORN-Q,2012-11-07,8.04364698822559,7.449999999999999,4.97,9.93,2,0,0
ACORN-Q,2012-11-08,7.89519460992992,10.075,7.81,12.34,3,0,0
ACORN-Q,2012-11-09,7.7395601402748,9.7,8.13,11.27,4,0,0
ACORN-Q,2012-11-10,8.38008469831472,7.755000000000001,5.2,10.31,5,1,0
ACORN-Q,2012-11-11,8.62710729735719,5.984999999999999,2.1,9.87,6,1,0
ACORN-Q,2012-11-12,8.08554151528163,8.35,4.52,12.18,0,0,0
ACORN-Q,2012-11-13,7.66531814470261,12.36,10.06,14.66,1,0,0
ACORN-Q,2012-11-14,7.65742665449137,9.975,7.33,12.62,2,0,0
ACORN-Q,2012-11-15,7.80550546865128,7.76,6.45,9.07,3,0,0
ACORN-Q,2012-11-16,7.8658353445795,7.55,5.91,9.19,4,0,0
ACORN-Q,2012-11-17,8.20448224798642,10.309999999999999,8.18,12.44,5,1,0
ACORN-Q,2012-11-18,8.61426601939978,5.745,2.07,9.42,6,1,0
ACORN-Q,2012-11-19,7.99433261717122,7.36,3.49,11.23,0,0,0
ACORN-Q,2012-11-20,7.9242336746254,12.170000000000002,10.88,13.46,1,0,0
ACORN-Q,2012-11-21,8.16185135990437,8.965,6.06,11.87,2,0,0
ACORN-Q,2012-11-22,7.85687554608813,9.825,6.56,13.09,3,0,0
ACORN-Q,2012-11-23,7.73812505009954,7.91,5.12,10.7,4,0,0
ACORN-Q,2012-11-24,8.51122564407006,6.775,3.64,9.91,5,1,0
ACORN-Q,2012-11-25,8.64905193637317,10.0,7.46,12.54,6,1,0
ACORN-Q,2012-11-26,8.00356043750934,8.93,7.17,10.69,0,0,0
ACORN-Q,2012-11-27,7.99374405213511,7.445,6.42,8.47,1,0,0
ACORN-Q,2012-11-28,8.36359941418753,5.17,3.45,6.89,2,0,0
ACORN-Q,2012-11-29,8.35381893027211,3.735,1.63,5.84,3,0,0
ACORN-Q,2012-11-30,8.4333447966123,1.74,-0.89,4.37,4,0,0
ACORN-Q,2012-12-01,9.08566140740291,2.1900000000000004,-1.35,5.73,5,1,0
ACORN-Q,2012-12-02,9.50997730430237,1.605,-1.55,4.76,6,1,0
ACORN-Q,2012-12-03,8.53172150047832,6.58,2.94,10.22,0,0,0
ACORN-Q,2012-12-04,8.49604461033574,4.470000000000001,1.21,7.73,1,0,0
ACORN-Q,2012-12-05,8.71233613509133,1.56,-0.77,3.89,2,0,0
ACORN-Q,2012-12-06,8.93934084376548,1.01,-2.82,4.84,3,0,0
ACORN-Q,2012-12-07,8.68115898507282,4.65,2.97,6.33,4,0,0
ACORN-Q,2012-12-08,8.8045694809873,4.8149999999999995,3.17,6.46,5,1,0
ACORN-Q,2012-12-09,9.47193622606156,6.26,3.86,8.66,6,1,0
ACORN-Q,2012-12-10,8.5543070722384,3.57,1.55,5.59,0,0,0
ACORN-Q,2012-12-11,8.73032592296051,0.10499999999999998,-2.49,2.7,1,0,0
ACORN-Q,2012-12-12,8.93692831692256,-1.0150000000000001,-3.83,1.8,2,0,0
ACORN-Q,2012-12-13,8.97715609920446,0.11499999999999999,-1.35,1.58,3,0,0
ACORN-Q,2012-12-14,8.8912542980643,6.135,1.93,10.34,4,0,0
ACORN-Q,2012-12-15,8.76254846515324,9.04,6.91,11.17,5,1,0
ACORN-Q,2012-12-16,8.98940059728143,7.57,5.32,9.82,6,1,0
ACORN-Q,2012-12-17,8.23869915131989,7.359999999999999,5.62,9.1,0,0,0
ACORN-Q,2012-12-18,8.32601201524835,6.3100000000000005,4.66,7.96,1,0,0
ACORN-Q,2012-12-19,8.41633265918131,5.255,3.07,7.44,2,0,0
ACORN-Q,2012-12-20,8.41630666484848,8.05,6.53,9.57,3,0,0
ACORN-Q,2012-12-21,7.9703120227088,7.994999999999999,6.3,9.69,4,0,0
ACORN-Q,2012-12-22,8.64243578271303,9.555,6.04,13.07,5,1,0
ACORN-Q,2012-12-23,8.54258650637064,11.21,9.34,13.08,6,1,0
ACORN-Q,2012-12-24,8.49862436800725,9.935,7.57,12.3,0,0,0
ACORN-Q,2012-12-25,9.06219285584354,7.800000000000001,6.46,9.14,1,0,1
ACORN-Q,2012-12-26,8.08161919465162,7.505,4.83,10.18,2,0,1
ACORN-Q,2012-12-27,8.32403114380945,7.195,6.42,7.97,3,0,0
ACORN-Q,2012-12-28,8.40678353648767,8.895,5.45,12.34,4,0,0
ACORN-Q,2012-12-29,8.38501674861312,9.625,7.28,11.97,5,1,0
ACORN-Q,2012-12-30,8.67000275215843,8.17,5.44,10.9,6,1,0
ACORN-Q,2012-12-31,8.66585452339947,6.73,4.22,9.24,0,0,0
ACORN-Q,2013-01-01,8.60551503704081,5.4,3.31,7.49,1,0,1
ACORN-Q,2013-01-02,8.50244746322698,7.065,3.31,10.82,2,0,0
ACORN-Q,2013-01-03,8.29498665145631,10.530000000000001,9.65,11.41,3,0,0
ACORN-Q,2013-01-04,8.15979537119062,9.48,8.17,10.79,4,0,1
ACORN-Q,2013-01-05,8.39106587145057,9.25,7.84,10.66,5,1,0
ACORN-Q,2013-01-06,8.80192849689243,7.76,6.91,8.61,6,1,0
ACORN-Q,2013-01-07,8.29630096171871,8.09,7.1,9.08,0,0,0
ACORN-Q,2013-01-08,7.97399115033775,10.125,9.02,11.23,1,0,0
ACORN-Q,2013-01-09,8.10505499497805,5.49,1.77,9.21,2,0,0
ACORN-Q,2013-01-10,8.34600758591144,2.295,1.16,3.43,3,0,0
ACORN-Q,2013-01-11,8.36236572750641,3.295,0.89,5.7,4,0,0
ACORN-Q,2013-01-12,9.23070634633319,3.14,1.75,4.53,5,1,0
ACORN-Q,2013-01-13,9.48162637068342,2.26,1.04,3.48,6,1,0
ACORN-Q,2013-01-14,8.95693405250075,1.265,-0.41,2.94,0,0,0
ACORN-Q,2013-01-15,8.66116843098548,0.7749999999999999,-0.83,2.38,1,0,0
ACORN-Q,2013-01-16,9.06556240578807,-1.19,-2.32,-0.06,2,0,0
ACORN-Q,2013-01-17,8.95174573917275,-0.49,-3.86,2.88,3,0,0
ACORN-Q,2013-01-18,9.37524480346719,-0.29999999999999993,-1.93,1.33,4,0,0
ACORN-Q,2013-01-19,9.96117602809419,0.09999999999999998,-0.65,0.85,5,1,0
ACORN-Q,2013-01-20,10.3503688683947,-0.6849999999999999,-1.45,0.08,6,1,0
ACORN-Q,2013-01-21,9.27012149954406,-0.405,-1.98,1.17,0,0,0
ACORN-Q,2013-01-22,9.2325423031223,-0.45500000000000007,-3.73,2.82,1,0,0
ACORN-Q,2013-01-23,9.25606600818163,2.0999999999999996,1.38,2.82,2,0,0
ACORN-Q,2013-01-24,9.18315692468311,1.06,-0.11,2.23,3,0,0
ACORN-Q,2013-01-25,9.06461657573943,0.895,-1.19,2.98,4,0,0
ACORN-Q,2013-01-26,9.05692225923424,4.965,2.37,7.56,5,1,0
ACORN-Q,2013-01-27,9.20591036834928,7.49,4.72,10.26,6,1,0
ACORN-Q,2013-01-28,8.70861789187221,6.779999999999999,3.02,10.54,0,0,0
ACORN-Q,2013-01-29,8.19639420718258,11.425,9.76,13.09,1,0,0
ACORN-Q,2013-01-30,8.05581141487237,10.035,7.51,12.56,2,0,0
ACORN-Q,2013-01-31,8.02178268454029,8.53,7.12,9.94,3,0,0
ACORN-Q,2013-02-01,8.0934605514256,6.095,4.16,8.03,4,0,0
ACORN-Q,2013-02-02,8.71138874980844,3.5199999999999996,1.48,5.56,5,1,0
ACORN-Q,2013-02-03,9.28709357776035,4.614999999999999,0.11,9.12,6,1,0
ACORN-Q,2013-02-04,8.2012249419858,8.34,6.48,10.2,0,0,0
ACORN-Q,2013-02-05,8.29535828028147,4.300000000000001,2.16,6.44,1,0,0
ACORN-Q,2013-02-06,8.51175340128724,4.51,2.86,6.16,2,0,0
ACORN-Q,2013-02-07,8.49430445504262,3.3850000000000002,1.24,5.53,3,0,0
ACORN-Q,2013-02-08,8.39591920915273,3.2,0.81,5.59,4,0,0
ACORN-Q,2013-02-09,8.97450524066873,2.63,1.58,3.68,5,1,0
ACORN-Q,2013-02-10,9.49654491265478,2.8950000000000005,1.06,4.73,6,1,0
ACORN-Q,2013-02-11,8.90333102497369,1.2149999999999999,0.55,1.88,0,0,0
ACORN-Q,2013-02-12,8.86070593021881,1.69,1.14,2.24,1,0,0
ACORN-Q,2013-02-13,8.76382647195072,1.845,0.6,3.09,2,0,0
ACORN-Q,2013-02-14,8.45976071869089,7.33,4.07,10.59,3,0,0
ACORN-Q,2013-02-15,8.21238236081173,6.015,2.27,9.76,4,0,0
ACORN-Q,2013-02-16,8.28051723574996,6.915000000000001,3.7,10.13,5,1,0
ACORN-Q,2013-02-17,8.70055659187992,5.825,2.16,9.49,6,1,0
ACORN-Q,2013-02-18,8.29721634356603,4.405,1.16,7.65,0,0,0
ACORN-Q,2013-02-19,8.12682852505333,4.345,-1.43,10.12,1,0,0
ACORN-Q,2013-02-20,8.47323253603691,3.355,1.83,4.88,2,0,0
ACORN-Q,2013-02-21,8.73830916683738,1.5699999999999998,0.86,2.28,3,0,0
ACORN-Q,2013-02-22,8.84618650171779,0.78,0.2,1.36,4,0,0
ACORN-Q,2013-02-23,9.1781680992638,0.965,0.19,1.74,5,1,0
ACORN-Q,2013-02-24,9.69532024417178,1.6,0.85,2.35,6,1,0
ACORN-Q,2013-02-25,9.03530497199387,3.065,1.74,4.39,0,0,0
ACORN-Q,2013-02-26,8.91728927593957,3.955,2.98,4.93,1,0,0
ACORN-Q,2013-02-27,8.44811577319946,4.220000000000001,2.33,6.11,2,0,0
ACORN-Q,2013-02-28,8.30694868831262,4.835,2.41,7.26,3,0,0
ACORN-Q,2013-03-01,8.438528900123,4.6,2.58,6.62,4,0,0
ACORN-Q,2013-03-02,8.86755264835242,2.66,0.63,4.69,5,1,0
ACORN-Q,2013-03-03,8.93815473974204,3.345,-1.14,7.83,6,1,0
ACORN-Q,2013-03-04,8.04656829728338,5.565,2.14,8.99,0,0,0
ACORN-Q,2013-03-05,7.62761785349781,8.965,1.87,16.06,1,0,0
ACORN-Q,2013-03-06,7.74103127878524,10.395,7.65,13.14,2,0,0
ACORN-Q,2013-03-07,7.7896557929587,8.530000000000001,7.43,9.63,3,0,0
ACORN-Q,2013-03-08,7.89008246621363,8.815,8.02,9.61,4,0,0
ACORN-Q,2013-03-09,8.34461296990722,5.945,3.88,8.01,5,1,0
ACORN-Q,2013-03-10,9.11992978752468,2.34,1.23,3.45,6,1,0
ACORN-Q,2013-03-11,8.91422732305579,-0.17500000000000004,-1.57,1.22,0,0,0
ACORN-Q,2013-03-12,8.88496735270847,0.985,-1.89,3.86,1,0,0
ACORN-Q,2013-03-13,8.53907354057654,3.78,1.14,6.42,2,0,0
ACORN-Q,2013-03-14,8.3781282294636,2.8249999999999997,-0.91,6.56,3,0,0
ACORN-Q,2013-03-15,8.14592557607286,5.63,2.99,8.27,4,0,0
ACORN-Q,2013-03-16,8.69347160876543,6.65,5.79,7.51,5,1,0
ACORN-Q,2013-03-17,9.06227922360558,4.83,2.36,7.3,6,1,0
ACORN-Q,2013-03-18,8.3871618530985,3.565,-0.22,7.35,0,0,0
ACORN-Q,2013-03-19,8.09692857564269,5.265,2.81,7.72,1,0,0
ACORN-Q,2013-03-20,8.22378986353523,4.12,2.37,5.87,2,0,0
ACORN-Q,2013-03-21,8.07886031953028,3.7249999999999996,1.18,6.27,3,0,0
ACORN-Q,2013-03-22,8.56669582206129,3.8,2.59,5.01,4,0,0
ACORN-Q,2013-03-23,9.30575734293205,1.99,0.92,3.06,5,1,0
ACORN-Q,2013-03-24,9.78815056504181,0.605,-0.32,1.53,6,1,0
ACORN-Q,2013-03-25,9.00991406471429,1.26,0.71,1.81,0,0,0
ACORN-Q,2013-03-26,8.85139033197026,1.26,0.77,1.75,1,0,0
ACORN-Q,2013-03-27,8.56479912804448,1.765,-0.29,3.82,2,0,0
ACORN-Q,2013-03-28,8.49221299582955,1.595,-0.89,4.08,3,0,0
ACORN-Q,2013-03-29,8.76121366521739,2.3949999999999996,-0.52,5.31,4,0,1
ACORN-Q,2013-03-30,8.54019201410417,2.9050000000000002,0.94,4.87,5,1,0
ACORN-Q,2013-03-31,8.58876442088023,3.49,1.1,5.88,6,1,0
ACORN-Q,2013-04-01,8.61119927354479,3.875,0.04,7.71,0,0,0
ACORN-Q,2013-04-02,8.01641097717391,2.285,0.48,4.09,1,0,0
ACORN-Q,2013-04-03,8.37827949236805,1.945,0.98,2.91,2,0,0
ACORN-Q,2013-04-04,8.58254250958432,4.609999999999999,1.88,7.34,3,0,0
ACORN-Q,2013-04-05,8.42370616997891,5.255,0.64,9.87,4,0,0
ACORN-Q,2013-04-06,8.36630602433994,4.58,-1.21,10.37,5,1,0
ACORN-Q,2013-04-07,8.43337763763975,6.73,3.47,9.99,6,1,0
ACORN-Q,2013-04-08,7.8356728858209,6.130000000000001,3.45,8.81,0,0,0
ACORN-Q,2013-04-09,7.89356585564447,6.785,2.98,10.59,1,0,0
ACORN-Q,2013-04-10,7.68156732272371,8.615,5.93,11.3,2,0,0
ACORN-Q,2013-04-11,7.90464801123406,9.3,7.09,11.51,3,0,0
ACORN-Q,2013-04-12,7.58135118393524,8.17,4.92,11.42,4,0,0
ACORN-Q,2013-04-13,7.72202241152303,15.684999999999999,11.49,19.88,5,1,0
ACORN-Q,2013-04-14,7.78285100188616,12.754999999999999,10.08,15.43,6,1,0
ACORN-Q,2013-04-15,7.18060055333456,13.09,9.63,16.55,0,0,0
ACORN-Q,2013-04-16,7.09461406995542,13.805,9.66,17.95,1,0,0
ACORN-Q,2013-04-17,7.03363442058708,11.295,8.48,14.11,2,0,0
ACORN-Q,2013-04-18,7.06665204692772,9.059999999999999,6.17,11.95,3,0,0
ACORN-Q,2013-04-19,7.17663037047229,8.01,2.88,13.14,4,0,0
ACORN-Q,2013-04-20,7.4123525376439,7.789999999999999,1.46,14.12,5,1,0
ACORN-Q,2013-04-21,7.75217056663458,10.615,6.91,14.32,6,1,0
ACORN-Q,2013-04-22,7.01664495024907,15.135,10.02,20.25,0,0,0
ACORN-Q,2013-04-23,6.75977091437205,14.4,9.45,19.35,1,0,0
ACORN-Q,2013-04-24,6.75107812948417,16.73,11.38,22.08,2,0,0
ACORN-Q,2013-04-25,6.60817494126784,10.165,7.05,13.28,3,0,0
ACORN-Q,2013-04-26,6.78277090878642,7.1899999999999995,4.02,10.36,4,0,0
ACORN-Q,2013-04-27,7.30532805993879,6.6,1.61,11.59,5,1,0
ACORN-Q,2013-04-28,7.82545353589193,10.695,7.98,13.41,6,1,0
ACORN-Q,2013-04-29,6.99660743739076,9.825000000000001,5.94,13.71,0,0,0
ACORN-Q,2013-04-30,6.77636838032096,10.370000000000001,4.42,16.32,1,0,0
ACORN-Q,2013-05-01,6.76870937590723,11.195,5.43,16.96,2,0,0
ACORN-Q,2013-05-02,6.67826860127446,12.095,4.48,19.71,3,0,0
ACORN-Q,2013-05-03,6.69231890395435,12.18,8.05,16.31,4,0,0
ACORN-Q,2013-05-04,7.04511169254794,12.33,6.87,17.79,5,1,0
ACORN-Q,2013-05-05,6.98286103547606,15.735,10.48,20.99,6,1,0
ACORN-Q,2013-05-06,6.83170068615941,14.225000000000001,8.63,19.82,0,0,0
ACORN-Q,2013-05-07,6.52228351462109,14.07,11.33,16.81,1,0,0
ACORN-Q,2013-05-08,6.72708670095117,10.78,7.28,14.28,2,0,0
ACORN-Q,2013-05-09,6.66097598064684,13.685,10.2,17.17,3,0,0
ACORN-Q,2013-05-10,6.55679909775098,10.12,7.06,13.18,4,0,0
ACORN-Q,2013-05-11,7.09294769176156,10.425,6.04,14.81,5,1,0
ACORN-Q,2013-05-12,7.60035271738757,10.755,7.45,14.06,6,1,0
ACORN-Q,2013-05-13,6.76773614791772,9.15,7.36,10.94,0,0,0
ACORN-Q,2013-05-14,7.08200379191935,10.32,7.0,13.64,1,0,0
ACORN-Q,2013-05-15,6.87240974040138,9.65,4.17,15.13,2,0,0
ACORN-Q,2013-05-16,6.70959167315237,9.25,7.2,11.3,3,0,0
ACORN-Q,2013-05-17,6.77686435834846,11.84,9.12,14.56,4,0,0
ACORN-Q,2013-05-18,7.17777345281925,13.38,8.91,17.85,5,1,0
ACORN-Q,2013-05-19,7.30308963848789,14.125,11.38,16.87,6,1,0
ACORN-Q,2013-05-20,6.84674842319408,14.114999999999998,12.01,16.22,0,0,0
ACORN-Q,2013-05-21,6.80764578639592,11.8,9.58,14.02,1,0,0
ACORN-Q,2013-05-22,6.77734269717745,8.265,6.27,10.26,2,0,0
ACORN-Q,2013-05-23,6.7567442721025,6.82,5.43,8.21,3,0,0
ACORN-Q,2013-05-24,6.94799742959462,10.254999999999999,5.64,14.87,4,0,0
ACORN-Q,2013-05-25,6.95989742672278,12.530000000000001,6.24,18.82,5,1,0
ACORN-Q,2013-05-26,6.86444088751145,11.8,6.32,17.28,6,1,0
ACORN-Q,2013-05-27,6.8624818226037,10.955,9.78,12.13,0,0,1
ACORN-Q,2013-05-28,6.98888728970399,10.585,8.38,12.79,1,0,0
ACORN-Q,2013-05-29,7.11583239371706,12.739999999999998,10.79,14.69,2,0,0
ACORN-Q,2013-05-30,6.96385426890771,16.475,11.27,21.68,3,0,0
ACORN-Q,2013-05-31,6.65839655857725,14.055,10.77,17.34,4,0,0
ACORN-Q,2013-06-01,6.74818668969958,14.274999999999999,9.72,18.83,5,1,0
ACORN-Q,2013-06-02,6.95446085959596,12.95,7.24,18.66,6,1,0
ACORN-Q,2013-06-03,6.41368443139154,13.855,7.64,20.07,0,0,0
ACORN-Q,2013-06-04,6.26007367927521,14.3,8.96,19.64,1,0,0
ACORN-Q,2013-06-05,6.34879964704016,14.805,8.73,20.88,2,0,1
ACORN-Q,2013-06-06,6.39675392087025,14.83,10.02,19.64,3,0,0
ACORN-Q,2013-06-07,6.30977651527778,13.11,9.16,17.06,4,0,0
ACORN-Q,2013-06-08,6.70032646121176,12.23,10.29,14.17,5,1,0
ACORN-Q,2013-06-09,7.18175945396038,12.585,10.61,14.56,6,1,0
ACORN-Q,2013-06-10,6.64750497369996,12.56,8.16,16.96,0,0,0
ACORN-Q,2013-06-11,6.52122217811496,15.56,14.16,16.96,1,0,0
ACORN-Q,2013-06-12,6.71484018162948,15.275,12.96,17.59,2,0,0
ACORN-Q,2013-06-13,6.66082422958301,13.969999999999999,9.13,18.81,3,0,0
ACORN-Q,2013-06-14,6.47497958700717,13.64,11.01,16.27,4,0,0
ACORN-Q,2013-06-15,6.99899746489227,14.4,11.46,17.34,5,1,0
ACORN-Q,2013-06-16,7.09867605744926,16.634999999999998,12.87,20.4,6,1,0
ACORN-Q,2013-06-17,6.54666232351206,16.83,13.33,20.33,0,0,0
ACORN-Q,2013-06-18,6.56247444856516,20.685,15.81,25.56,1,0,0
ACORN-Q,2013-06-19,6.38549168969856,18.205,16.22,20.19,2,0,0
ACORN-Q,2013-06-20,6.50744810240506,17.244999999999997,14.11,20.38,3,0,0
ACORN-Q,2013-06-21,6.47407868790633,14.774999999999999,12.01,17.54,4,0,0
ACORN-Q,2013-06-22,6.80885463972689,14.565000000000001,12.62,16.51,5,1,0
ACORN-Q,2013-06-23,7.16196344867296,13.36,10.62,16.1,6,1,0
ACORN-Q,2013-06-24,6.49282762469515,15.010000000000002,11.26,18.76,0,0,0
ACORN-Q,2013-06-25,6.37194607781149,15.375,10.14,20.61,1,0,0
ACORN-Q,2013-06-26,6.34736540106886,15.715,12.2,19.23,2,0,0
ACORN-Q,2013-06-27,6.29437052244797,16.36,12.56,20.16,3,0,0
ACORN-Q,2013-06-28,6.44819233474296,17.305,13.42,21.19,4,0,0
ACORN-Q,2013-06-29,6.55768729515949,20.045,14.92,25.17,5,1,0
ACORN-Q,2013-06-30,6.85968027748877,16.835,13.89,19.78,6,1,0
ACORN-Q,2013-07-01,6.4671302460226,14.67,11.84,17.5,0,0,0
ACORN-Q,2013-07-02,6.60065031374022,17.0,14.31,19.69,1,0,0
ACORN-Q,2013-07-03,6.52424378444956,17.685000000000002,12.48,22.89,2,0,0
ACORN-Q,2013-07-04,6.39734020361812,18.625,12.63,24.62,3,0,0
ACORN-Q,2013-07-05,6.46584602027676,19.975,13.48,26.47,4,0,0
ACORN-Q,2013-07-06,6.65365083202906,21.135,14.99,27.28,5,1,0
ACORN-Q,2013-07-07,6.94751670188817,20.085,14.99,25.18,6,1,0
ACORN-Q,2013-07-08,6.41871413766195,18.81,12.01,25.61,0,0,0
ACORN-Q,2013-07-09,6.42652009952481,18.275,13.36,23.19,1,0,0
ACORN-Q,2013-07-10,6.51040774982799,16.84,11.99,21.69,2,0,0
ACORN-Q,2013-07-11,6.31707325290304,17.965,12.01,23.92,3,0,0
ACORN-Q,2013-07-12,6.27439390279543,22.085,15.01,29.16,4,0,0
ACORN-Q,2013-07-13,6.48274567367722,22.555,17.28,27.83,5,1,0
ACORN-Q,2013-07-14,6.9414439068858,23.630000000000003,17.96,29.3,6,1,0
ACORN-Q,2013-07-15,6.53423535924737,23.115000000000002,17.03,29.2,0,0,0
ACORN-Q,2013-07-16,6.672298129796,23.71,17.14,30.28,1,0,0
ACORN-Q,2013-07-17,6.6621591440176,22.53,17.5,27.56,2,0,0
ACORN-Q,2013-07-18,6.60007078141829,21.445,15.62,27.27,3,0,0
ACORN-Q,2013-07-19,6.40228997845675,19.415,16.34,22.49,4,0,0
ACORN-Q,2013-07-20,6.57977596312645,21.435000000000002,16.84,26.03,5,1,0
ACORN-Q,2013-07-21,6.93174544791918,24.685,17.21,32.16,6,1,0
ACORN-Q,2013-07-22,6.62193334935916,23.21,19.29,27.13,0,0,0
ACORN-Q,2013-07-23,6.73718967118485,20.915,15.59,26.24,1,0,0
ACORN-Q,2013-07-24,6.57138539889038,20.88,16.63,25.13,2,0,0
ACORN-Q,2013-07-25,6.50733509375253,20.725,15.26,26.19,3,0,0
ACORN-Q,2013-07-26,6.30315677028484,21.05,14.82,27.28,4,0,0
ACORN-Q,2013-07-27,6.71332519246161,19.240000000000002,15.34,23.14,5,1,0
ACORN-Q,2013-07-28,6.77676636246694,19.42,16.48,22.36,6,1,0
ACORN-Q,2013-07-29,6.44724680332481,18.275,15.64,20.91,0,0,0
ACORN-Q,2013-07-30,6.540240339313,20.025,16.49,23.56,1,0,0
ACORN-Q,2013-07-31,6.46325344297948,24.689999999999998,16.98,32.4,2,0,0
ACORN-Q,2013-08-01,6.50790455519355,21.025,17.41,24.64,3,0,0
ACORN-Q,2013-08-02,6.5037280664182,19.265,15.36,23.17,4,0,0
ACORN-Q,2013-08-03,6.4466797801195,18.884999999999998,14.79,22.98,5,1,0
ACORN-Q,2013-08-04,6.72136666692308,19.475,16.23,22.72,6,1,0
ACORN-Q,2013-08-05,6.52936865861256,17.17,12.23,22.11,0,0,0
ACORN-Q,2013-08-06,6.35868379265268,18.23,14.97,21.49,1,0,0
ACORN-Q,2013-08-07,6.33497371487428,17.82,11.83,23.81,2,0,0
ACORN-Q,2013-08-08,6.25790445668275,19.765,15.68,23.85,3,0,0
ACORN-Q,2013-08-09,6.20238647030955,17.915,14.1,21.73,4,0,0
ACORN-Q,2013-08-10,6.28567619262384,19.09,15.42,22.76,5,1,0
ACORN-Q,2013-08-11,6.49996480876431,16.98,13.57,20.39,6,1,0
ACORN-Q,2013-08-12,6.23541528206461,15.63,11.46,19.8,0,0,0
ACORN-Q,2013-08-13,6.21751321550937,16.54,11.04,22.04,1,0,0
ACORN-Q,2013-08-14,6.1944670692847,20.05,16.64,23.46,2,0,0
ACORN-Q,2013-08-15,6.20679431682157,19.32,16.98,21.66,3,0,0
ACORN-Q,2013-08-16,6.25169849925377,17.169999999999998,14.12,20.22,4,0,0
ACORN-Q,2013-08-17,6.38868569318574,19.17,15.92,22.42,5,1,0
ACORN-Q,2013-08-18,6.49897322308233,17.35,12.68,22.02,6,1,0
ACORN-Q,2013-08-19,6.18475167940266,17.845,12.16,23.53,0,0,0
ACORN-Q,2013-08-20,6.19140783497663,19.145,12.72,25.57,1,0,0
ACORN-Q,2013-08-21,6.11837342269398,18.835,16.54,21.13,2,0,0
ACORN-Q,2013-08-22,6.33254573799292,21.185000000000002,16.34,26.03,3,0,0
ACORN-Q,2013-08-23,6.2650088024745,17.225,14.94,19.51,4,0,0
ACORN-Q,2013-08-24,6.67518184473261,17.96,13.18,22.74,5,1,0
ACORN-Q,2013-08-25,6.50017396868557,20.345,16.37,24.32,6,1,0
ACORN-Q,2013-08-26,6.41407972136306,17.8,12.82,22.78,0,0,1
ACORN-Q,2013-08-27,6.25453652315291,17.915,12.45,23.38,1,0,0
ACORN-Q,2013-08-28,6.24276349627249,18.675,14.16,23.19,2,0,0
ACORN-Q,2013-08-29,6.23521023960194,19.685000000000002,15.34,24.03,3,0,0
ACORN-Q,2013-08-30,6.3586924961256,17.045,14.22,19.87,4,0,0
ACORN-Q,2013-08-31,6.40548287285825,15.620000000000001,10.17,21.07,5,1,0
ACORN-Q,2013-09-01,6.73649693764799,18.41,11.88,24.94,6,1,0
ACORN-Q,2013-09-02,6.35915035886592,18.98,14.04,23.92,0,0,0
ACORN-Q,2013-09-03,6.37240499573277,20.564999999999998,14.09,27.04,1,0,0
ACORN-Q,2013-09-04,6.39314569937414,21.975,15.46,28.49,2,0,0
ACORN-Q,2013-09-05,6.44071595520907,15.79,13.26,18.32,3,0,0
ACORN-Q,2013-09-06,6.46103901614114,14.545,11.39,17.7,4,0,0
ACORN-Q,2013-09-07,6.6758466943989,12.995000000000001,9.13,16.86,5,1,0
ACORN-Q,2013-09-08,6.93982647879177,9.915,9.2,10.63,6,1,0
ACORN-Q,2013-09-09,6.68769053597585,13.015,9.38,16.65,0,0,0
ACORN-Q,2013-09-10,6.63241687143536,14.48,12.47,16.49,1,0,0
ACORN-Q,2013-09-11,6.83567046934011,15.3,12.58,18.02,2,0,0
ACORN-Q,2013-09-12,6.55356078480904,16.435,14.78,18.09,3,0,0
ACORN-Q,2013-09-13,6.65351109653725,11.575,9.3,13.85,4,0,0
ACORN-Q,2013-09-14,7.14403683121741,11.04,6.72,15.36,5,1,0
ACORN-Q,2013-09-15,7.4951548487747,11.16,8.24,14.08,6,1,0
ACORN-Q,2013-09-16,6.74602805238618,10.945,8.19,13.7,0,0,0
ACORN-Q,2013-09-17,6.8803950739435,12.975,10.77,15.18,1,0,0
ACORN-Q,2013-09-18,6.79683871096774,12.085,8.33,15.84,2,0,0
ACORN-Q,2013-09-19,6.87982005103376,14.125,9.84,18.41,3,0,0
ACORN-Q,2013-09-20,6.71938590686093,14.254999999999999,10.33,18.18,4,0,0
ACORN-Q,2013-09-21,7.13819232308243,16.545,14.25,18.84,5,1,0
ACORN-Q,2013-09-22,7.40378432780572,16.335,13.03,19.64,6,1,0
ACORN-Q,2013-09-23,6.82299586897868,16.5,11.53,21.47,0,0,0
ACORN-Q,2013-09-24,6.65545788868173,17.27,13.67,20.87,1,0,0
ACORN-Q,2013-09-25,6.71162107456519,16.0,13.12,18.88,2,0,0
ACORN-Q,2013-09-26,6.6964211881137,13.785,10.58,16.99,3,0,0
ACORN-Q,2013-09-27,6.64002684356284,15.395,12.43,18.36,4,0,0
ACORN-Q,2013-09-28,7.08351982320326,15.399999999999999,13.44,17.36,5,1,0
ACORN-Q,2013-09-29,7.37123809337284,16.009999999999998,13.21,18.81,6,1,0
ACORN-Q,2013-09-30,6.85075210521391,14.52,11.76,17.28,0,0,0
ACORN-Q,2013-10-01,6.8603315487844,16.32,13.62,19.02,1,0,0
ACORN-Q,2013-10-02,6.86713934143078,16.24,14.03,18.45,2,0,0
ACORN-Q,2013-10-03,6.83971418284971,18.025,15.23,20.82,3,0,0
ACORN-Q,2013-10-04,6.81115396752246,15.805,13.67,17.94,4,0,0
ACORN-Q,2013-10-05,7.13730103229974,13.975000000000001,8.76,19.19,5,1,0
ACORN-Q,2013-10-06,7.39950361247951,14.469999999999999,10.37,18.57,6,1,0
ACORN-Q,2013-10-07,6.88124925169745,16.490000000000002,13.36,19.62,0,0,0
ACORN-Q,2013-10-08,6.78632452683477,12.76,9.04,16.48,1,0,0
ACORN-Q,2013-10-09,6.96220668852118,9.71,7.6,11.82,2,0,0
ACORN-Q,2013-10-10,6.97508842719225,10.91,8.66,13.16,3,0,0
ACORN-Q,2013-10-11,7.35992946395858,11.315000000000001,8.46,14.17,4,0,0
ACORN-Q,2013-10-12,7.42502872118753,10.17,8.87,11.47,5,1,0
ACORN-Q,2013-10-13,8.18485440125581,9.98,8.62,11.34,6,1,0
ACORN-Q,2013-10-14,7.42624547945599,10.665,8.75,12.58,0,0,0
ACORN-Q,2013-10-15,7.16766936412814,10.815,6.76,14.87,1,0,0
ACORN-Q,2013-10-16,7.31630163671287,14.555,11.82,17.29,2,0,0
ACORN-Q,2013-10-17,7.1169097221305,13.83,10.5,17.16,3,0,0
ACORN-Q,2013-10-18,6.98734008167073,15.365,13.21,17.52,4,0,0
ACORN-Q,2013-10-19,7.36525114393079,14.6,12.16,17.04,5,1,0
ACORN-Q,2013-10-20,7.89499871289432,15.395,13.26,17.53,6,1,0
ACORN-Q,2013-10-21,7.20824606682135,15.91,13.79,18.03,0,0,0
ACORN-Q,2013-10-22,7.14621632885647,13.260000000000002,9.99,16.53,1,0,0
ACORN-Q,2013-10-23,6.9918073339969,11.870000000000001,6.83,16.91,2,0,0
ACORN-Q,2013-10-24,6.95267945980799,15.815,13.16,18.47,3,0,0
ACORN-Q,2013-10-25,6.90866445725501,15.5,14.34,16.66,4,0,0
ACORN-Q,2013-10-26,7.48725786075994,13.765,11.66,15.87,5,1,0
ACORN-Q,2013-10-27,7.77568744191083,,,,6,1,0
ACORN-Q,2013-10-28,7.54477018763342,12.53,9.0,16.06,0,0,0
ACORN-Q,2013-10-29,7.55712163573713,9.620000000000001,6.86,12.38,1,0,0
ACORN-Q,2013-10-30,7.35527992566354,9.02,4.47,13.57,2,0,0
ACORN-Q,2013-10-31,7.45279783830395,12.36,11.61,13.11,3,0,0
ACORN-Q,2013-11-01,7.37601677607085,12.725000000000001,11.48,13.97,4,0,0
ACORN-Q,2013-11-02,7.4669561639293,12.675,10.27,15.08,5,1,0
ACORN-Q,2013-11-03,8.14306166797976,9.495,7.56,11.43,6,1,0
ACORN-Q,2013-11-04,7.48668645583001,7.380000000000001,4.78,9.98,0,0,0
ACORN-Q,2013-11-05,7.81862642697471,8.4,4.41,12.39,1,0,0
ACORN-Q,2013-11-06,7.65736645033186,12.09,9.31,14.87,2,0,0
ACORN-Q,2013-11-07,7.44621667155032,11.035,7.37,14.7,3,0,0
ACORN-Q,2013-11-08,7.63996807912878,8.145,5.29,11.0,4,0,0
ACORN-Q,2013-11-09,8.25819091476194,5.17,3.28,7.06,5,1,0
ACORN-Q,2013-11-10,8.53565550692837,5.9,2.58,9.22,6,1,0
ACORN-Q,2013-11-11,7.97618579459271,7.58,2.53,12.63,0,0,0
ACORN-Q,2013-11-12,7.47284073155086,9.594999999999999,6.08,13.11,1,0,0
ACORN-Q,2013-11-13,7.66116865180341,6.0249999999999995,2.11,9.94,2,0,0
ACORN-Q,2013-11-14,7.75394941108571,7.3999999999999995,5.18,9.62,3,0,0
ACORN-Q,2013-11-15,7.74030317876712,6.29,3.33,9.25,4,0,0
ACORN-Q,2013-11-16,8.26723197791639,5.26,1.38,9.14,5,1,0
ACORN-Q,2013-11-17,8.68777429219539,8.925,8.28,9.57,6,1,0
ACORN-Q,2013-11-18,8.00164578933243,8.335,7.37,9.3,0,0,0
ACORN-Q,2013-11-19,7.91713903091635,3.69,0.6,6.78,1,0,0
ACORN-Q,2013-11-20,8.1946239141697,2.5549999999999997,-1.27,6.38,2,0,0
ACORN-Q,2013-11-21,8.0338585925568,5.515000000000001,3.12,7.91,3,0,0
ACORN-Q,2013-11-22,8.01011823895886,5.705,3.52,7.89,4,0,0
ACORN-Q,2013-11-23,8.56546664278367,5.41,3.41,7.41,5,1,0
ACORN-Q,2013-11-24,8.90047634450433,6.539999999999999,5.06,8.02,6,1,0
ACORN-Q,2013-11-25,8.00544467388031,5.915,4.54,7.29,0,0,0
ACORN-Q,2013-11-26,8.09422523156855,5.08,2.93,7.23,1,0,0
ACORN-Q,2013-11-27,8.07012276610405,8.05,5.78,10.32,2,0,0
ACORN-Q,2013-11-28,7.80235607402149,8.99,8.08,9.9,3,0,0
ACORN-Q,2013-11-29,7.86366750626582,8.37,6.56,10.18,4,0,0
ACORN-Q,2013-11-30,8.38986164044972,5.955,3.53,8.38,5,1,0
ACORN-Q,2013-12-01,8.78203502788085,5.925,2.43,9.42,6,1,0
ACORN-Q,2013-12-02,8.01443945030446,8.004999999999999,6.59,9.42,0,0,0
ACORN-Q,2013-12-03,8.00506964362681,5.4399999999999995,3.66,7.22,1,0,0
ACORN-Q,2013-12-04,8.10213352130213,5.63,2.35,8.91,2,0,0
ACORN-Q,2013-12-05,8.3732146677599,5.685,1.08,10.29,3,0,0
ACORN-Q,2013-12-06,8.08016228756757,5.29,2.73,7.85,4,0,0
ACORN-Q,2013-12-07,8.62770269099203,7.635,6.55,8.72,5,1,0
ACORN-Q,2013-12-08,8.85954060218414,8.165,5.09,11.24,6,1,0
ACORN-Q,2013-12-09,8.00955536221793,8.035,5.06,11.01,0,0,0
ACORN-Q,2013-12-10,8.0243826159218,5.545,2.06,9.03,1,0,0
ACORN-Q,2013-12-11,8.33293547756104,4.23,2.06,6.4,2,0,0
ACORN-Q,2013-12-12,8.2294789192273,5.25,1.52,8.98,3,0,0
ACORN-Q,2013-12-13,8.03707076751701,9.940000000000001,8.15,11.73,4,0,0
ACORN-Q,2013-12-14,8.65153719090424,7.5600000000000005,3.79,11.33,5,1,0
ACORN-Q,2013-12-15,8.95887372247097,10.325,8.11,12.54,6,1,0
ACORN-Q,2013-12-16,8.0803289221697,10.42,7.95,12.89,0,0,0
ACORN-Q,2013-12-17,8.0984805354889,6.005000000000001,4.61,7.4,1,0,0
ACORN-Q,2013-12-18,8.07127329792967,7.6499999999999995,5.01,10.29,2,0,0
ACORN-Q,2013-12-19,8.18761500094247,6.6899999999999995,3.68,9.7,3,0,0
ACORN-Q,2013-12-20,8.110428760633,6.525,2.63,10.42,4,0,0
ACORN-Q,2013-12-21,8.65389819980999,10.68,9.41,11.95,5,1,0
ACORN-Q,2013-12-22,8.65372319252963,7.4399999999999995,4.81,10.07,6,1,0
ACORN-Q,2013-12-23,8.57378864040195,8.545,5.14,11.95,0,0,0
ACORN-Q,2013-12-24,8.72992323478978,8.68,5.43,11.93,1,0,0
ACORN-Q,2013-12-25,9.21931375097467,5.465,3.74,7.19,2,0,1
ACORN-Q,2013-12-26,8.54006048636599,5.255,2.87,7.64,3,0,1
ACORN-Q,2013-12-27,8.33465156011357,9.23,7.47,10.99,4,0,0
ACORN-Q,2013-12-28,8.27584367528999,5.335,2.86,7.81,5,1,0
ACORN-Q,2013-12-29,8.80388564956239,4.14,0.72,7.56,6,1,0
ACORN-Q,2013-12-30,8.6515243740448,8.31,6.4,10.22,0,0,0
ACORN-Q,2013-12-31,8.7493628154085,8.065,5.77,10.36,1,0,0
ACORN-Q,2014-01-01,8.98216493465765,8.965,6.59,11.34,2,0,1
ACORN-Q,2014-01-02,8.22935570023107,8.645,6.54,10.75,3,0,0
ACORN-Q,2014-01-03,8.37642918583451,8.75,7.01,10.49,4,0,0
ACORN-Q,2014-01-04,8.72753513652695,6.82,4.06,9.58,5,1,0
ACORN-Q,2014-01-05,9.05344321046918,6.840000000000001,1.72,11.96,6,1,0
ACORN-Q,2014-01-06,8.21350433977907,10.955,9.34,12.57,0,0,0
ACORN-Q,2014-01-07,8.1750557131019,10.18,8.98,11.38,1,0,0
ACORN-Q,2014-01-08,7.93351789802677,9.495,7.37,11.62,2,0,0
ACORN-Q,2014-01-09,7.90286750518791,8.435,4.86,12.01,3,0,0
ACORN-Q,2014-01-10,8.0537445439679,6.41,2.68,10.14,4,0,0
ACORN-Q,2014-01-11,8.48225939500233,4.805,1.02,8.59,5,1,0
ACORN-Q,2014-01-12,9.02367353492982,4.6450000000000005,0.38,8.91,6,1,0
